mode,index,elapsed_min,gpu_util
async,0,0.0,38.83332828481709
async,0,0.5063532081847542,78.4333242460041
async,0,0.6241682765962799,77.23333232363008
async,0,0.7594354675328286,75.0833308090752
async,0,0.7762023492834433,75.11667121033129
async,0,0.7929526793245314,76.0
async,0,0.860083102823192,74.76666767636992
async,0,0.9608863241831069,70.50000504851624
async,0,0.9951020181168392,71.09999091267076
async,0,1.0118523481579271,71.98331970233949
async,0,1.0286026781990152,70.78332777996548
async,0,1.078900013108954,71.44999444663213
async,0,1.2667023300834603,68.01666010359556
async,0,1.2977334751042426,67.89999899029675
async,0,1.4191832989278466,68.74998737870939
async,0,1.4495523755675581,68.7166671715183
async,0,1.509969425682162,67.6833368672947
async,0,1.5484024952033146,68.23332222659761
async,0,1.5914336296310028,68.58332576055898
async,0,1.9371690485680122,75.23333232363008
async,0,1.954366274766323,74.83332828481709
async,0,2.0214503534783086,73.69999697089025
async,0,2.071734447020626,73.89999899029675
async,0,2.13908335308504,76.30000302910975
async,0,2.1729183576996567,74.81666818122154
async,0,2.256967938676578,73.0833308090752
async,0,2.2064190177818324,75.16667171518291
async,0,2.2904685987587543,73.26667272488615
async,0,2.4085518048646137,76.93332929452033
async,0,2.4253021349057016,76.93332929452033
async,0,2.576386139466029,78.76666767636992
async,0,2.744402542872238,75.44999444663213
async,0,2.795216291119412,75.599995961187
async,0,2.811983172870027,75.599995961187
async,0,2.8458181774846434,75.81665808418906
async,0,2.8627671280400526,75.44999444663213
async,0,2.8965028223975087,74.56666565696342
async,0,2.9639344870095563,74.89998889326426
async,0,3.0142351322614003,74.76666767636992
async,0,3.1315834424642714,75.29999293207726
async,0,3.1650841025464476,75.69999697089025
async,0,3.299169501422785,77.04999040781914
async,0,3.316002590011507,76.9166691909248
async,0,3.4000521709884284,75.34999343692888
async,0,3.5006004960216313,73.76665757933743
async,0,3.517350826062719,74.16666161815043
async,0,3.5341342595228604,74.30000302910975
async,0,3.55113286520685,73.78333787699795
async,0,3.669285588492722,72.6333262654106
async,0,3.618968391531351,73.96665959874393
async,0,3.686016056482378,73.13333131392683
async,0,3.7195531303255125,74.2000020194065
async,0,3.7865842435670127,73.93333939155282
async,0,3.836851785399803,73.0833308090752
async,0,3.9015524179399343,72.23332222659761
async,0,3.935367560503119,72.93332929452033
async,0,4.0526529742097885,72.2000020194065
async,0,4.086150323950059,72.10000100970325
async,0,4.170034387831713,73.19999192237401
async,0,4.220735584454105,72.4333242460041
async,0,4.254501071888709,73.34999343692888
async,0,4.776402956002908,78.88332878966871
async,0,4.9445186696662775,76.94998939811589
async,0,4.995200004237238,76.58332576055898
async,0,5.02895225030422,76.86666868607317
async,0,5.046119683425383,76.98332979937196
async,0,5.079650136584707,76.61666616181505
async,0,5.09681756970587,76.86666868607317
async,0,5.130566505430947,76.28332273144923
async,0,5.181052529829491,77.03333030422358
async,0,5.214834568973622,78.56666565696342
async,0,5.282918370941024,77.78333787699795
async,0,5.367252641321806,76.06666060844718
async,0,5.40078309448113,76.28332273144923
async,0,5.417566527941272,76.5166651521118
async,0,5.451133394861555,76.15000151455487
async,0,5.467916828321696,76.25000252425812
async,0,5.5854174142522135,75.7999979805935
async,0,5.719552468257131,74.16666161815043
async,0,5.921483324483686,71.19999192237401
async,0,5.938468688800054,71.73333737214632
async,0,6.001901460390435,71.06667070547967
async,0,6.018651790431523,71.34999343692888
async,0,6.05225176077086,70.66666666666667
async,0,6.086033799914991,71.39999394178051
async,0,6.1029165436322925,71.31665303567281
async,0,6.1542334638490805,71.69999697089025
async,0,6.137416926969885,71.21667222003452
async,0,6.171066552437802,71.54999545633538
async,0,6.221466507946807,70.61666616181505
async,0,6.2722504631168325,70.9166691909248
async,0,6.390019186741683,71.74999747574188
async,0,6.423566191610535,71.43333434303658
async,0,6.457133058530817,71.0833308090752
async,0,6.490733028870154,71.34999343692888
async,0,6.507635634638888,71.74999747574188
async,0,6.541368018654438,70.74998737870939
async,0,6.574901782155668,71.23333232363008
async,0,6.5921354221149375,70.26666262785368
async,0,6.676602106171934,70.9166691909248
async,0,6.811869297108482,74.30000302910975
async,0,6.878883858640456,75.44999444663213
async,0,6.912735414964599,75.16667171518291
async,0,6.9295354001342675,74.76666767636992
async,0,6.98015052786712,75.2833328284817
async,0,7.014084842738898,75.04999040781914
async,0,7.064335832862161,75.46665455022769
async,0,7.081086162903249,75.09999091267076
async,0,7.266885723025017,71.64999646603863
async,0,7.300416176184341,71.44999444663213
async,0,7.502217929076587,65.61665606478256
async,0,7.519001362536728,65.51665505507931
async,0,7.586217854924928,63.73333737214632
async,0,7.619950238940478,64.76666767636992
async,0,7.636700568981567,64.76666767636992
async,0,7.687434869023012,64.03334040125607
async,0,7.721150701329036,64.56666565696342
async,0,7.821834750380359,65.33333333333333
async,0,7.838969080082467,64.9166691909248
async,0,7.889266414992406,65.9166590938923
async,0,8.104001673708867,71.56665555993094
async,0,8.52676874878345,84.2000020194065
async,0,8.543783906176966,84.30000302910975
async,0,8.611917363272948,86.5499853593029
async,0,8.645835126435198,85.76665757933743
async,0,8.662585456476286,85.46665455022769
async,0,8.679335786517374,86.0
async,0,8.71293575685671,86.79998788356102
async,0,8.780350869759232,86.58332576055898
async,0,8.797299820314642,86.64998636900614
async,0,8.814083253774783,86.5166651521118
async,0,8.847901706679872,86.13332121689436
async,0,8.864734795268594,86.5499853593029
async,0,8.881485125309682,87.0666505114147
async,0,8.932000942785375,86.48332475085573
async,0,8.94876782453599,86.48332475085573
async,0,9.083353085040036,84.18332172174598
async,0,9.100500656109766,84.23332222659761
async,0,9.370833107126636,78.08332071204273
async,0,9.474417015687049,79.14999141752239
async,0,9.508367882268352,79.09999091267076
async,0,9.592202291021426,79.01667020062804
async,0,9.609551792947382,79.73333737214632
async,0,9.626318674697998,78.28332273144923
async,0,9.6937834427291,79.56665555993094
async,0,9.996736002881322,81.9166590938923
async,0,10.206634852074062,86.58332576055898
async,0,10.223467940662783,86.5499853593029
async,0,10.290634777922403,85.9166590938923
async,0,10.324135438004578,86.36666363755693
async,0,10.340902319755193,86.68332677026223
async,0,10.37460160035169,85.86665858904068
async,0,10.39140158552136,86.38332374115248
async,0,10.795852538833621,76.21666212300205
async,0,11.03188322702722,68.56666565696342
async,0,11.217768856038527,64.35000353396137
async,0,11.23451587573771,63.84999848544513
async,0,11.268119156418951,64.7166671715183
async,0,11.301702575048761,64.6333262654106
async,0,11.31851580158605,64.53332525570735
async,0,11.335266131627138,64.83332828481709
async,0,11.688102233951131,69.71665707448581
async,0,11.704869115701745,68.78332777996548
async,0,11.771949884071827,69.78333787699795
async,0,12.160233127518342,75.09999091267076
async,0,12.194001925294852,74.35000353396137
async,0,12.237784507335055,73.94999949514838
async,0,12.25455138908567,74.68332677026223
async,0,12.338749935448332,74.26666262785368
async,0,12.523450462057523,71.41665404537606
async,0,12.591067505816271,70.48332475085573
async,0,12.557450983767408,71.43333434303658
async,0,12.607867490985939,71.0833308090752
async,0,12.809384554474324,75.46665455022769
async,0,12.826134884515412,75.33333333333333
async,0,12.859701751435695,75.56665555993094
async,0,12.876700357119685,75.46665455022769
async,0,13.027767809970484,78.84998838841264
async,0,13.04473331223542,78.3166631327053
async,0,13.061483642276508,78.3166631327053
async,0,13.078250524027123,78.1166611132988
async,0,13.095000854068212,78.86666868607317
async,0,13.14571860240013,78.3166631327053
async,0,13.196817040051165,78.96666969577642
async,0,13.348768354190694,81.74999747574188
async,0,13.517466688029407,85.66665656963418
async,0,13.551467209739291,85.46665455022769
async,0,13.56865119456998,85.01667020062804
async,0,13.60218495807121,86.08332071204273
async,0,13.653018568369815,85.13333131392683
async,0,13.687300469141654,84.33332323630086
async,0,14.159133431937384,75.41665404537606
async,0,14.17594996881658,75.46665455022769
async,0,14.320317289650944,72.5166651521118
async,0,14.337401964224473,72.69998687385777
async,0,14.35415229426556,71.8833388867012
async,0,14.370899313964744,71.89999899029675
async,0,14.640566386258639,65.83333838184957
async,0,14.724351139883131,66.66666666666667
async,0,14.842351587441357,70.50000504851624
async,0,14.876001212909275,69.46665455022769
async,0,14.91141856095465,69.66665656963418
async,0,15.299668700982112,77.64999646603863
async,0,15.316415720681295,76.53332525570735
async,0,15.333401084997663,76.53332525570735
async,0,15.367318848159913,77.24999242722564
async,0,15.434568443967168,76.99998990296751
async,0,15.451351877427308,76.45000454366462
async,0,15.5185021629774,77.26665253082119
async,0,15.753801265609917,84.3166631327053
async,0,15.77078331958438,84.3166631327053
async,0,16.17215234458276,90.26666262785368
async,0,16.189001984881006,90.26666262785368
async,0,16.30706863927734,89.0666505114147
async,0,16.23969987116149,90.4333242460041
async,0,16.324269175817555,89.58333585759145
async,0,16.45706685169271,92.34998333989641
async,0,16.4738171817338,92.3166631327053
async,0,16.541050225831526,94.03332020719111
async,0,16.591417077921477,93.18333181877846
async,0,16.608167407962565,93.18333181877846
async,0,16.709685663174035,91.61665606478256
async,0,16.726435993215123,91.7999979805935
async,0,16.743183012914304,91.7999979805935
async,0,16.97980294196706,85.98331970233949
async,0,17.199401092942484,81.93331919748786
async,0,17.350332821775165,79.03333030422358
async,0,17.468535200189617,76.46666464726017
async,0,17.620201824925285,72.28332273144923
async,0,17.63723353402833,72.36666363755693
async,0,17.654000415778942,72.35000353396137
async,0,17.855868375509296,67.71665707448581
async,0,17.940467473242506,69.58333585759145
async,0,17.973968133324682,68.81666818122154
async,0,18.15948300404259,66.23332222659761
async,0,18.328734164979497,69.96665959874393
async,0,18.77348522064753,79.49999495148376
async,0,18.857799628976878,78.45000454366462
async,0,19.32996693630505,67.94999949514838
async,0,19.499234648951482,64.96666969577642
async,0,19.58344974702367,63.91665909389231
async,0,19.634101288517485,64.55000555336787
async,0,19.65090127368715,64.50000504851624
async,0,19.7012681257771,65.16667171518291
async,0,19.68448469231696,64.23332222659761
async,0,19.751568771028946,64.7166671715183
async,0,19.768368756198615,64.03334040125607
async,0,19.80203493337606,65.06667070547967
async,0,19.820284848300272,64.88332878966871
async,0,20.027618182516363,71.31665303567281
async,0,20.04436851255745,70.50000504851624
async,0,20.094632744048337,71.39999394178051
async,0,20.430751619750293,83.64999646603863
async,0,20.44750194979138,83.56665555993094
async,0,20.57119949576872,82.3166631327053
async,0,20.58798292922886,82.05000050485162
async,0,20.63838288473787,82.7166671715183
async,0,20.65514976648848,82.45000454366462
async,0,20.94065020411568,85.84999848544513
async,0,21.04130114974795,83.13333131392683
async,0,21.091552139871215,83.9166590938923
async,0,21.36005066147252,76.76666767636992
async,0,21.528285547444483,72.94998939811589
async,0,21.628800769058632,72.21666212300205
async,0,21.88116799455515,66.15000151455487
async,0,21.897934876305765,66.35000353396137
async,0,21.914867275151646,66.03334040125607
async,0,21.998685132195195,63.949999495148376
async,0,22.03219903364499,64.68332677026223
async,0,22.082450023768256,64.55000555336787
async,0,22.09926656064745,64.96666969577642
async,0,22.116016890688538,63.86665858904068
async,0,22.183435313932964,64.89998889326426
async,0,22.20050012645506,65.03333030422358
async,0,22.234335131069678,64.60000605821949
async,0,22.3517165446916,63.58333585759146
async,0,22.503518893445392,62.566665656963416
async,0,22.5202824648541,62.916669190924786
async,0,22.53703279489519,63.28333282848171
async,0,22.553783124936277,62.86666868607316
async,0,22.587283785018453,62.88332878966872
async,0,22.60403411505954,62.33332323630085
async,0,22.687653351588764,62.60000605821949
async,0,22.704502991887015,62.68332677026222
async,0,22.721253321928103,62.41666414240854
async,0,22.788248021408645,61.599995961187005
async,0,22.804998351449733,61.64999646603863
async,0,22.939100302035595,60.283322731449225
async,0,22.989397636945533,60.81666818122154
async,0,23.022918159079143,60.38332374115247
async,0,23.073169149202407,59.03333030422359
async,0,23.12342013932567,60.10000100970325
async,0,23.14017046936676,61.599995961187005
async,0,23.223981705726494,60.983329799371965
async,0,23.42536966588057,65.2833328284817
async,0,23.475918586775318,65.98333989640444
async,0,23.576784704631432,67.2833328284817
async,0,23.593548276040142,66.96666969577642
async,0,23.627048936122318,68.03334040125607
async,0,23.64381912821484,67.74999747574188
async,0,23.879886230169397,72.99998990296751
async,0,24.081936258704545,76.84998838841264
async,0,24.098732933532307,76.58332576055898
async,0,24.165965977630034,76.78332777996548
async,0,24.199585810020803,75.69999697089025
async,0,24.45193317346589,79.39999394178051
async,0,24.603103246915754,82.5499853593029
async,0,24.686881379856437,81.04999040781914
async,0,24.720282729681454,81.24999242722564
async,0,24.737052921773973,81.14999141752239
async,0,24.838898900834074,80.26666262785368
async,0,24.855649230875162,80.74998737870939
async,0,24.924802273277994,80.01666010359556
async,0,24.94265163683166,80.18332172174598
async,0,24.976264848538616,79.09999091267076
async,0,25.02743611371157,79.93331919748786
async,0,25.161617512503163,80.93332929452033
async,0,25.211947950832155,79.61665606478256
async,0,25.228751246343727,81.06667070547967
async,0,25.312953103048294,82.25000252425812
async,0,25.329749777876057,81.58333585759145
async,0,25.346500107917144,81.63333636244307
async,0,25.53098546230249,76.86666868607317
async,0,25.564486122384665,76.84998838841264
async,0,25.598000023834462,76.6333262654106
async,0,25.934099037484987,80.06666060844718
async,0,25.950849367526075,79.34999343692888
async,0,26.001219529957933,80.7166671715183
async,0,26.034720190040108,79.81665808418906
async,0,26.152065189901073,78.56666565696342
async,0,26.1689015888317,78.7166671715183
async,0,26.22005299195322,79.53333535273983
async,0,26.25388468622593,78.6333262654106
async,0,26.338232197974335,75.7999979805935
async,0,26.37189837515178,77.26665253082119
async,0,26.52346568963029,78.86666868607317
async,0,26.5404146401857,78.46666464726017
async,0,26.607468925820534,76.83332828481709
async,0,26.65781922620096,77.64999646603863
async,0,26.691319886283136,77.96665959874393
async,0,26.74158411777402,77.76665757933743
async,0,26.8370477576406,77.04999040781914
async,0,26.820297427599513,77.86665858904068
async,0,26.85381794973312,77.26665253082119
async,0,26.8706874520828,77.4833348478882
async,0,26.887431161440077,76.58332576055898
async,0,27.021831042797423,72.5166651521118
async,0,27.0553317028796,73.26667272488615
async,0,27.088997880057043,73.16667171518291
async,0,27.17301435761491,74.86666868607317
async,0,27.206667293424733,74.4333242460041
async,0,27.35793667713176,76.45000454366462
async,0,27.391437337213937,75.4833348478882
async,0,27.458716726098338,75.96665959874393
async,0,27.50904716442733,74.41666414240855
async,0,27.576750277075618,74.55000555336787
async,0,27.611118246736996,73.41665404537606
async,0,27.627881818145706,74.23332222659761
async,0,27.695518723955885,73.66665656963418
async,0,27.745869024336308,72.79998788356102
async,0,27.796384841812003,73.36665354052444
async,0,27.82988550189418,73.4833348478882
async,0,28.098201954690687,81.01667020062804
async,0,28.115203870716584,80.99998990296751
async,0,28.1320336489634,81.0833308090752
async,0,28.30056977604875,84.86666868607317
async,0,28.350853869591067,85.7999979805935
async,0,28.62003101128297,93.03333030422358
async,0,28.636781341324056,93.0666505114147
async,0,28.75484799572039,94.49998485445127
async,0,28.771598325761477,94.13332121689436
async,0,28.788348655802565,94.66666666666667
async,0,28.821882419303794,94.59998586415452
async,0,28.889214773658683,96.10000100970325
async,0,28.956851679468862,96.03332020719111
async,0,29.00716887643023,96.4333242460041
async,0,29.057499314759227,96.28332273144923
async,0,29.0743026102708,96.4333242460041
async,0,29.091052940311886,95.9166590938923
async,0,29.107816511720596,95.9166590938923
async,0,29.191568161926035,95.94999949514838
async,0,29.325815767555735,94.1166611132988
async,0,29.342566097596823,94.49998485445127
async,0,29.409613762547853,94.21666212300205
async,0,29.460314959170244,94.16666161815043
async,0,29.59556890873917,90.36666363755693
async,0,29.932800059321327,84.36666363755693
async,0,29.983335738848453,84.25000252425812
async,0,30.354146997718512,74.03332020719111
async,0,30.370937051862466,74.08332071204273
async,0,30.404464194679882,74.2000020194065
async,0,30.42130059361051,73.86665858904068
async,0,30.438216440746867,73.8833388867012
async,0,30.472001790232902,71.78333787699795
async,0,30.54061855724707,72.93332929452033
async,0,30.574132458696862,72.88332878966871
async,0,30.590882788737954,73.31665303567281
async,0,30.943036960629442,80.76666767636992
async,0,30.98744850763166,80.76666767636992
async,0,31.00428490656229,80.86666868607317
async,0,31.59269818023885,97.13333131392683
async,0,31.710519869334185,97.84999848544513
async,0,31.912318311884526,98.88332878966871
async,0,31.929068641925614,98.73332727511385
async,0,32.06372010926776,97.76665757933743
async,0,32.18146897084119,97.84999848544513
async,0,32.29882059138596,96.38332374115248
async,0,32.60143218632193,89.81665808418906
async,0,32.921787213870594,78.10000100970325
async,0,32.955301115320395,78.25000252425812
async,0,32.97205144536148,77.18333181877846
async,0,33.07078570303055,70.66666666666667
async,0,33.222664189648164,55.78333787699795
async,0,33.30676673609557,56.050000504851624
async,0,33.357030967586454,55.54999545633538
async,0,33.34028063754537,56.18334191581094
async,0,33.373814401046594,55.78333787699795
async,0,33.53670308484141,42.53332525570735
async,0,33.59779875504662,43.89999899029675
async,0,33.84838501659805,48.23334242066257
async,0,34.014047766909556,50.86666868607316
async,0,34.076169643105416,50.70000706792274
async,0,34.37474924160067,69.46665455022769
async,0,34.47583384202254,67.03333030422358
async,0,34.49263713753411,66.5166651521118
async,0,34.509413950310446,67.599995961187
async,0,34.677400560639505,74.93332929452033
async,0,34.7109144620893,74.35000353396137
async,0,34.84624785986396,71.49999495148376
async,0,34.88015238165859,71.66665656963418
async,0,34.96426816947361,72.50000504851624
async,0,34.981018499514704,72.21666212300205
async,0,35.03181900639426,71.4833348478882
async,0,35.065617597247915,72.28332273144923
async,0,35.082367927289,72.65000656307112
async,0,35.11610031130455,72.18332172174598
async,0,35.2206342879918,70.76666767636992
async,0,35.237430962819566,71.24999242722564
async,0,35.25423425833114,71.2833328284817
async,0,35.28776802183237,71.84999848544513
async,0,35.33828383930806,71.43333434303658
async,0,35.389117449606665,70.06666060844718
async,0,35.4562313213958,70.83332828481709
async,0,35.50678686297436,70.65000656307112
async,0,35.55709743925192,71.24999242722564
async,0,35.5741523207483,70.78332777996548
async,0,35.60768608424952,71.54999545633538
async,0,35.624436414290614,71.44999444663213
async,0,35.65804962599757,72.69998687385777
async,0,35.72575273864586,71.89999899029675
async,0,36.0779996001107,76.35000353396137
async,0,36.11152012224431,75.74999747574188
async,0,36.16176449168376,76.53332525570735
async,0,36.1785479251439,76.28332273144923
async,0,36.228818777318594,76.84998838841264
async,0,36.245569107359685,76.84998838841264
async,0,36.262332678768395,76.53332525570735
async,0,36.31264987572977,76.89998889326426
async,0,36.32948627466039,76.74998737870939
async,0,36.76771595677488,82.59998586415452
async,0,36.96985205419956,80.06666060844718
async,0,36.98661562560827,80.30000302910975
async,0,37.10518545197422,80.94998939811589
async,0,37.138884732570716,80.83332828481709
async,0,37.34161669153837,75.86665858904068
async,0,37.44335011897369,73.73333737214632
async,0,37.61231659050674,69.81665808418906
async,0,37.66256758063,70.50000504851624
async,0,37.67931791067109,70.01666010359556
async,0,37.76308280224415,67.16667171518291
async,0,37.8133867578379,67.8833388867012
async,0,37.98101585124118,69.66665656963418
async,0,38.031630978974036,69.14999141752239
async,0,38.16578589503038,67.56665555993094
async,0,38.29983488014576,70.38332374115248
async,0,38.5345315005515,77.21665202596957
async,0,38.5515334165774,77.06667070547967
async,0,38.568283746618484,76.73332727511385
async,0,38.585067180078624,77.51665505507931
async,0,38.668997588746954,79.4833348478882
async,0,38.70253135224819,78.61666616181505
async,0,38.71928168228927,78.36666363755693
async,0,38.75288165262861,78.86666868607317
async,0,38.7696319826697,79.39999394178051
async,0,38.803536504464326,77.7999979805935
async,0,39.088484114993335,67.39999394178051
async,0,39.12198477507551,66.86666868607317
async,0,39.38924853914612,59.91665909389231
async,0,39.43965180499703,58.85000858247761
async,0,39.6928532366537,53.983339896404445
async,0,39.74361401943038,54.93332929452034
async,0,39.79420266442799,54.633326265410595
async,0,40.096549432011535,61.016670200628035
async,0,40.38145069775387,70.38332374115248
async,0,41.002768769969634,82.13332121689436
async,0,41.03626943005181,82.06666060844718
async,0,41.18723426230355,80.13332121689436
async,0,41.22093354290004,81.16667171518291
async,0,41.271363291486196,80.41666414240855
async,0,41.30490367567124,80.03332020719111
async,0,41.355386389727876,80.49998485445127
async,0,41.38751656826123,80.13332121689436
async,0,41.42110329723295,80.74998737870939
async,0,41.47149994240005,80.45000454366462
async,0,41.62316656713572,78.400004038813
async,0,41.69016788730007,79.29999293207726
async,0,41.656667227217895,78.21666212300205
async,0,41.74063073930528,78.9166691909248
async,0,41.7742836751151,79.23333232363008
async,0,41.808247783064026,78.61666616181505
async,0,41.82499811310512,79.14999141752239
async,0,41.89219805378379,78.49998485445127
async,0,41.90896824587631,78.84998838841264
async,0,41.925718575917394,78.26666262785368
async,0,41.95931854625673,79.29999293207726
async,0,41.97626749681214,79.89999899029675
async,0,42.02653172830303,79.18333181877846
async,0,42.060131698642365,79.6833368672947
async,0,42.11041579218468,80.16666161815043
async,0,42.16068664435937,79.76665757933743
async,0,42.17743035371665,79.96665959874393
async,0,42.19448523521304,79.18333181877846
async,0,42.211281910040796,79.2833328284817
async,0,42.39580036784519,75.06667070547967
async,0,42.42933413134642,73.98331970233949
async,0,42.51336385027191,74.15000151455487
async,0,42.530114180313,74.41666414240855
async,0,42.563614840395175,73.56665555993094
async,0,42.783136853506775,68.81666818122154
async,0,42.816630892905145,68.7166671715183
async,0,42.900336198323906,69.84999848544513
async,0,42.917252045460266,69.29999293207726
async,0,42.96746993216448,70.6333262654106
async,0,43.13550288728021,72.41666414240855
async,0,43.169016788730005,71.94999949514838
async,0,43.202530690179806,72.81666818122154
async,0,43.26998221684328,74.38332374115248
async,0,43.43794896512092,78.3166631327053
async,0,43.47056907425627,78.23332222659761
async,0,43.50438090647754,77.81665808418906
async,0,43.52111799515101,78.41666414240855
async,0,43.57161395057527,77.93331919748786
async,0,43.6723675168066,78.74998737870939
async,0,43.70584831483735,78.30000302910975
async,0,43.75621847726921,78.48332475085573
async,0,43.80663498448774,78.35000353396137
async,0,43.84011578251848,78.88332878966871
async,0,43.924052811870624,77.19999192237401
async,0,43.95753360990137,77.71665707448581
async,0,43.991014407932106,77.76665757933743
async,0,44.1754666588984,75.96665959874393
async,0,44.209430766847326,76.400004038813
async,0,44.24291818556188,76.2000020194065
async,0,44.39384991439456,72.3166631327053
async,0,44.461082958492284,72.78332777996548
async,0,44.611849170229696,74.05000050485162
async,0,44.62859950027079,73.69999697089025
async,0,44.678903455864535,74.28332273144923
async,0,44.69571999274373,74.21666212300205
async,0,44.71247032278482,74.28332273144923
async,0,44.729399411288796,74.1166611132988
async,0,44.81348209568477,74.18332172174598
async,0,44.84706882465649,73.36665354052444
async,0,44.86381915469757,73.49999495148376
async,0,44.880602588157714,73.11667121033129
async,0,44.997914484599626,70.0
async,0,45.01466481464072,70.01666010359556
async,0,45.16629833595733,66.61666616181505
async,0,45.20008368544337,66.21666212300205
async,0,45.31834896035402,64.35000353396137
async,0,45.33511915244654,64.78332777996548
async,0,45.38541648735648,64.1166611132988
async,0,45.40216681739757,64.18332172174598
async,0,45.50326465918706,62.38332374115247
async,0,45.520014989228144,62.78332777996547
async,0,45.54401496804196,62.96666969577641
async,0,45.577502386756514,62.60000605821949
async,0,45.62851475551801,61.84999848544513
async,0,45.645265085559096,62.76666767636991
async,0,45.66201541560019,62.45000454366462
async,0,45.913647745193714,66.0
async,0,46.065632162752294,68.94998939811589
async,0,46.234234496675754,71.49999495148376
async,0,46.536819608876485,76.05000050485162
async,0,46.553583180285194,75.71665707448581
async,0,46.603834170408454,76.45000454366462
async,0,46.62066394865527,75.84999848544513
async,0,46.738002327832426,77.03333030422358
async,0,46.654164608737446,75.69999697089025
async,0,46.75475265787352,76.33332323630086
async,0,46.7715029879146,76.21666212300205
async,0,46.82176721940549,76.41666414240855
async,0,46.8385307908142,76.30000302910975
async,0,46.90555197302998,77.33333333333333
async,0,46.98999879503555,79.01667020062804
async,0,47.04053447456267,78.01666010359556
async,0,47.124418538444324,76.15000151455487
async,0,47.174715873354266,76.35000353396137
async,0,47.19146620339535,76.83332828481709
async,0,47.22498672552896,75.41665404537606
async,0,47.241730434886236,75.64999646603863
async,0,47.27523109496841,74.23332222659761
async,0,47.35921446910723,74.36666363755693
async,0,47.39331761141618,74.6333262654106
async,0,47.57826641366827,71.61665606478256
async,0,47.59501674370936,71.4833348478882
async,0,47.63878608438194,71.86665858904068
async,0,47.67275019233087,72.06666060844718
async,0,47.689513763739576,71.78333787699795
async,0,47.706403128140686,71.76665757933743
async,0,47.75666735963157,70.36666363755693
async,0,47.80703090137962,71.03333030422358
async,0,47.82381433483976,71.19999192237401
async,0,47.857314994921936,70.60000605821949
async,0,47.89081565500411,70.60000605821949
async,0,48.10929822075743,72.7166671715183
async,0,48.12604855079852,72.5166651521118
async,0,48.26033588053109,76.79998788356102
async,0,48.44538399304034,80.86666868607317
async,0,48.46216742650048,80.83332828481709
async,0,48.512418416623746,81.96665959874393
async,0,48.68029909601183,85.599995961187
async,0,48.831833307071285,87.83331818778461
async,0,48.84864984395048,88.41666414240855
async,0,48.88219684881933,87.19999192237401
async,0,48.898947178860425,87.19999192237401
async,0,48.98310269077832,86.58332576055898
async,0,49.08416742914875,84.83332828481709
async,0,49.117668089230925,84.98332979937196
async,0,49.40354921617725,80.2000020194065
async,0,49.45421730938058,78.9166691909248
async,0,49.521701939463114,79.44999444663213
async,0,49.55585142655874,79.4833348478882
async,0,49.72334810628581,80.46666464726017
async,0,49.740098436326896,80.28332273144923
async,0,49.773718268717666,79.36665354052444
async,0,49.84085200255823,79.49999495148376
async,0,49.874352662640405,78.83332828481709
async,0,49.89113609610055,79.19999192237401
async,0,49.99278345464633,80.21666212300205
async,0,50.01010316349514,78.7166671715183
async,0,50.077614276312914,79.76665757933743
async,0,50.24531619723812,82.78332777996548
async,0,50.26211949274969,82.73332727511385
async,0,50.38028545740318,83.73331717808136
async,0,50.43084761966555,84.2000020194065
async,0,50.41388542774252,83.49999495148376
async,0,50.46478524487923,84.05000050485162
async,0,50.59946981564044,79.53333535273983
async,0,50.80195018862328,74.01666010359556
async,0,51.104263852787774,66.86666868607317
async,0,51.12131873428415,66.84998838841264
async,0,51.40700124071615,61.29999293207726
async,0,51.188419364705666,66.99998990296751
async,0,51.4748698704597,61.64999646603863
async,0,51.609514717118046,63.83333838184957
async,0,51.62628490921056,63.73333737214632
async,0,51.69367022903594,63.249992427225635
async,0,51.71048014523132,63.96665959874393
async,0,51.72733640621338,63.31667322973778
async,0,51.90713431646074,65.71665707448581
async,0,52.10944917234832,67.63333636244307
async,0,52.21061984165973,66.33332323630086
async,0,52.22737017170081,66.5166651521118
async,0,52.24411388105809,66.48332475085573
async,0,52.260937038621094,65.83333838184957
async,0,52.31155216635395,67.43333434303658
async,0,52.32830249639504,66.88332878966871
async,0,52.3452845503695,66.48332475085573
async,0,52.395681195536596,67.21667222003452
async,0,52.447236460370576,66.88332878966871
async,0,52.430102130668466,67.26667272488615
async,0,52.46409934203644,67.09999091267076
async,0,52.51529708994464,68.400004038813
async,0,52.59916791245867,67.86665858904068
async,0,52.649531454206716,68.0
async,0,52.800516148509885,69.8833388867012
async,0,52.817299581970026,69.7999979805935
async,0,52.93556485688068,71.33333333333333
async,0,52.952315186921766,71.26667272488615
async,0,53.05348585623317,72.5166651521118
async,0,53.07061356525147,72.30000302910975
async,0,53.10474981097948,71.4833348478882
async,0,53.13848219499503,72.46666464726017
async,0,53.273067455499074,74.18332172174598
async,0,53.289850888959215,73.83333838184957
async,0,53.32364947981287,74.56666565696342
async,0,53.34141939516081,75.43333434303658
async,0,53.391782936908854,74.2000020194065
async,0,53.425316700410086,73.01667020062804
async,0,53.475885483356265,73.96665959874393
async,0,53.492946985536456,74.15000151455487
async,0,53.5097304189966,73.66665656963418
async,0,53.543383354806416,72.93332929452033
async,0,53.57706939403529,74.4333242460041
async,0,53.59409779279643,74.5166651521118
async,0,53.62759845287861,73.76665757933743
async,0,53.69478515218966,74.13332121689436
async,0,53.7115685856498,73.9166590938923
async,0,53.76208440312549,74.400004038813
async,0,53.77923197419522,73.96665959874393
async,0,53.846782811115865,74.74998737870939
async,0,53.86353314115695,74.48332475085573
async,0,53.88740070629455,74.38332374115248
async,0,53.97145028727147,75.84999848544513
async,0,53.98820061731256,75.33333333333333
async,0,54.02170127739473,74.68332677026223
async,0,54.05528138568264,75.69999697089025
async,0,54.072031715723725,75.46665455022769
async,0,54.1223489126851,76.55000555336787
async,0,54.15603495191397,75.56665555993094
async,0,54.189568715415206,75.599995961187
async,0,54.2399653605823,75.2833328284817
async,0,54.323948734721114,76.05000050485162
async,0,54.27358519297307,75.26667272488615
async,0,54.340699064762205,75.49999495148376
async,0,54.35744939480329,74.53332525570735
async,0,54.40798507433042,76.78332777996548
async,0,54.441598286037376,78.28332273144923
async,0,54.4919485864178,77.01667020062804
async,0,54.50869891645889,76.46666464726017
async,0,54.5422856454306,77.53333535273983
async,0,54.57586575371851,78.46666464726017
async,0,54.60981662029981,76.93332929452033
async,0,54.62660005375995,76.81666818122154
async,0,54.64353576294774,77.4833348478882
async,0,54.69401847700438,76.2000020194065
async,0,54.86348149982323,73.76665757933743
async,0,54.74531553516974,76.69998687385777
async,0,54.93095288853814,73.89999899029675
async,0,55.01545267601419,74.5166651521118
async,0,55.032997488112564,74.10000100970325
async,0,55.150382212076394,75.44999444663213
async,0,55.08328158165488,73.98331970233949
async,0,55.167165645536535,75.33333333333333
async,0,55.3014529752691,74.55000555336787
async,0,55.52026657521296,79.2833328284817
async,0,55.570583772174324,78.79998788356102
async,0,55.6040844322565,79.66665656963418
async,0,55.873135780956,89.9166590938923
async,0,55.97443224325981,91.0666505114147
async,0,55.991182573300904,90.69998687385777
async,0,56.007985868812476,90.4333242460041
async,0,56.04166528735754,91.31665303567281
async,0,56.05841561739863,91.88331869263624
async,0,56.09200234637034,89.76665757933743
async,0,56.412132270669446,95.0833308090752
async,0,56.44565279280305,94.68332677026223
async,0,56.47945138365671,93.86665858904068
async,0,56.547147875621185,94.24998233019316
async,0,56.59814700301506,94.81666818122154
async,0,56.648417855189756,94.73332727511385
async,0,56.78255290919467,94.6333262654106
async,0,56.98464928251649,91.24999242722564
async,0,57.10206710989938,93.46665455022769
async,0,57.13588556280447,92.7166671715183
async,0,57.169631188187644,92.69998687385777
async,0,57.77558265327876,82.64998636900614
async,0,57.79235284537128,82.74998737870939
async,0,57.89294751519116,84.68332677026223
async,0,57.92646803732477,83.84999848544513
async,0,58.01025279094926,79.56665555993094
async,0,58.054214131452355,79.94999949514838
async,0,58.087833963843124,80.23332222659761
async,0,58.10463063867088,79.73333737214632
async,0,58.121380968711975,80.1166611132988
async,0,58.22245232776622,79.14999141752239
async,0,58.27318662780767,80.16666161815043
async,0,58.30708452891849,79.14999141752239
async,0,58.34058518900066,78.76666767636992
async,0,58.40766595737074,79.76665757933743
async,0,58.45814867142738,81.01667020062804
async,0,58.50856517864591,80.06666060844718
async,0,58.62593666124212,77.23333232363008
async,0,58.64308423231185,78.33332323630086
async,0,58.69375232551519,76.2000020194065
async,0,58.945450861946824,68.33332323630086
async,0,58.962201191987916,69.46665455022769
async,0,58.978951522029,70.45000454366462
async,0,59.04601904903146,69.44999444663213
async,0,59.21371434927285,66.79998788356102
async,0,59.23046467931394,66.99998990296751
async,0,59.247215009355024,66.18332172174598
async,0,59.482633284296135,62.116661113298804
async,0,59.54968094924716,63.09999091267077
async,0,59.68423310633215,64.76666767636992
async,0,59.70098343637324,64.96666969577642
async,0,59.751313874702234,64.89998889326426
async,0,59.768064204743325,64.55000555336787
async,0,59.80161783029598,65.29999293207726
async,0,59.81838140170469,65.01667020062804
async,0,59.91911510588459,65.599995961187
async,0,60.037433346265736,64.78332777996548
async,0,60.05446836571068,64.96666969577642
async,0,60.088035232630965,64.41666414240855
async,0,60.15588400032309,63.76665757933743
async,0,60.18970245322818,64.06666060844718
async,0,60.52629801816451,70.83332828481709
async,0,60.54335289966089,70.60000605821949
async,0,60.56009660901817,70.21666212300205
async,0,60.59365023457083,70.7166671715183
async,0,60.627164136020625,71.81665808418906
async,0,60.69425152507451,71.2833328284817
async,0,60.727785288575745,71.599995961187
async,0,61.13086576033919,82.05000050485162
async,0,61.14761609038028,81.7999979805935
async,0,61.181235922771044,82.45000454366462
async,0,61.41679985275599,86.68332677026223
async,0,61.7202986193226,92.68332677026223
async,0,61.77061581628397,92.25000252425812
async,0,61.95500186041215,93.98331970233949
async,0,61.98880045126581,93.46665455022769
async,0,62.272715235120344,88.23332222659761
async,0,62.524916943521596,82.64998636900614
async,0,62.57520103706391,82.64998636900614
async,0,62.642202357228264,82.81666818122154
async,0,62.658952687269355,82.79998788356102
async,0,62.72603345563943,82.03332020719111
async,0,62.7762844457627,82.26666262785368
async,0,62.894013445284685,82.86666868607317
async,0,62.927851760241204,82.86666868607317
async,0,62.9782484054083,82.5166651521118
async,0,62.9952503214342,83.34999343692888
async,0,63.331832645002905,91.54999545633538
async,0,63.36536640850414,90.98332979937196
async,0,63.39886706858631,91.16665152111794
async,0,63.4156173986274,90.76666767636992
async,0,63.432884142005726,91.33333333333333
async,0,63.466649629440326,89.94999949514838
async,0,63.651399811178095,83.9166590938923
async,0,63.668150141219186,83.93331919748786
async,0,63.684913712627896,84.25000252425812
async,0,63.73536332326548,83.54999545633538
async,0,63.919802332864144,78.400004038813
async,0,64.39014895214437,68.98332979937196
async,0,64.42364961222655,69.01667020062804
async,0,64.44043304568669,68.79998788356102
async,0,64.47393370576887,69.56665555993094
async,0,64.60851896627291,72.46666464726017
async,0,64.65904802511622,72.41666414240855
async,0,64.6925486851984,71.56665555993094
async,0,64.74306450267409,72.26666262785368
async,0,64.87829859019159,75.06667070547967
async,0,64.92896668339493,73.23333232363008
async,0,64.97954870770873,74.400004038813
async,0,65.0299321115082,74.89998889326426
async,0,65.49961666240736,84.44998434959965
async,0,65.51638023381607,84.48332475085573
async,0,65.5332166327467,83.81665808418906
async,0,65.60025105633011,84.64998636900614
async,0,65.63375171641228,83.73331717808136
async,0,65.70076627794425,84.28332273144923
async,0,65.78453116951731,85.19999192237401
async,0,65.93561517407764,87.83331818778461
async,0,65.95255088326543,87.81665808418906
async,0,66.0028680802268,86.99998990296751
async,0,66.03636874030897,87.64999646603863
async,0,66.06996871064831,87.94999949514838
async,0,66.08675214410846,87.599995961187
async,0,66.13701637559933,87.73331717808136
async,0,66.28791500101296,85.51665505507931
async,0,66.35610142357943,85.76665757933743
async,0,66.42369860528675,84.2000020194065
async,0,66.55826400373937,85.06667070547967
async,0,66.64246586044393,84.41666414240855
async,0,66.60896520036175,85.13333131392683
async,0,66.65923605253646,84.74998737870939
async,0,66.69291547108152,85.14999141752239
async,0,66.74384839163729,84.7166671715183
async,0,66.76061858372981,84.68332677026223
async,0,66.77736891377089,84.83332828481709
async,0,66.92853236653694,82.36666363755693
async,0,66.99556679012035,82.93332929452033
async,0,66.97881646007926,82.28332273144923
async,0,67.02906745020253,82.46666464726017
async,0,67.07933168169342,82.30000302910975
async,0,67.16309657326647,81.56665555993094
async,0,67.17995283424854,81.96665959874393
async,0,67.19670316428962,81.9166590938923
async,0,67.21349983911739,82.35000353396137
async,0,67.24698063714813,81.38333383818495
async,0,67.26375082924065,81.64999646603863
async,0,67.31426664671633,80.74998737870939
async,0,67.38126796688069,81.36665354052444
async,0,67.41481497174954,82.68332677026223
async,0,67.46546320290145,81.41665404537606
async,0,67.95251380743609,69.33333333333333
async,0,68.15493459426463,63.76665757933743
async,0,68.17181733798193,64.10000100970325
async,0,68.22208156947282,63.349993436928884
async,0,68.23883189951391,63.599995961187005
async,0,68.255582229555,63.6833368672947
async,0,68.4402331010356,60.06666060844718
async,0,68.47233017614991,59.983339896404445
async,0,68.48906726482338,58.86666868607316
async,0,68.55608182635535,59.96665959874393
async,0,68.65668311685904,60.46666464726017
async,0,68.72373078181006,59.28333282848171
async,0,68.77403473740382,59.983339896404445
async,0,68.92503267307461,61.29999293207726
async,0,68.95857967794346,61.13333131392684
async,0,69.0762821947302,62.21666212300205
async,0,69.09311859366083,62.08332071204273
async,0,69.10986892370191,62.41666414240854
async,0,69.14336296310029,62.76666767636991
async,0,69.17692983002057,62.06666060844718
async,0,69.19368016006165,62.116661113298804
async,0,69.22718082014383,62.89998889326427
async,0,69.27746491368615,61.949999495148376
async,0,69.29420200235961,61.96665959874393
async,0,69.4115006574339,61.29999293207726
async,0,69.47851521896588,60.83332828481709
async,0,69.62933439617377,63.09999091267077
async,0,69.69669985394772,63.633336362443075
async,0,69.66319919386554,62.76666767636991
async,0,69.76416462197882,63.41667423944103
async,0,69.81451492235924,63.333333333333336
async,0,69.84804868586048,63.74999747574188
async,0,69.91512945423055,64.78332777996548
async,0,69.96541354777287,64.2000020194065
async,0,69.98216387781396,63.949999495148376
async,0,70.03244797135628,64.4333242460041
async,0,70.09946915357206,65.41665404537606
async,0,70.1666492321993,65.19999192237401
async,0,70.3017641474082,67.69999697089025
async,0,70.31854758086834,67.66665656963418
async,0,70.46944620628197,72.15000151455487
async,0,70.51969719640523,71.8833388867012
async,0,70.55533633735827,71.7999979805935
async,0,70.68969649461275,73.6833368672947
async,0,70.8069686669518,75.39999394178051
async,0,70.87426791788764,74.55000555336787
async,0,70.92453214937852,74.5166651521118
async,0,71.01066724575581,76.66666666666667
async,0,71.07771491070683,76.08332071204273
async,0,71.11123543284045,76.23332222659761
async,0,71.27918231906665,77.6833368672947
async,0,71.3796975406808,77.4833348478882
async,0,71.48021938297875,76.26666262785368
async,0,71.49696309233603,76.7166671715183
async,0,71.59763058967782,78.4333242460041
async,0,71.63113124976,78.33332323630086
async,0,71.76516699350776,80.23332222659761
async,0,71.79866765358993,79.43333434303658
async,0,71.81551729388818,79.46665455022769
async,0,71.93286891443296,82.10000100970325
async,0,71.96636295383132,81.23333232363008
async,0,72.01679932310128,80.59998586415452
async,0,72.05031322455109,81.33333333333333
async,0,72.11746682044308,82.61666616181505
async,0,72.18450124402649,82.35000353396137
async,0,73.21213068170533,59.23333232363009
async,0,73.27974772546408,60.38332374115247
async,0,73.39739727678034,62.13334141095932
async,0,73.5481965919368,64.9166691909248
async,0,73.56494692197789,64.55000555336787
async,0,73.59857999573627,63.91665909389231
async,0,73.61533032577736,64.75000757277436
async,0,73.64883098585955,64.5166651521118
async,0,74.10341375698647,80.93332929452033
async,0,74.17089838706902,83.51665505507931
async,0,74.2047168399741,81.66665656963418
async,0,74.25496783009736,78.16666161815043
async,0,74.32221411556272,79.64999646603863
async,0,74.45646834187622,81.36665354052444
async,0,74.47321867191731,81.23333232363008
async,0,74.4899690019584,81.78333787699795
async,0,74.52346304135676,81.96665959874393
async,0,74.65839919810277,85.36665354052444
async,0,74.69531613103128,85.01667020062804
async,0,74.75876876467309,85.44999444663213
async,0,74.80178334739125,85.38333383818495
async,0,74.83976621041327,85.38333383818495
async,0,74.85649667840293,85.74999747574188
async,0,74.89005030395559,84.9166691909248
async,0,74.90680063399668,84.9166691909248
async,0,75.04106810167781,82.0
async,0,75.09180240171926,82.53332525570735
async,0,75.12551492368338,82.08332071204273
async,0,75.20969691833652,80.61666616181505
async,0,75.24319757841869,80.66666666666667
async,0,75.32720081460893,87.2833328284817
async,0,75.3944007552876,86.33332323630086
async,0,75.41116432669632,86.26666262785368
async,0,75.52941636023935,85.19999192237401
async,0,75.54621303506711,85.41665404537606
async,0,75.58050155652276,84.64998636900614
async,0,75.69799883211138,82.28332273144923
async,0,75.71496764471821,82.53332525570735
async,0,75.73173121612693,82.74998737870939
async,0,75.78256482642553,82.35000353396137
async,0,76.03450170747435,76.58332576055898
async,0,76.05133148572118,77.01667020062804
async,0,76.08483214580335,75.599995961187
async,0,76.23569766779792,72.58332576055898
async,0,76.3868147757773,70.30000302910975
async,0,76.40358496786982,70.36666363755693
async,0,76.52103589867176,69.38333383818495
async,0,76.53778622871285,69.9166590938923
async,0,76.57134647494932,68.81666818122154
async,0,76.60495306597247,69.13333131392683
async,0,76.63844710537083,69.26667272488615
async,0,76.82111839239204,66.6333262654106
async,0,76.68869809549409,69.33333333333333
async,0,76.83790182585219,66.83332828481709
async,0,77.0054845744688,71.14999141752239
async,0,77.02223490450987,71.24999242722564
async,0,77.03923019985196,70.88332878966871
async,0,77.05600039194448,71.0833308090752
async,0,77.07318106643326,70.81666818122154
async,0,77.10668172651545,71.76665757933743
async,0,77.41111400949936,77.34999343692888
async,0,77.46162982697506,77.43333434303658
async,0,77.52946535329956,75.86665858904068
async,0,77.69731292926859,78.2000020194065
async,0,77.71406325930967,78.08332071204273
async,0,77.93253258369538,84.59998586415452
async,0,78.0330941500962,81.88331869263624
async,0,78.04984448013728,82.66666666666667
async,0,78.1678383070117,85.38333383818495
async,0,78.21818198670832,84.96666969577642
async,0,78.30247653298623,84.4333242460041
async,0,78.31922686302732,85.01667020062804
async,0,78.38647976917647,84.59998586415452
async,0,78.42002015336152,84.4333242460041
async,0,78.52053537497567,86.44998434959965
async,0,78.53728570501676,85.94999949514838
async,0,78.58757641924288,85.0833308090752
async,0,78.60432674928397,86.03332020719111
async,0,78.63782740936615,85.599995961187
async,0,78.65457773940723,86.10000100970325
async,0,78.67139427628643,85.38333383818495
async,0,78.72218816248217,85.84999848544513
async,0,78.9243441219583,83.74999747574188
async,0,79.00813549626659,84.56666565696342
async,0,79.02488582630768,84.46666464726017
async,0,79.24338163342863,78.48332475085573
async,0,79.29408283005102,77.44999444663213
async,0,79.68119421246304,67.09999091267076
async,0,79.69794454250413,67.81665808418906
async,0,79.74819553262739,66.01666010359556
async,0,79.7649591040361,65.98333989640444
async,0,79.78173591681244,66.35000353396137
async,0,79.81531602510033,65.31667322973777
async,0,79.9533175584507,63.11667121033128
async,0,80.0042041342198,62.83332828481709
async,0,79.98733463187011,63.31667322973778
async,0,80.05445512434306,62.88332878966872
async,0,80.1048120454073,62.76666767636991
async,0,80.20596285266727,64.13334141095932
async,0,80.22271318270836,63.83333838184957
async,0,80.25634625646676,64.48332475085573
async,0,80.62758123910069,72.7166671715183
async,0,80.64454343102373,72.66666666666667
async,0,80.66129376106481,72.69998687385777
async,0,80.71154475118809,71.83333838184957
async,0,80.76212677550188,72.58332576055898
async,0,80.79591874567173,72.35000353396137
async,0,80.82964450900347,73.01667020062804
async,0,80.97198921093366,75.64999646603863
async,0,81.00558256058919,75.63333636244307
async,0,81.25787033787998,78.64998636900614
async,0,81.29137099796215,77.8833388867012
async,0,81.35884900736087,77.51665505507931
async,0,81.3249775889853,78.03332020719111
async,0,81.37561257876959,77.599995961187
async,0,81.61023637165341,81.49999495148376
async,0,81.62699994306212,81.56665555993094
async,0,81.64375027310321,81.34999343692888
async,0,81.6605668099824,81.53333535273983
async,0,81.76146603125757,80.38332374115248
async,0,81.71083104147328,81.61665606478256
async,0,81.77821636129866,80.76666767636992
async,0,81.79504613954548,80.76666767636992
async,0,81.84554871565355,81.26665253082119
async,0,81.86235201116511,80.36666363755693
async,0,82.06440203970027,78.01666010359556
async,0,82.11490461580834,79.06667070547967
async,0,82.1488289996544,77.9166590938923
async,0,82.16557932969549,78.08332071204273
async,0,82.19938454123296,77.7999979805935
async,0,82.26666393011736,76.56666565696342
async,0,82.30016459019953,77.41665404537606
async,0,82.40097112190135,77.8833388867012
async,0,82.41772145194244,77.76665757933743
async,0,82.66933391948454,73.599995961187
async,0,82.80333655981325,76.83332828481709
async,0,82.8371947368212,76.76666767636992
async,0,82.85394506686228,76.74998737870939
async,0,82.95448677121168,79.54999545633538
async,0,82.97123710125277,78.3166631327053
async,0,83.05649826736705,79.43333434303658
async,0,83.07324859740814,79.13333131392683
async,0,83.09003865155209,78.68332677026223
async,0,83.1406339172335,79.0833308090752
async,0,83.27541779825188,81.2833328284817
async,0,83.3765950882471,80.16666161815043
async,0,83.30920976842172,81.44999444663213
async,0,83.39339838375867,80.36666363755693
async,0,83.5107831077225,82.1166611132988
async,0,83.52753343776358,82.05000050485162
async,0,83.8461869495729,76.69998687385777
async,0,83.980560348195,73.16667171518291
async,0,84.03083782105351,73.31665303567281
async,0,84.11462919536181,72.08332071204273
async,0,84.23196095385516,68.74998737870939
async,0,84.24877749073435,69.19999192237401
async,0,84.31607012098638,68.400004038813
async,0,84.34961050517141,68.50000504851624
async,0,84.3663608352125,69.09999091267076
async,0,84.39986149529469,68.01666010359556
async,0,84.4507613124314,68.73332727511385
async,0,84.51793477037482,67.24999242722564
async,0,84.56817251913047,68.38332374115248
async,0,84.71960079924895,72.28332273144923
async,0,84.78674777445714,71.9166590938923
async,0,84.82039408958315,71.06667070547967
async,0,84.8371841437271,71.7999979805935
async,0,84.988003320935,75.81665808418906
async,0,85.03845293157258,74.15000151455487
async,0,85.089048197254,75.43333434303658
async,0,85.25720032467834,79.41665404537606
async,0,85.30746455616922,78.5166651521118
async,0,85.32425461031318,77.94999949514838
async,0,85.374730703686,78.68332677026223
async,0,85.39148103372709,78.33332323630086
async,0,85.5592491614904,79.74999747574188
async,0,85.57599949153148,80.45000454366462
async,0,85.6265947572129,79.29999293207726
async,0,85.72728211660613,77.39999394178051
async,0,85.74407217075009,77.71665707448581
async,0,85.827876786426,78.28332273144923
async,0,85.84479925424617,77.86665858904068
async,0,85.99613484479131,71.7999979805935
async,0,86.01288517483239,71.4833348478882
async,0,86.02963550487348,72.84998838841264
async,0,86.06314940632328,74.35000353396137
async,0,86.13068038119249,73.11667121033129
async,0,86.28202921310525,71.13333131392683
async,0,86.29903112913114,71.18333181877846
async,0,86.41666743907977,69.66665656963418
async,0,86.43341776912087,69.78333787699795
async,0,86.4503799610439,69.24999242722564
async,0,86.72001392991874,62.666666666666664
async,0,86.75362052094188,62.78332777996547
async,0,86.92132244186709,66.73332727511385
async,0,86.83743837798544,62.633326265410595
async,0,86.98831052066382,66.26666262785368
async,0,87.17267008205675,62.86666868607316
async,0,87.30619603315108,60.80000807762599
async,0,87.40676422023573,60.916669190924786
async,0,87.42355427437967,61.266672724886156
async,0,87.47454678108974,60.58332576055897
async,0,87.55836463813328,60.45000454366462
async,0,87.7270596616301,62.96666969577641
async,0,87.89473509982005,61.96665959874393
async,0,87.97859268096646,62.750007572774365
async,0,87.99538273511041,62.71666717151829
async,0,88.06283426177389,62.750007572774365
async,0,88.11328387241147,62.15000151455487
async,0,88.13004744382019,62.116661113298804
async,0,88.66877248549739,74.05000050485162
async,0,88.68585384972901,73.6833368672947
async,0,88.78675307100418,72.6333262654106
async,0,88.71943395801692,73.84999848544513
async,0,88.82063773074738,72.81666818122154
async,0,88.93822107522553,74.18332172174598
async,0,88.95531568082478,74.08332071204273
async,0,88.98894875458316,73.64999646603863
async,0,89.0225421042387,74.18332172174598
async,0,89.05613545389421,73.96665959874393
async,0,89.08970232081451,74.38332374115248
async,0,89.14013869008447,73.9166590938923
async,0,89.35554925854962,69.64999646603863
async,0,89.38912936683752,69.6833368672947
async,0,89.40623721380439,69.54999545633538
async,0,89.50701726277097,66.99998990296751
async,0,89.69214482348595,62.21666212300205
async,0,89.70889515352704,62.45000454366462
async,0,89.81164816626921,63.666656569634185
async,0,89.8283984963103,63.266672724886156
async,0,89.87875541737453,62.55000555336787
async,0,89.99615338270598,61.41667423944103
async,0,90.01290371274706,61.566655559930936
async,0,90.04651030377022,61.18333181877846
async,0,90.06328711654655,61.21667222003453
async,0,90.08018310163146,61.249992427225635
async,0,90.09693343167255,61.19999192237401
async,0,90.11374996855176,60.88332878966872
async,0,90.14746249051586,61.76665757933743
async,0,90.28256416435715,64.84998838841264
async,0,90.29931449439825,64.81666818122154
async,0,90.31639585862986,64.75000757277436
async,0,90.50196038447635,67.19999192237401
async,0,90.51905499007559,67.24999242722564
async,0,90.61957021168975,70.26666262785368
async,0,90.66991389138636,69.7999979805935
async,0,90.75411574809092,70.1166611132988
async,0,90.77086607813202,69.83333838184957
async,0,90.88858183628638,68.25000252425812
async,0,90.95596715611175,68.53332525570735
async,0,91.24195421399904,72.33332323630086
async,0,91.27582563237462,72.4333242460041
async,0,91.2925759624157,71.94999949514838
async,0,91.34305205578853,72.79998788356102
async,0,91.35980238582962,72.48332475085573
async,0,91.42226191689983,72.25000252425812
async,0,91.45586850792297,73.03333030422358
async,0,91.472830699846,72.38332374115248
async,0,91.50638432539867,73.36665354052444
async,0,91.52320086227786,73.36665354052444
async,0,91.69115436918787,76.55000555336787
async,0,92.24557043149645,93.13333131392683
async,0,92.32936180580475,93.26665253082119
async,0,92.3629021899898,92.28332273144923
async,0,92.37967900276612,91.9166590938923
async,0,92.42996971699225,92.74998737870939
async,0,92.4807768445556,93.29999293207726
async,0,92.4975271745967,92.6333262654106
async,0,92.59898253331197,91.04999040781914
async,0,92.66622219809351,89.61665606478256
async,0,92.69994796142525,90.34998333989641
async,0,92.73377965569796,89.81665808418906
async,0,92.81823309838734,89.38333383818495
async,0,92.85194562035146,89.39999394178051
async,0,92.9359488565417,89.49999495148376
async,0,92.98650439812026,87.84999848544513
async,0,93.03728504294837,88.0
async,0,93.15519942161706,88.01666010359556
async,0,93.18907083999264,87.38333383818495
async,0,93.25660181486185,87.78331768293299
async,0,93.40871864609664,91.54999545633538
async,0,93.48909374755863,92.0
async,0,93.5063340082017,91.73331717808136
async,0,93.6411973374258,93.54999545633538
async,0,93.65825221892219,93.49999495148376
async,0,93.67497606622803,94.28332273144923
async,0,93.75956192259362,93.96665959874393
async,0,93.8268942769485,93.74999747574188
async,0,93.86051410933926,93.7999979805935
async,0,93.89413394173003,93.46665455022769
async,0,93.96134712377633,92.39998384474802
async,0,93.97811069518504,93.73331717808136
async,0,93.99490074932899,93.33333333333333
async,0,94.18039906833738,89.88331869263624
async,0,94.21449558996251,90.01666010359556
async,0,94.24855238748479,90.0
async,0,94.48410307610212,86.5166651521118
async,0,94.50087988887844,86.4333242460041
async,0,94.53449972126921,86.76666767636992
async,0,94.55127653404554,86.5166651521118
async,0,94.58481691823059,86.88332878966871
async,0,94.61866185387092,86.36666363755693
async,0,94.63546514938248,85.73331717808136
async,0,94.70331391707461,86.35000353396137
async,0,94.75367083813885,86.25000252425812
async,0,94.80438527612885,87.03333030422358
async,0,94.85511295548649,86.61666616181505
async,0,94.97261685175891,85.73331717808136
async,0,94.98938042316763,85.61665606478256
async,0,95.00613075320871,86.01666010359556
async,0,95.0228810832498,86.28332273144923
async,0,95.08992212751701,84.35000353396137
async,0,95.12340954623157,84.68332677026223
async,0,95.17372674319294,85.69999697089025
async,0,95.1905167973369,85.88331869263624
async,0,95.20745250652469,85.31665303567281
async,0,95.22441469844772,85.38333383818495
async,0,95.29169408733212,84.96666969577642
async,0,95.30848414147607,85.74999747574188
async,0,95.35878809706982,84.7166671715183
async,0,95.55645523292227,79.74999747574188
async,0,95.57317908022812,79.71665707448581
async,0,96.36444348518093,59.06667070547966
async,0,96.39799711073358,59.51667524914428
async,0,96.41491957855375,59.633336362443075
async,0,96.44873803145884,59.19999192237401
async,0,96.46548836149992,59.349993436928884
async,0,96.48239758795248,58.983329799371965
async,0,96.54990208008644,59.48333484788821
async,0,96.60028548388591,59.46667474429265
async,0,96.88624605903796,65.23333232363008
async,0,96.91982616732587,65.89999899029675
async,0,97.0715325161644,67.61665606478256
async,0,97.10519207265803,68.03334040125607
async,0,97.12198212680198,67.29999293207726
async,0,97.17280249573297,68.74998737870939
async,0,97.29058446072544,72.45000454366462
async,0,97.44154929297717,75.39999394178051
async,0,97.45831286438589,75.26667272488615
async,0,97.47523533220605,75.71665707448581
async,0,97.5090273023759,75.54999545633538
async,0,97.65672151682514,77.03333030422358
async,0,97.67347184686624,76.81666818122154
async,0,97.72378904382761,77.23333232363008
async,0,97.74055261523631,77.2833328284817
async,0,97.7573029452774,77.11667121033129
async,0,97.99323763355575,72.84998838841264
async,0,98.02689719004938,73.56665555993094
async,0,98.06091426346879,72.78332777996548
async,0,98.4312620744721,66.21666212300205
async,0,98.44806536998367,66.36666363755693
async,0,98.48177789194779,65.81665808418906
async,0,98.63325913753677,63.366673734589405
async,0,98.53232019215872,65.84999848544513
async,0,98.65023457082741,63.39999394178051
async,0,98.6669849008685,63.64999646603863
async,0,98.7173153391975,63.18333181877846
async,0,98.85188735833391,61.49999495148376
async,0,98.9028931064116,61.949999495148376
async,0,98.91964343645269,61.44999444663213
async,0,99.03734595323944,60.03334040125607
async,0,99.05409628328053,60.26666262785368
async,0,99.08788825345037,60.3166631327053
async,0,99.15512791823191,59.83333838184957
async,0,99.17193121374348,60.300003029109746
async,0,99.20543187382566,59.016670200628035
async,0,99.22220868660199,59.11667121033128
async,0,99.30621192279223,59.016670200628035
async,0,99.49153810402153,62.58332576055897
async,0,99.52506524683895,62.06666060844718
async,0,99.54186854235053,61.7999979805935
async,0,99.57615044312237,62.51666515211179
async,0,99.69361461529192,64.2000020194065
async,0,99.72320907192578,64.08332071204273
async,0,99.73998588470212,64.05000050485162
async,0,99.82402884499523,65.86665858904068
async,0,99.87473004161762,64.99998990296751
async,0,99.89149361302633,64.83332828481709
async,0,99.92503399721137,65.21667222003452
async,0,100.12642195736545,69.38333383818495
async,0,100.14318552877415,69.4833348478882
async,0,100.32824688265103,73.73333737214632
async,0,100.3953806164916,73.8833388867012
async,0,100.46251435033216,72.68332677026223
async,0,100.74879271830712,78.88332878966871
async,0,100.9337348998754,83.61665606478256
async,0,100.95053819538697,83.04999040781914
async,0,101.03463412115057,83.66665656963418
async,0,101.0010804955979,82.79998788356102
async,0,101.05145065802976,83.64999646603863
async,0,101.1867112282825,82.64998636900614
async,0,101.23787587277164,83.49999495148376
async,0,101.25462620281273,82.98332979937196
async,0,101.33853674942962,79.83331818778461
async,0,101.38905256690532,80.45000454366462
async,0,101.40598827609311,80.4333242460041
async,0,101.42276508886944,79.78333787699795
async,0,101.47309552719842,81.03333030422358
async,0,101.50660942864823,80.01666010359556
async,0,101.5234127241598,80.13332121689436
async,0,101.55721793569727,79.76665757933743
async,0,101.57416688625268,80.06666060844718
async,0,101.77648174214025,75.31665303567281
async,0,101.80496392389392,75.2833328284817
async,0,101.8721108991021,72.86666868607317
async,0,101.93921815020742,73.23333232363008
async,0,102.00636512541561,73.38333383818495
async,0,102.04058081934934,72.83332828481709
async,0,102.07420065174011,72.58332576055898
async,0,102.3105325810471,77.63333636244307
async,0,102.41214683617383,80.2000020194065
async,0,102.44566073762363,79.44999444663213
async,0,102.46245079176758,78.48332475085573
async,0,102.52963749107863,79.89999899029675
async,0,102.54638782111972,79.66665656963418
async,0,102.56323084073415,79.93331919748786
async,0,102.7311446235413,83.24999242722564
async,0,102.78146182050267,82.76666767636992
async,0,102.81505517015819,83.36665354052444
async,0,102.9502362922052,85.56665555993094
async,0,103.08568224160464,86.9166691909248
async,0,103.10244581301335,86.03332020719111
async,0,103.1698178914711,86.81666818122154
async,0,103.18656822151219,86.99998990296751
async,0,103.22010860569723,86.56666565696342
async,0,103.25367547261752,86.18332172174598
async,0,103.30421777282845,86.66666666666667
async,0,103.35449524568696,86.33332323630086
async,0,103.42207918602665,84.9166691909248
async,0,103.45559308747644,85.78333787699795
async,0,103.48912023029386,86.79998788356102
async,0,103.54054970213544,85.96665959874393
async,0,103.60822633204847,84.66666666666667
async,0,103.65872890815655,85.46665455022769
async,0,103.69230901644445,85.44999444663213
async,0,103.70905934648555,85.0833308090752
async,0,103.74259973067058,85.93331919748786
async,0,103.77619308032611,86.6333262654106
async,0,103.82649703591986,86.15000151455487
async,0,103.89018801417886,85.21665202596957
async,0,103.9069118614847,86.03332020719111
async,0,103.97435014678057,86.26666262785368
async,0,104.00791701370085,85.53333535273983
async,0,104.07563336771675,85.64999646603863
async,0,104.15990143125943,86.33332323630086
async,0,104.10918699326942,85.61665606478256
async,0,104.1934020913416,85.89999899029675
async,0,104.21029807642653,85.86665858904068
async,0,104.31146212505412,87.13333131392683
async,0,104.36213683894127,86.93332929452033
async,0,104.37892689308522,86.98332979937196
async,0,104.46281095696688,87.88331869263624
async,0,104.47956128700797,87.38333383818495
async,0,104.66437105490003,82.99998990296751
async,0,105.27179231179713,65.53333535273983
async,0,105.28858236594108,65.76665757933743
async,0,105.30533269598217,65.38333383818495
async,0,105.50809775836888,59.21667222003453
async,0,105.52486132977758,59.78333787699795
async,0,105.54161165981867,59.78333787699795
async,0,105.65963196942833,60.80000807762599
async,0,105.69330476728959,60.51666515211179
async,0,105.71016102827164,60.35000353396137
async,0,105.72691135831273,60.76666767636991
async,0,105.86246323865313,63.19999192237401
async,0,105.89613603651439,63.14999141752239
async,0,105.97286976188049,63.699996970890254
async,0,105.98968629875968,63.18333181877846
async,0,106.00646311153601,62.51666515211179
async,0,106.05678030849738,63.16667171518291
async,0,106.22540912515608,67.11667121033129
async,0,106.27622949408706,67.44999444663213
async,0,106.30987580921308,66.83332828481709
async,0,106.56260055163537,70.66666666666667
async,0,106.68027658568688,70.89998889326426
async,0,106.81453081200038,72.93332929452033
async,0,106.94890421062249,75.21665202596957
async,0,107.06663321014447,76.96666969577642
async,0,106.9824843189104,75.01667020062804
async,0,107.08347622975892,76.15000151455487
async,0,107.15133823881865,75.89999899029675
async,0,107.1681282929626,75.9166590938923
async,0,107.33673062688607,78.5166651521118
async,0,107.35348095692716,77.69999697089025
async,0,107.40385111935902,78.5166651521118
async,0,107.48785435554926,80.18332172174598
async,0,107.52169929118959,80.16666161815043
async,0,107.55545153725657,79.24999242722564
async,0,107.60621894071707,80.2000020194065
async,0,107.62298251212579,79.76665757933743
async,0,107.6398122903726,79.41665404537606
async,0,107.6733261918224,80.16666161815043
async,0,107.82460881689704,81.98331970233949
async,0,107.84135914693813,81.63333636244307
async,0,107.94261588513908,79.19999192237401
async,0,107.97624895889747,79.89999899029675
async,0,108.10846401459729,81.56665555993094
async,0,108.37779343201683,85.78333787699795
async,0,108.58035987388921,89.7999979805935
async,0,108.59738827265035,89.73331717808136
async,0,108.96721967031642,96.56666565696342
async,0,109.01761631548352,96.3166631327053
async,0,109.03448581783321,96.46666464726017
async,0,109.08533266949944,96.23332222659761
async,0,109.10208299954053,96.3166631327053
async,0,109.22089779120746,96.16666161815043
async,0,109.28797855957755,96.05000050485162
async,0,109.33841492884751,96.0
async,0,109.35550953444675,96.01666010359556
async,0,109.43988352893041,96.46666464726017
async,0,109.45664710033911,96.23332222659761
async,0,109.5070967109767,96.23332222659761
async,0,109.52384704101779,96.59998586415452
async,0,109.55740066657044,96.08332071204273
async,0,109.5909542921231,96.08332071204273
async,0,109.7758435082209,88.41666414240855
async,0,110.02958783595005,80.25000252425812
async,0,110.04666920018167,80.23332222659761
async,0,110.22258076903215,76.56666565696342
async,0,110.45768125115035,72.06666060844718
async,0,110.47463020170575,72.10000100970325
async,0,110.52554326021009,72.08332071204273
async,0,110.54254517623598,71.89999899029675
async,0,110.57605907768578,72.38332374115248
async,0,110.59280940772686,72.38332374115248
async,0,110.60971863417942,72.38332374115248
async,0,110.77801641664757,80.05000050485162
async,0,110.79476674668867,79.98331970233949
async,0,111.0130109678248,87.09999091267076
async,0,111.02978778060113,86.94998939811589
async,0,111.29977926640176,92.66666666666667
async,0,111.31652959644283,91.89999899029675
async,0,111.38448429507594,92.68332677026223
async,0,111.40157890067518,93.24999242722564
async,0,111.45197554584227,92.5166651521118
async,0,111.62053815566287,88.83332828481709
async,0,112.25988434989519,74.59998586415452
async,0,112.4282086150986,69.69999697089025
async,0,112.8313288109649,63.73333737214632
async,0,112.848079141006,64.05000050485162
async,0,112.86486919514995,63.51665505507931
async,0,112.88172545613202,63.599995961187005
async,0,113.10067146975209,60.21666212300205
async,0,113.16779196222502,59.58333585759146
async,0,113.2013455877777,60.81666818122154
async,0,113.26838663204491,60.10000100970325
async,0,113.33607650332557,60.88332878966872
async,0,113.3867379758451,60.48332475085572
async,0,113.77321377261129,63.51665505507931
async,0,113.78996410265238,62.38332374115247
async,0,113.85734942247775,63.29999293207726
async,0,113.94141886550611,64.48332475085573
async,0,113.95819567828244,64.13334141095932
async,0,113.97494600832353,63.73333737214632
async,0,114.00876446122861,64.9166691909248
async,0,114.05918758913096,65.41665404537606
async,0,114.04243725908987,64.89998889326426
async,0,114.14391910054039,65.34999343692888
async,0,114.17739327788732,65.01667020062804
async,0,114.21089393796949,65.21667222003452
async,0,114.40546259379853,68.7166671715183
async,0,114.59035180989633,71.36665354052444
async,0,114.80912568573733,76.15000151455487
async,0,114.90985276923342,74.9166691909248
async,0,115.27952527048804,80.68332677026223
async,0,115.54833827457036,77.0833308090752
async,0,115.56508860461143,77.06667070547967
async,0,115.98514450966553,69.18333181877846
async,0,116.00189483970662,69.29999293207726
async,0,116.01863192838009,69.21667222003452
async,0,116.30394367651868,63.11667121033128
async,0,116.32099855801506,63.13333131392684
async,0,116.45592809407727,62.08332071204273
async,0,116.64089675838079,60.85000858247761
async,0,116.65771329525998,61.09999091267077
async,0,116.6915449895327,60.48332475085572
async,0,116.70828207820617,60.51666515211179
async,0,116.72509861508536,60.650006563071116
async,0,116.75858603379992,60.283322731449225
async,0,116.89265488096673,58.99998990296752
async,0,116.95996075258637,59.41667423944103
async,0,116.99351437813903,59.366673734589405
async,0,117.2122088057743,56.89998889326427
async,0,117.24605374141463,56.650006563071116
async,0,117.27968681517302,56.93332929452034
async,0,117.31318747525519,56.80000807762599
async,0,117.34697944542503,57.433334343036584
async,0,117.58192103113178,63.6833368672947
async,0,117.78341492222683,68.58332576055898
async,0,118.0182505769926,76.36666363755693
async,0,118.38845273295208,87.61665606478256
async,0,118.43870372307534,87.56665555993094
async,0,118.47307831342053,87.29999293207726
async,0,118.4898286434616,87.599995961187
async,0,118.50691000769324,87.7999979805935
async,0,118.5236470963667,87.2833328284817
async,0,118.57396429332807,87.51665505507931
async,0,118.64141581999155,86.36666363755693
async,0,118.70837741605304,86.58332576055898
async,0,118.75907861267544,87.41665404537606
async,0,118.80944877510728,87.13333131392683
async,0,118.87663547441834,86.89998889326426
async,0,118.85988514437726,87.34999343692888
async,0,118.89338580445943,87.11665101626632
async,0,118.91013613450052,87.18333181877846
async,0,118.92688646454161,86.93332929452033
async,0,119.07803667594004,84.86666868607317
async,0,119.09481348871637,85.19999192237401
async,0,119.1282876660633,83.61665606478256
async,0,119.21205255763637,83.73331717808136
async,0,119.54801253692686,79.66665656963418
async,0,119.59858131987305,80.30000302910975
async,0,119.68258455606329,81.24999242722564
async,0,119.69933488610438,80.53332525570735
async,0,119.83350966421216,79.31665303567281
async,0,119.85024675288562,79.4833348478882
async,0,119.86698384155909,79.23333232363008
async,0,119.88373417160018,79.46665455022769
async,0,119.90047126027365,78.83332828481709
async,0,119.95105328458745,79.599995961187
async,0,120.13636622444912,82.86666868607317
async,0,120.15312979585784,83.23333232363008
async,0,120.18667018004288,82.41666414240855
async,0,120.20351319965731,81.7999979805935
async,0,120.27058072665977,82.5166651521118
async,0,120.40476874613518,83.2833328284817
async,0,120.42151907617627,83.0833308090752
async,0,120.4550594603613,83.56665555993094
async,0,120.60888442801927,85.29999293207726
async,0,120.69308628472383,84.25000252425812
async,0,120.70983661476492,84.53332525570735
async,0,120.82722133872875,86.76666767636992
async,0,120.89438155530456,86.06666060844718
async,0,120.91113188534564,86.06666060844718
async,0,120.92788221538673,86.68332677026223
async,0,120.96138287546891,85.61665606478256
async,0,121.21283644659955,78.33332323630086
async,0,121.22958677664064,78.58332576055898
async,0,121.26310067809044,77.6833368672947
async,0,121.43131901235287,73.33333333333333
async,0,121.44806934239396,73.54999545633538
async,0,121.48157000247613,73.03333030422358
async,0,121.93573567052299,63.883338886701196
async,0,122.10345083281581,67.0833308090752
async,0,122.13696473426562,66.18332172174598
async,0,122.1537150643067,65.89999899029675
async,0,122.18728193122699,66.81666818122154
async,0,122.20403226126807,66.48332475085573
async,0,122.37153556167895,68.98332979937196
async,0,122.4054467041574,68.45000454366462
async,0,122.42223675830134,69.04999040781914
async,0,122.43901357107768,68.73332727511385
async,0,122.53954203405945,70.94998939811589
async,0,122.47251423115985,68.65000656307112
async,0,122.58979302418271,70.28332273144923
async,0,122.60658307832666,70.41666414240855
async,0,122.84209404284113,66.86666868607317
async,0,122.8755947029233,66.84998838841264
async,0,122.89234503296439,67.13333131392683
async,0,123.09436857876429,63.19999192237401
async,0,123.11115863290824,63.083330809075214
async,0,123.12790896294933,61.949999495148376
async,0,123.21237564700633,62.15000151455487
async,0,123.27960207042024,63.049990407819145
async,0,123.29651129687278,62.733327275113844
async,0,123.31326162691387,62.116661113298804
async,0,123.38050129169541,62.99998990296752
async,0,123.41400195177759,63.266672724886156
async,0,123.46421321779799,64.30000302910975
async,0,123.51457013886223,64.08332071204273
async,0,123.54815024715013,63.7999979805935
async,0,123.56504623223505,64.0
async,0,123.74964413824517,69.34999343692888
async,0,123.76638122691864,69.16667171518291
async,0,123.78343610841502,69.64999646603863
async,0,123.83366061580304,71.44999444663213
async,0,124.13598752133515,82.83332828481709
async,0,124.22014965393686,85.41665404537606
async,0,124.30423233833284,85.21665202596957
async,0,124.42173623460525,86.46666464726017
async,0,124.43848656464634,86.28332273144923
async,0,124.45523689468743,86.7166671715183
async,0,124.48871107203436,86.49998485445127
async,0,124.5898353965591,87.43333434303658
async,0,124.60659896796781,87.34999343692888
async,0,124.6236008839937,87.41665404537606
async,0,124.72366589910872,88.74998737870939
async,0,124.65708830270826,87.24999242722564
async,0,124.75715331782328,88.23332222659761
async,0,124.79062749517021,88.33332323630086
async,0,124.8243797412372,88.56666565696342
async,0,124.92502737652755,86.61666616181505
async,0,124.94265163683166,87.01667020062804
async,0,124.99290262695492,86.74998737870939
async,0,125.07711772502711,85.64999646603863
async,0,125.12764678387043,85.69999697089025
async,0,125.22869166018943,85.04999040781914
async,0,125.16145199540789,85.73331717808136
async,0,125.24544199023052,85.18333181877846
async,0,125.27896913304794,85.86665858904068
async,0,125.31249627586536,85.01667020062804
async,0,125.46391131461623,82.68332677026223
async,0,125.54808668858554,81.66665656963418
async,0,125.56485025999426,81.88331869263624
async,0,125.59840388554692,82.10000100970325
async,0,125.615154215588,81.31665303567281
async,0,125.6486681170378,81.03333030422358
async,0,125.68223498395808,81.66665656963418
async,0,125.73284349100713,80.73332727511385
async,0,125.78333282574758,81.09999091267076
async,0,125.80013612125914,81.71665707448581
async,0,125.83365002270895,80.98332979937196
async,0,125.88421880565512,81.29999293207726
async,0,126.05246362265281,79.4833348478882
async,0,126.06925367679675,79.7999979805935
async,0,126.15324367161938,80.5166651521118
async,0,126.27117129165569,77.89999899029675
async,0,126.2879348630644,78.08332071204273
async,0,126.43876728163991,80.46666464726017
async,0,126.7585198269618,83.63333636244307
async,0,126.8086648861441,83.56665555993094
async,0,126.82540197481757,82.86666868607317
async,0,126.90916686639063,83.31665303567281
async,0,127.04318274808695,86.7166671715183
async,0,127.05993307812804,86.28332273144923
async,0,127.09356615188644,85.81665808418906
async,0,127.11032972329514,85.88331869263624
async,0,127.17784745679673,85.11665101626632
async,0,127.21136135824652,85.74999747574188
async,0,127.22811168828761,85.76665757933743
async,0,127.34553613635431,88.13332121689436
async,0,127.37912948600983,87.93331919748786
async,0,127.51364853967577,86.400004038813
async,0,127.53039886971686,86.48332475085573
async,0,127.56391277116666,86.48332475085573
async,0,127.6814828742772,85.66665656963418
async,0,127.76535369679122,84.69998687385777
async,0,127.73174710576808,85.96665959874393
async,0,127.79934428747539,85.34999343692888
async,0,127.81625351392793,85.34999343692888
async,0,127.9000846123391,86.56666565696342
async,0,127.91683494238019,86.49998485445127
async,0,128.05116861689942,84.23332222659761
async,0,128.1015520206989,85.03333030422358
async,0,128.11872607450388,84.48332475085573
async,0,128.23658748770208,81.7999979805935
async,0,128.27007490641662,82.08332071204273
async,0,128.40414375358344,84.2000020194065
async,0,128.45455364011818,85.18333181877846
async,0,128.5887681423288,87.63333636244307
async,0,128.60557143784038,87.29999293207726
async,0,128.63905885655495,87.88331869263624
async,0,128.67258599937236,87.88331869263624
async,0,128.91014937586814,90.33332323630086
async,0,128.92717777462929,89.88331869263624
async,0,128.96067843471144,90.01666010359556
async,0,129.04472139500456,88.61666616181505
async,0,129.0784603997039,88.89998889326426
async,0,129.11211995619755,88.79998788356102
async,0,129.12887028623865,87.96665959874393
async,0,129.19609670965255,89.09999091267076
async,0,129.21290000516413,90.18332172174598
async,0,129.28094739337058,89.18333181877846
async,0,129.4655452993807,85.63333636244307
async,0,129.48275907728853,85.61665606478256
async,0,129.71776686983338,79.33333333333333
async,0,129.92026710486766,74.84998838841264
async,0,129.93728226226116,75.29999293207726
async,0,130.08856488733582,77.71665707448581
async,0,130.27324224155169,79.9166590938923
async,0,130.28999257159276,79.86665858904068
async,0,130.40740377829184,81.44999444663213
async,0,130.45778718209132,80.76666767636992
async,0,130.44103685205022,81.56665555993094
async,0,130.49127460080587,81.01667020062804
async,0,130.67572685177217,86.2000020194065
async,0,130.69253014728372,85.56665555993094
async,0,130.7431518957004,87.16665152111794
async,0,130.8782138454388,89.38333383818495
async,0,130.8952025200971,89.38333383818495
async,0,130.9287958697526,89.98331970233949
async,0,130.97397541607688,88.96666969577642
async,0,131.12569500628302,86.23332222659761
async,0,131.14282933598514,86.25000252425812
async,0,131.1601093207311,86.5499853593029
async,0,131.19384832543045,86.0
async,0,131.2281302262023,86.15000151455487
async,0,131.41301944230008,82.3166631327053
async,0,131.4466127919556,82.400004038813
async,0,131.48011345203778,84.61666616181505
async,0,131.56407696412515,84.01666010359556
async,0,131.6988476037759,79.98331970233949
async,0,131.71561117518462,80.48332475085573
async,0,131.884041371329,77.64999646603863
async,0,131.96822998666593,76.16666161815043
async,0,132.00181009495384,76.55000555336787
async,0,132.03533723777127,76.98332979937196
async,0,132.08560146926214,76.400004038813
async,0,132.25436269959707,74.46666464726017
async,0,132.38902740830684,78.35000353396137
async,0,132.42279289574145,78.13332121689436
async,0,132.52414232351575,74.6333262654106
async,0,132.57500241654958,72.7166671715183
async,0,132.60854280073463,73.96665959874393
async,0,132.64208318491967,75.18333181877846
async,0,132.70926988423074,74.99998990296751
async,0,132.79324663768574,73.58333585759145
async,0,132.80999696772682,73.84999848544513
async,0,132.91061812028192,76.10000100970325
async,0,132.9274081744259,76.05000050485162
async,0,132.9945683910017,74.96666969577642
async,0,133.02813525792197,75.16667171518291
async,0,133.05836530020167,75.13333131392683
async,0,133.09186596028385,75.03333030422358
async,0,133.10861629032493,75.51665505507931
async,0,133.125366620366,74.76666767636992
async,0,133.1756308518569,76.2000020194065
async,0,133.19238118189799,76.05000050485162
async,0,133.2091315119391,76.01666010359556
async,0,133.31001749184662,77.41665404537606
async,0,133.3268207873582,77.39999394178051
async,0,133.37705853611385,77.19999192237401
async,0,133.71275368805192,85.89999899029675
async,0,133.72953050082825,85.88331869263624
async,0,133.9148831647928,89.61665606478256
async,0,133.93165997756913,89.26665253082119
async,0,133.9484632730807,89.71665707448581
async,0,134.13401455755957,95.13333131392683
async,0,134.15120185273216,94.78332777996548
async,0,134.20146608422306,95.54999545633538
async,0,134.23499322704046,96.44998434959965
async,0,134.28531042400184,95.2833328284817
async,0,134.3355746554927,95.29999293207726
async,0,134.35236470963667,95.49999495148376
async,0,134.38587861108647,95.01665000656307
async,0,134.5046139545477,94.39998384474802
async,0,134.60568531360192,94.4333242460041
async,0,134.70703474137622,93.98331970233949
async,0,134.72378507141732,93.98331970233949
async,0,134.84116979538115,90.56666565696342
async,0,135.15742661965098,79.73333737214632
async,0,135.2584185304995,79.93331919748786
async,0,135.32577736758964,81.53333535273983
async,0,135.3932951010912,81.0833308090752
async,0,135.5448425535183,82.03332020719111
async,0,135.6288193069733,80.41666414240855
async,0,135.66231996705548,80.6333262654106
async,0,135.6790835384642,80.6333262654106
async,0,135.7461775482019,80.33332323630086
async,0,135.76296760234584,80.6333262654106
async,0,135.77971793238692,80.6333262654106
async,0,136.1660613154769,93.69999697089025
async,0,136.21660361568783,91.63331616837812
async,0,136.62174974080023,77.39999394178051
async,0,136.67238473058453,75.51665505507931
async,0,136.857459325829,66.18332172174598
async,0,137.61250859033726,12.266682821918637
async,0,137.91545784014755,0.0
async,0,139.72759196460848,0.0
async,0,140.69110007958062,86.61666616181505
async,0,140.7413643110715,91.14999141752239
async,0,140.84217084277333,91.11665101626632
async,0,140.85893441418204,91.11665101626632
async,0,140.90941050755487,91.58333585759145
async,0,140.94291116763705,91.11665101626632
async,0,140.95967473904574,91.11665101626632
async,0,141.0269806106654,90.59998586415452
async,0,141.04378390617697,90.99998990296751
async,0,141.07733753172963,90.99998990296751
async,0,141.0940746204031,91.26665253082119
async,0,141.14441830009972,91.11665101626632
async,0,141.22818319167277,90.59998586415452
async,0,141.2618427481664,90.5499853593029
async,0,141.32941344713848,91.13333131392683
async,0,141.36303327952925,91.11665101626632
async,0,141.66301646299237,87.86665858904068
async,0,141.74782742260751,93.31665303567281
async,0,141.79807841273077,93.21665202596957
async,0,141.91584713635564,93.44999444663213
async,0,142.0333642739957,94.4333242460041
async,0,142.27031854758087,80.36666363755693
async,0,142.4047581530411,68.21666212300205
async,0,143.17653126485516,0.016680297660517575
async,0,143.26068015608925,0.016680297660517575
async,0,143.59281338013716,25.49999495148376
async,0,143.84447881314975,41.050010601884104
async,0,143.92885280763338,41.050010601884104
async,0,144.14688516688759,58.38332374115247
async,0,144.33193327939682,69.56665555993094
async,0,144.34889547131985,69.26667272488615
async,0,144.36564580136096,69.54999545633538
async,0,144.38254178644587,68.98332979937196
async,0,144.41626754977761,68.99998990296751
async,0,144.5339303424615,68.10000100970325
async,0,144.60098462809634,68.3166631327053
async,0,144.6512356182196,68.400004038813
async,0,144.71825017975158,67.64999646603863
async,0,144.75175083983373,67.78333787699795
async,0,144.97064388798333,62.70000706792274
async,0,145.44204981667326,25.266672724886156
async,0,145.89452058966458,0.0
async,0,148.24715409906398,0.0
async,0,148.80077567931525,42.51666515211179
async,0,148.9013968318704,42.51666515211179
async,0,149.39038729676156,72.73332727511385
async,0,149.42395416368186,72.30000302910975
async,0,149.47421839517273,71.13333131392683
async,0,149.52449586803124,71.84999848544513
async,0,149.5580627349515,72.89998889326426
async,0,149.64198652293604,72.35000353396137
async,0,149.67561959669442,71.23333232363008
async,0,149.74142919377286,71.71665707448581
async,0,149.7582324892844,71.76665757933743
async,0,149.8928971979942,67.89999899029675
async,0,149.92645082354687,67.89999899029675
async,0,150.39768461445772,29.2500126212906
async,0,150.83408036715664,0.016680297660517575
async,0,151.62560959946188,0.0
async,0,151.95953040813868,24.28334292551419
async,0,152.22901872196968,45.7999979805935
async,0,152.70180175289224,77.98331970233949
async,0,152.71855208293334,78.10000100970325
async,0,152.81915999412084,76.41666414240855
async,0,152.8527136196735,76.56666565696342
async,0,152.88654531394621,77.2833328284817
async,0,152.9541160129183,77.09999091267076
async,0,152.97091930842984,77.11667121033129
async,0,153.05578323351548,78.3166631327053
async,0,153.08928389359767,77.83333838184957
async,0,153.10608718910925,78.15000151455487
async,0,153.1564573515411,77.93331919748786
async,0,153.2404473463637,76.45000454366462
async,0,153.25721091777243,76.61666616181505
async,0,153.35837496640002,78.2000020194065
async,0,153.3751782619116,77.13333131392683
async,0,153.4592079808371,75.84999848544513
async,0,153.47598479361343,75.89999899029675
async,0,153.49276160638976,76.55000555336787
async,0,153.5766456702714,76.23332222659761
async,0,153.61047736454412,76.59998586415452
async,0,153.6444149897578,76.06666060844718
async,0,153.66121828526937,76.21666212300205
async,0,153.67796861531048,76.2000020194065
async,0,153.69510294501256,76.46666464726017
async,0,153.7118797577889,75.86665858904068
async,0,153.7288287083443,75.34999343692888
async,0,153.77956962906956,75.76665757933743
async,0,153.7963464418459,76.25000252425812
async,0,153.8131100132546,75.58333585759145
async,0,153.8637450030389,76.03332020719111
async,0,153.89408097625954,75.9166590938923
async,0,153.96129415830583,78.15000151455487
async,0,154.04546953227518,77.51665505507931
async,0,154.07951308842982,76.23332222659761
async,0,154.18031962013166,76.38332374115248
async,0,154.2642698908514,78.68332677026223
async,0,154.29783675777168,77.76665757933743
async,0,154.44929152062542,70.79998788356102
async,0,155.276903479699,6.5000050485162415
async,0,155.36105237093307,6.483344944920688
async,0,155.42825231161174,11.450014640697098
async,0,155.88282846205487,46.016660103595555
async,0,156.37914140324068,78.23332222659761
async,0,156.3958917332818,78.16666161815043
async,0,156.5471611169888,80.69998687385777
async,0,156.563977653868,80.69998687385777
async,0,156.61478478143135,79.74999747574188
async,0,156.6653270816423,80.35000353396137
async,0,156.68230251493296,80.38332374115248
async,0,156.69905284497403,80.18332172174598
async,0,156.78463180391122,78.79998788356102
async,0,156.8014350994228,78.96666969577642
async,0,156.90230783796272,79.81665808418906
async,0,156.9192832712534,79.41665404537606
async,0,156.97007715744914,79.96665959874393
async,0,157.00359105889893,80.94998939811589
async,0,157.03836289027277,79.93331919748786
async,0,157.0725918255741,78.88332878966871
async,0,157.12301495347646,80.06666060844718
async,0,157.15652885492625,80.56666565696342
async,0,157.2068857759905,80.28332273144923
async,0,157.35856564209377,78.28332273144923
async,0,157.37531597213487,78.33332323630086
async,0,157.47628140024815,76.88332878966871
async,0,157.49305821302448,77.14999141752239
async,0,157.52662507994475,78.05000050485162
async,0,157.54342837545633,76.400004038813
async,0,157.57700848374424,76.81666818122154
async,0,157.62748457711706,77.51665505507931
async,0,157.66098523719924,76.78332777996548
async,0,157.7114083651016,75.43333434303658
async,0,157.7785023748393,75.93331919748786
async,0,157.81204275902434,76.38332374115248
async,0,157.86233347325046,75.66665656963418
async,0,157.8791764928649,76.21666212300205
async,0,157.91279632525567,75.43333434303658
async,0,157.96317972905513,76.10000100970325
async,0,157.99682604418115,76.15000151455487
async,0,158.0600535745734,76.2000020194065
async,0,158.1107680125634,75.23333232363008
async,0,158.2623949131962,72.81666818122154
async,0,158.31275183426044,73.14999141752239
async,0,158.32970078481586,73.21667222003452
async,0,158.34645111485693,72.7166671715183
async,0,158.41396884835854,73.51665505507931
async,0,158.4307191783996,73.46665455022769
async,0,158.46436549352563,73.49999495148376
async,0,158.65024781219503,66.7166671715183
async,0,158.70057825052402,67.33333333333333
async,0,158.86854499880167,65.13333131392683
async,0,158.95234961447758,66.18332172174598
async,0,158.9691264272539,65.39999394178051
async,0,159.01960252062673,63.58333585759146
async,0,159.0869083922464,64.400004038813
async,0,159.10369844639033,64.45000454366462
async,0,159.15404212608695,64.94998939811589
async,0,159.18786057899203,64.73332727511385
async,0,159.2893689031778,63.38333383818496
async,0,159.32296225283332,64.03334040125607
async,0,159.3397125828744,63.89999899029675
async,0,159.60967758593978,72.99998990296751
async,0,159.6600080242688,72.81666818122154
async,0,159.67679807841273,72.61666616181505
async,0,159.69357489118906,73.14999141752239
async,0,159.86156812220193,76.64998636900614
async,0,159.87859652096307,76.50000504851624
async,0,159.92923151074734,77.14999141752239
async,0,159.99759669177672,72.61666616181505
async,0,160.06494228749924,73.96665959874393
async,0,160.08171910027556,73.93333939155282
async,0,160.44433395258795,81.18333181877846
async,0,160.46108428262906,81.16667171518291
async,0,160.49473059775505,81.34999343692888
async,0,160.51160010010474,80.84998838841264
async,0,160.5284696024544,80.86666868607317
async,0,160.56230129672713,80.61666616181505
async,0,160.61256552821803,79.04999040781914
async,0,160.6293158582591,79.53333535273983
async,0,160.69638338526156,82.0
async,0,160.7467932717963,81.74999747574188
async,0,160.88225246256334,80.81666818122154
async,0,160.9496907478592,80.98332979937196
async,0,161.01700986084646,85.74999747574188
async,0,161.0505370036639,82.89998889326426
async,0,162.07804064835034,0.050000504851624106
async,0,164.2444078394193,0.0
async,0,164.7627808990624,42.3166631327053
async,0,165.3845028329906,81.39999394178051
async,0,165.4348994781577,80.79998788356102
async,0,165.4859846744411,81.46665455022769
async,0,165.5532508219579,81.2833328284817
async,0,165.57000115199898,80.81666818122154
async,0,165.6036607084926,81.39999394178051
async,0,165.63745267866247,81.36665354052444
async,0,165.6712446488323,81.29999293207726
async,0,165.85691510561978,84.48332475085573
async,0,165.87366543566085,82.86666868607317
async,0,165.94081241086906,84.36666363755693
async,0,165.95757598227775,84.38332374115248
async,0,165.9911296078304,84.74998737870939
async,0,166.07501367171207,83.56665555993094
async,0,166.12539707551156,85.21665202596957
async,0,166.175886410252,84.03332020719111
async,0,166.20937382896656,83.38333383818495
async,0,166.24305986819542,84.53332525570735
async,0,166.25981019823652,84.2000020194065
async,0,166.27685183836527,84.1166611132988
async,0,166.3108821531523,84.33332323630086
async,0,166.32763248319338,84.56666565696342
async,0,166.36113314327557,83.81665808418906
async,0,166.8143983983242,76.94998939811589
async,0,166.9490366242987,74.94998939811589
async,0,166.96581343707504,75.18333181877846
async,0,166.99932733852484,74.46666464726017
async,0,167.48651697741948,37.41667423944103
async,0,168.00846520632038,0.0
async,0,169.56586190048054,0.0
async,0,169.5993625605627,2.0
async,0,170.62738261858638,95.16665152111794
async,0,170.86313192771803,95.04999040781914
async,0,170.94704247433492,93.56665555993094
async,0,170.9805431344171,93.58333585759145
async,0,171.06455961197497,93.56665555993094
async,0,171.09817944436574,93.18333181877846
async,0,171.16536614367678,93.23333232363008
async,0,171.29939526674073,93.78331768293299
async,0,171.3328959268229,93.78331768293299
async,0,171.349646256864,93.93331919748786
async,0,171.38314691694617,93.38333383818495
async,0,171.4838872418099,93.26665253082119
async,0,171.50062433048336,93.14999141752239
async,0,171.56810233988207,96.59998586415452
async,0,171.61835333000533,96.49998485445127
async,0,171.6354744183398,96.49998485445127
async,0,171.68620209769745,95.64999646603863
async,0,171.75322990059706,95.73331717808136
async,0,171.76998023063814,95.73331717808136
async,0,171.87064110729614,94.96664950171144
async,0,171.90423445695166,95.78331768293299
async,0,171.92098478699273,94.41666414240855
async,0,172.97822854335686,0.0
async,0,176.2187354758749,0.0
async,0,176.94423000785213,52.38332374115247
async,0,177.0281273131014,52.38332374115247
async,0,177.33004373623726,71.84999848544513
async,0,177.34679406627833,72.18332172174598
async,0,177.36354439631944,71.83333838184957
async,0,177.41378214507506,72.01666010359556
async,0,177.4975337952805,70.58332576055898
async,0,177.5142841253216,70.36666363755693
async,0,177.5310476967303,70.96666969577642
async,0,177.5814973073679,71.63333636244307
async,0,177.61509065702342,70.86666868607317
async,0,177.63186746979974,71.11667121033129
async,0,177.66536812988193,71.33333333333333
async,0,177.7829779570953,69.74999747574188
async,0,177.88410228162005,71.36665354052444
async,0,178.03621911285487,80.06666060844718
async,0,178.0529959256312,78.5166651521118
async,0,178.22104212211454,64.58332576055898
async,0,178.85913038642283,11.233332323630085
async,0,178.97779952304595,3.366673734589404
async,0,179.0950783160688,0.033340401256070844
async,0,179.22918688733847,0.0
async,0,180.99345346784798,0.0
async,0,181.0939422067269,6.750007572774361
async,0,181.73257336710765,50.16666161815043
async,0,181.93478229205425,66.28332273144923
async,0,182.0361449611962,71.83333838184957
async,0,182.08639595131945,71.64999646603863
async,0,182.10315952272813,71.39999394178051
async,0,182.1534767196895,71.74999747574188
async,0,182.17026677383348,71.73333737214632
async,0,182.1873613794327,72.26666262785368
async,0,182.22103417729397,71.04999040781914
async,0,182.45710127924852,60.51666515211179
async,0,182.8777662872132,35.21667222003453
async,0,183.37805163868546,0.0
async,0,218.0233882276297,0.0
async,0,219.22075213616364,73.58333585759145
async,0,219.2542527962458,72.81666818122154
async,0,219.321783771115,73.11667121033129
async,0,219.3558405686373,74.10000100970325
async,0,219.38947364239567,72.23332222659761
async,0,220.43035106837974,0.0
async,0,225.30060552774134,0.0
async,0,225.3676862961114,3.9333393915528228
async,0,225.95713901714626,35.433334343036584
async,0,226.14198850914119,47.366673734589405
async,0,226.32636131190174,58.183321721745976
async,0,226.41028509988627,57.76665757933743
async,0,226.42702218855973,57.7999979805935
async,0,226.99793699492457,32.83332828481709
async,0,227.53662231249893,0.050000504851624106
async,0,230.4726837206654,0.0
async,0,230.8250894785417,26.583345954623937
async,0,231.38040595384854,60.06666060844718
async,0,231.53323781893488,67.66665656963418
async,0,231.61745291700709,67.18333181877846
async,0,231.63419000568055,66.6333262654106
async,0,231.66790252764466,67.33333333333333
async,0,231.7181932418708,66.9166691909248
async,0,231.80209054712006,68.84998838841264
async,0,231.83564417267274,68.13332121689436
async,0,231.88604081783984,68.05000050485162
async,0,232.2422071241206,74.5166651521118
async,0,232.27618447343716,74.4333242460041
async,0,232.44387315299474,73.06667070547967
async,0,232.46063672440346,73.14999141752239
async,0,232.5109539213648,73.78333787699795
async,0,232.52798232012594,73.58333585759145
async,0,232.56150946294338,71.53333535273983
async,0,232.62859023131344,71.74999747574188
async,0,232.64535380272216,71.9166590938923
async,0,232.6788809455396,71.29999293207726
async,0,232.79649077275297,69.01667020062804
async,0,232.83001791557038,68.16666161815043
async,0,232.89874061352552,68.33332323630086
async,0,232.96584786463086,68.68332677026223
async,0,233.1137274582268,59.23333232363009
async,0,233.85574721699555,10.883348983733681
async,0,233.97460173276536,2.433344440069064
async,0,234.0416560184002,6.0
async,0,234.51466415257232,36.916669190924786
async,0,234.54842964000693,36.916669190924786
async,0,234.90120615617664,62.650006563071116
async,0,234.98531532330784,68.69998687385777
async,0,235.06945097317433,67.599995961187
async,0,235.10305756419746,67.9166590938923
async,0,235.1199005838119,67.4833348478882
async,0,235.32882288214256,63.633336362443075
async,0,235.5135664431965,54.283322731449225
async,0,235.5643868121275,54.283322731449225
async,0,235.91867284420604,28.550005553367864
async,0,236.45913250504165,0.0
async,0,248.7893086549551,0.0
async,0,249.56403459174877,52.16666161815043
async,0,249.58108947324516,52.16666161815043
async,0,249.8620448114363,70.73332727511385
async,0,249.91241497386815,69.64999646603863
async,0,250.0302366629635,70.30000302910975
async,0,250.1147695538586,69.93333939155282
async,0,250.0638697367219,70.35000353396137
async,0,250.1315331252673,70.28332273144923
async,0,250.24898405606925,72.55000555336787
async,0,250.35020107016734,71.94999949514838
async,0,250.4342837545633,70.56666565696342
async,0,250.60231670967903,80.10000100970325
async,0,251.14097554451814,35.28333282848171
async,0,251.5788146062878,0.08334090610769494
async,0,262.64918055796477,0.10000100970324821
async,0,263.05235371930155,31.91667928795727
async,0,263.1875745654514,36.06666060844718
async,0,263.2379447278833,36.18334191581094
async,0,263.64238906051173,67.44999444663213
async,0,263.76026371507754,69.61665606478256
async,0,263.7784043887189,69.56665555993094
async,0,263.8791711963178,67.4833348478882
async,0,263.89593476772654,67.89999899029675
async,0,263.99654267891407,68.74998737870939
async,0,264.5318382063773,38.60000605821949
async,0,265.0362548645474,0.0
async,0,291.9346896024809,0.0
async,0,292.30415024185356,33.6833368672947
async,0,292.67342550207957,58.33332323630085
async,0,292.8077194524959,58.33332323630085
async,0,292.8412201125781,60.116661113298804
async,0,293.04360117530376,69.13333131392683
async,0,293.0938918895299,69.41665404537606
async,0,293.19439386977643,68.01666010359556
async,0,293.22789452985865,68.08332071204273
async,0,293.2446316185321,68.46666464726017
async,0,293.27813227861424,68.03334040125607
async,0,293.31165942143167,68.03334040125607
async,0,293.3284229928404,68.03334040125607
async,0,293.3795611545943,67.61665606478256
async,0,293.41306181467644,68.21666212300205
async,0,293.51472903527366,68.66666666666667
async,0,293.61599901484226,67.51665505507931
async,0,293.8522250132083,85.58333585759145
async,0,293.91943819525454,81.13333131392683
async,0,295.02964742210435,0.0
async,0,299.17840624251033,0.0
async,0,300.2524135702832,69.89999899029675
async,0,300.2692036244271,69.31667322973777
async,0,300.3866810379643,70.28332273144923
async,0,300.42026114625224,70.2000020194065
async,0,300.5545815794039,69.26667272488615
async,0,300.6395911595333,69.61665606478256
async,0,300.67340961243843,69.56665555993094
async,0,300.7237268093998,69.13333131392683
async,0,300.7573334004229,69.63333636244307
async,0,300.8748902621658,71.19999192237401
async,0,300.8916273508393,70.99998990296751
async,0,300.99263250305546,69.18333181877846
async,0,301.0601369951894,69.53333535273983
async,0,301.1105601230918,70.15000151455487
async,0,301.1442991277911,69.64999646603863
async,0,301.32957234354996,64.30000302910975
async,0,301.3463359149586,64.26666262785368
async,0,301.6002258977316,57.016670200628035
async,0,302.16833353416075,20.666666666666668
async,0,302.3871603754722,9.81667827825402
async,0,302.47126954260347,6.450004543664617
async,0,302.52153377409434,6.900009087329234
async,0,302.5383238282383,6.5000050485162415
async,0,302.555087399647,6.916669190924787
async,0,302.5718509710557,6.833348478882057
async,0,302.9075461229938,23.183331818778463
async,0,303.11021849580715,23.183331818778463
async,0,303.1774846433239,26.483344944920688
async,0,303.48113568561814,42.15000151455487
async,0,303.53161177899096,40.83332828481709
async,0,303.6496453299683,41.73333737214632
async,0,303.58198194142284,40.81666818122154
async,0,303.6663824186417,41.48333484788821
async,0,303.78513100347055,40.53332525570735
async,0,303.8021064367612,40.60000605821949
async,0,303.9309184609823,38.35000353396137
async,0,304.1326639380622,38.35000353396137
async,0,304.1999565683142,35.050010601884104
async,0,304.9235178606187,0.0
async,0,307.3956811955366,0.0
async,0,307.7341040692047,20.133341410959318
async,0,307.918556320171,26.650006563071113
async,0,307.9522953248703,26.650006563071113
async,0,308.1498830125171,37.74999747574188
async,0,308.47066838451343,54.25000252425812
async,0,308.48740547318687,54.26666262785368
async,0,308.5880663498449,52.750007572774365
async,0,308.638357064071,53.44999444663213
async,0,308.6888861229143,53.78333787699795
async,0,308.94198162363,43.11667121033128
async,0,308.97556173191794,43.11667121033128
async,0,309.1432504114755,32.950009592180855
async,0,309.40002701238996,23.366673734589405
async,0,309.50076733725365,22.266662627853673
async,0,309.5513493615675,22.666666666666668
async,0,309.601798972205,24.366663637556922
async,0,309.685987587542,23.733337372146327
async,0,309.7028835726269,23.466674744292654
async,0,309.7197001095061,24.666666666666668
async,0,310.3146347567362,58.050000504851624
async,0,310.44898167262306,61.049990407819145
async,0,310.5333027016362,60.566665656963416
async,0,310.4824823327053,61.14999141752239
async,0,310.55011923851544,60.80000807762599
async,0,310.58377879500904,60.93332929452034
async,0,310.60051588368253,60.58332576055897
async,0,310.61727945509125,60.666666666666664
async,0,310.6340695092352,60.116661113298804
async,0,310.71857591739507,60.2333222265976
async,0,310.735365971539,60.46666464726017
async,0,310.75247381850585,60.016660103595555
async,0,310.76929035538507,60.06666060844718
async,0,310.8533465570458,59.16667171518291
async,0,310.8872179754214,59.71665707448581
async,0,310.93779999973515,60.2000020194065
async,0,310.98819664490225,59.949999495148376
async,0,311.00498669904624,59.883338886701196
async,0,311.02175027045496,60.16666161815043
async,0,311.1230467327587,60.949989398115896
async,0,311.1567857374581,60.85000858247761
async,0,311.19063067309844,60.51666515211179
async,0,311.2242637468568,60.78332777996547
async,0,311.30890256869293,62.300003029109746
async,0,311.37595685432774,62.0
async,0,311.42640646496534,61.06667070547966
async,0,311.4599071250475,61.73333737214632
async,0,311.5460554627924,62.26666262785368
async,0,311.56281903420114,62.16666161815043
async,0,311.5795561228746,61.666656569634185
async,0,311.6467693049209,62.2000020194065
async,0,311.6979869148805,62.35000353396137
async,0,311.71480345175974,61.11667121033128
async,0,311.7990979980376,61.983339896404445
async,0,311.8672380758174,62.46666464726017
async,0,311.9180849274837,62.116661113298804
async,0,311.9855894196176,62.16666161815043
async,0,312.01911656243504,61.86665858904068
async,0,312.0694337593964,62.15000151455487
async,0,312.1198304045635,62.13334141095932
async,0,312.13662045870745,61.91665909389231
async,0,312.17025353246584,62.050000504851624
async,0,312.298085695483,63.41667423944103
async,0,312.5014731021479,59.599995961187005
async,0,312.5182101908213,59.83333838184957
async,0,312.55171085090353,59.11667121033128
async,0,312.5853968901324,59.53333535273983
async,0,312.7040660267555,60.76666767636991
async,0,312.7376726177786,62.03334040125607
async,0,312.8218082676451,61.633336362443075
async,0,312.85546782413877,61.39999394178051
async,0,312.8890214496914,61.44999444663213
async,0,312.90575853836486,61.78333787699795
async,0,312.9392591984471,61.13333131392684
async,0,313.10731863629803,59.11667121033128
async,0,313.12413517317725,59.11667121033128
async,0,313.3098850781704,55.599995961187005
async,0,313.3603611715432,55.96665959874393
async,0,313.54632293841837,59.14999141752239
async,0,313.5967990317912,58.633326265410595
async,0,313.63035265734385,58.80000807762599
async,0,313.7650968142594,52.300003029109746
async,0,314.21996427479013,27.49999495148376
async,0,314.2870980086307,28.550005553367864
async,0,314.3147989496947,28.316663132705298
async,0,314.3315625211034,28.883328789668717
async,0,314.3482996097769,28.583345954623937
async,0,314.4155657572937,30.483344944920688
async,0,314.4994365798077,29.866678783105645
async,0,314.5165179440393,29.766677773402396
async,0,314.5502569487387,30.10000100970325
async,0,314.5840224361733,30.150001514554873
async,0,314.6513150664253,29.666676763699147
async,0,314.668184568775,30.1166611132988
async,0,314.8530340607699,38.55000555336787
async,0,315.2402381327553,62.25000252425812
async,0,315.34097845761903,62.0
async,0,315.4760668900927,58.83332828481709
async,0,315.4928039787661,59.366673734589405
async,0,315.54306821025705,58.41666414240854
async,0,315.5768601804269,58.016660103595555
async,0,315.61036084050903,58.41666414240854
async,0,315.66086341661713,58.86666868607316
async,0,315.6776799534963,58.41666414240854
async,0,315.6944170421698,58.06666060844718
async,0,315.74478720460166,58.86666868607316
async,0,315.82926713002627,59.54999545633538
async,0,315.8460571841702,59.083330809075214
async,0,315.86284723831415,59.23333232363009
async,0,315.9637994250598,58.050000504851624
async,0,315.99745898155345,58.51666515211179
async,0,316.04780266125005,58.33332323630085
async,0,316.0980933754762,58.45000454366462
async,0,316.3505532905461,54.60000605821949
async,0,316.4475330670053,56.33332323630085
async,0,316.46440256935495,55.7999979805935
async,0,316.5147727317868,55.09999091267077
async,0,316.56506344601297,55.58333585759146
async,0,316.6499670952015,56.33332323630085
async,0,316.66678363208064,55.983339896404445
async,0,316.8016072372019,54.666666666666664
async,0,316.8183708086106,54.78332777996547
async,0,316.8858488180093,54.21666212300205
async,0,316.90258590668276,54.916669190924786
async,0,316.919402443562,54.650006563071116
async,0,316.95290310364413,54.3166631327053
async,0,316.98645672919685,54.99998990296752
async,0,317.03674744342294,55.083330809075214
async,0,317.5759888984374,60.46666464726017
async,0,317.6095160412548,60.15000151455487
async,0,317.67659680962487,60.050000504851624
async,0,317.7783169956926,61.28333282848171
async,0,317.7950805671013,61.249992427225635
async,0,317.82868715812447,59.31667322973778
async,0,317.9129022561966,59.7999979805935
async,0,317.9464558817493,60.283322731449225
async,0,317.98011543824293,59.366673734589405
async,0,318.1817020189113,56.4333242460041
async,0,318.19849207305526,56.81666818122154
async,0,318.31591652112195,56.050000504851624
async,0,318.33310381629457,56.116661113298804
async,0,318.4336852447468,54.46666464726017
async,0,318.45058122983176,55.03333030422359
async,0,318.4977999467697,55.19999192237401
async,0,318.7665997094844,39.6833368672947
async,0,319.0534606976347,24.983329799371965
async,0,319.43992325303327,4.916669190924787
async,0,319.6252759169978,0.0
async,0,319.86205805280395,0.0
async,0,320.4909170838801,33.716677268550775
async,0,320.8845299777942,54.650006563071116
async,0,320.90129354920293,54.366663637556925
async,0,320.9180836033469,54.38332374115247
async,0,321.30547305447897,32.81666818122154
async,0,321.7598108603049,9.500015145548723
async,0,321.84405244111235,10.38334393521744
async,0,322.06264093780663,22.400004038812995
async,0,322.4173242109138,37.66667676369915
async,0,322.7492058489769,37.66667676369915
async,0,322.799708425085,35.28333282848171
async,0,322.8164719964937,34.2000020194065
async,1,0.00010262059906595392,39.61667625884753
async,1,0.5063697598942809,79.58333585759145
async,1,0.5906841682236308,79.53333535273983
async,1,0.7762354527024969,79.93331919748786
async,1,0.8265195462448144,79.78333787699795
async,1,0.9780007918337837,79.56665555993094
async,1,1.0621662347773928,79.63333636244307
async,1,1.1472022976421097,79.23333232363008
async,1,1.6156520910105678,79.11667121033129
async,1,1.760168377230674,78.98332979937196
async,1,1.8195857040898613,78.88332878966871
async,1,1.9373842207918603,78.56666565696342
async,1,2.0550006686890647,78.86666868607317
async,1,2.0885178804807674,78.89998889326426
async,1,2.1052682105218556,78.86666868607317
async,1,2.223483830303929,78.64998636900614
async,1,2.240234160345017,78.66666666666667
async,1,2.324052017388564,79.09999091267076
async,1,2.340984416234446,79.06667070547967
async,1,2.475801400671867,79.03333030422358
async,1,2.5596523611344675,79.06667070547967
async,1,2.7784858231297562,79.39999394178051
async,1,3.0142516839709272,79.49999495148376
async,1,3.265668841340609,80.05000050485162
async,1,3.3327694717621217,79.76665757933743
async,1,3.3665680626157792,79.83331818778461
async,1,3.4503528162402723,79.7999979805935
async,1,3.48386671769007,79.69999697089025
async,1,3.551152727258282,79.7999979805935
async,1,3.7195696820350395,79.6833368672947
async,1,3.736316701734222,79.63333636244307
async,1,3.803367677027154,79.69999697089025
async,1,3.8369014405283837,79.83331818778461
async,1,3.9017510384542557,79.6833368672947
async,1,4.13651717604001,79.11667121033129
async,1,4.55766880426478,78.83332828481709
async,1,4.709351980709975,78.89998889326426
async,1,4.944535221375805,78.73332727511385
async,1,4.961384861674053,78.79998788356102
async,1,5.046152786844436,78.99998990296751
async,1,5.147383042310142,79.04999040781914
async,1,5.231667657562344,78.99998990296751
async,1,5.266184592609463,79.09999091267076
async,1,5.299734907820219,79.16667171518291
async,1,5.484700261781838,67.29999293207726
async,1,5.535067113871789,67.31667322973777
async,1,5.736352453426799,67.18333181877846
async,1,5.940084135649866,67.13333131392683
async,1,6.001918012099962,67.06667070547967
async,1,6.086100006753098,67.03333030422358
async,1,6.035484879020244,67.09999091267076
async,1,6.103850060049602,67.0833308090752
async,1,6.25531806427095,67.34999343692888
async,1,6.272267014826359,67.33333333333333
async,1,6.322567660078204,67.24999242722564
async,1,6.5244190680990295,79.31665303567281
async,1,6.5581349004050535,79.2833328284817
async,1,6.7439675639458745,79.38333383818495
async,1,6.912768518383653,79.66665656963418
async,1,6.929551951843794,79.599995961187
async,1,6.963218129021238,79.69999697089025
async,1,7.014101394448424,79.64999646603863
async,1,7.064352384571688,79.56665555993094
async,1,7.1653840195230725,79.14999141752239
async,1,7.384568377760329,79.19999192237401
async,1,7.519017914246255,79.04999040781914
async,1,7.552584781166538,79.09999091267076
async,1,8.087284447086834,78.5499853593029
async,1,8.104034777127922,78.84998838841264
async,1,8.18824987520011,78.66666666666667
async,1,8.357017726218835,78.33332323630086
async,1,8.425386217590098,78.3166631327053
async,1,8.442533788659828,78.36666363755693
async,1,8.61196701840153,78.68332677026223
async,1,8.628882865537884,78.66666666666667
async,1,8.763583988008618,78.59998586415452
async,1,8.797316372024168,78.61666616181505
async,1,8.831151376638784,78.5166651521118
async,1,8.932034046204429,78.49998485445127
async,1,8.948784376245516,78.5499853593029
async,1,9.303252477128847,79.03333030422358
async,1,9.727585343924662,79.14999141752239
async,1,9.82833559981409,79.41665404537606
async,1,9.996802209719428,74.26666262785368
async,1,10.064667529121078,74.3166631327053
async,1,10.081450962581219,74.400004038813
async,1,10.15583434519451,69.94999949514838
async,1,10.357884373729656,61.86665858904068
async,1,10.813135833921471,61.74999747574188
async,1,10.8466695974227,61.61665606478256
async,1,11.015116345276606,66.68332677026223
async,1,11.099652546513614,66.61666616181505
async,1,11.16715041796377,71.0833308090752
async,1,11.352082668506334,79.49999495148376
async,1,11.402535589485824,79.49999495148376
async,1,11.419467988331707,79.43333434303658
async,1,11.873484690992825,79.01667020062804
async,1,11.90718397158932,79.11667121033129
async,1,12.075319547304124,79.21665202596957
async,1,12.177201940125183,78.5166651521118
async,1,12.422835930186213,78.15000151455487
async,1,12.473182920224733,78.30000302910975
async,1,12.489966353684874,78.33332323630086
async,1,12.708551540037261,62.61666616181504
async,1,12.775784584134987,62.68332677026222
async,1,12.876716908829211,62.750007572774365
async,1,13.061500193986035,62.76666767636991
async,1,13.095017405777739,62.78332777996547
async,1,13.196866695179745,63.54999545633538
async,1,13.213799094025628,63.53333535273983
async,1,13.450485229916486,63.78333787699795
async,1,13.500732909697845,63.78333787699795
async,1,13.738600837648915,79.81665808418906
async,1,13.788868379481706,79.7999979805935
async,1,13.923202054000946,79.76665757933743
async,1,14.209851180269302,79.41665404537606
async,1,14.260300790906888,79.39999394178051
async,1,14.421732924263349,79.09999091267076
async,1,14.438499806013965,79.14999141752239
async,1,14.522834076394746,79.06667070547967
async,1,14.657333268009253,78.76666767636992
async,1,14.792050942189514,79.21665202596957
async,1,14.825584705690742,79.18333181877846
async,1,14.928218546124318,79.44999444663213
async,1,14.978717811890483,79.56665555993094
async,1,15.11311769324783,79.71665707448581
async,1,15.214784913845042,79.56665555993094
async,1,15.333434188416716,79.83331818778461
async,1,15.669768236342522,80.5499853593029
async,1,15.720118536722946,80.36666363755693
async,1,15.834384918611933,80.23332222659761
async,1,15.901584859290606,80.4333242460041
async,1,15.93515172621089,80.36666363755693
async,1,16.019585306848832,80.400004038813
async,1,16.2058185217602,80.86666868607317
async,1,16.290318309236252,80.88332878966871
async,1,16.360600178228808,80.66666666666667
async,1,16.423152398872364,80.7166671715183
async,1,16.439949073700127,80.79998788356102
async,1,16.49065027032252,80.7166671715183
async,1,16.524316447499963,80.58332576055898
async,1,16.591433629631002,80.69998687385777
async,1,16.743249219752414,80.56666565696342
async,1,16.810849711801634,80.46666464726017
async,1,16.845085267786796,80.56666565696342
async,1,16.963069163635495,80.5166651521118
async,1,17.064249763972622,80.3166631327053
async,1,17.081251679998516,80.35000353396137
async,1,17.18233297007848,80.36666363755693
async,1,17.19941764465201,80.30000302910975
async,1,17.249718289903853,80.25000252425812
async,1,17.28326860511461,80.3166631327053
async,1,17.383952654165935,80.41666414240855
async,1,17.400699673865116,80.35000353396137
async,1,17.50220137736706,80.23332222659761
async,1,17.536115830187406,80.3166631327053
async,1,17.78878429679731,80.4333242460041
async,1,17.906599365208837,80.56666565696342
async,1,18.15953265917117,80.18332172174598
async,1,18.210266959212614,80.1166611132988
async,1,18.24393313639006,80.18332172174598
async,1,18.413200849036492,80.18332172174598
async,1,18.48724988711734,79.98331970233949
async,1,18.520800202328097,80.0
async,1,18.60513447270888,80.05000050485162
async,1,18.70621907313075,80.23332222659761
async,1,18.722969403171838,80.18332172174598
async,1,18.75670178718739,80.16666161815043
async,1,18.874619476197978,79.81665808418906
async,1,18.891366495897163,79.8833388867012
async,1,19.077318331746575,79.78333787699795
async,1,19.22861750853075,80.15000151455487
async,1,19.414532930619206,80.49998485445127
async,1,19.532818067581292,80.94998939811589
async,1,19.5834662987332,80.84998838841264
async,1,19.68450124402649,80.69998687385777
async,1,20.0108844041848,81.34999343692888
async,1,20.04438506426698,81.24999242722564
async,1,20.09466584746739,81.41665404537606
async,1,20.31318482698167,81.64999646603863
async,1,20.363584782490676,81.51665505507931
async,1,20.554432614018108,80.96666969577642
async,1,20.571252461239208,80.98332979937196
async,1,20.58804913606697,81.03333030422358
async,1,20.6384027467893,80.96666969577642
async,1,20.739100037208242,80.9166691909248
async,1,21.00776738624672,80.73332727511385
async,1,21.02451771628781,80.78332777996548
async,1,21.058068031498564,80.89998889326426
async,1,21.1753335831538,80.05000050485162
async,1,21.276282459557553,79.7999979805935
async,1,21.326550001390345,79.89999899029675
async,1,21.360067213182045,80.01666010359556
async,1,21.528298788812105,80.33332323630086
async,1,21.578566330644893,80.46666464726017
async,1,21.66233453255986,80.59998586415452
async,1,21.695835192642036,80.53332525570735
async,1,21.7294517146909,80.48332475085573
async,1,21.762965616140697,80.61666616181505
async,1,21.84753492079676,80.69998687385777
async,1,21.864318354256902,80.64998636900614
async,1,21.965151368693963,80.53332525570735
async,1,22.099283112356975,81.01667020062804
async,1,22.149802240174573,81.23333232363008
async,1,22.217366318462837,81.16667171518291
async,1,22.30148541661977,81.19999192237401
async,1,22.318235746660857,81.16667171518291
async,1,22.520302326905533,80.76666767636992
async,1,22.53705265694662,80.78332777996548
async,1,22.587303647069884,80.79998788356102
async,1,22.570553317028796,80.73332727511385
async,1,22.60899962791757,80.74998737870939
async,1,22.855269203624427,80.53332525570735
async,1,22.888769863706603,80.4333242460041
async,1,22.922316868575454,80.58332576055898
async,1,22.955870494128117,80.49998485445127
async,1,23.156934040775468,80.68332677026223
async,1,23.190434700857644,80.6333262654106
async,1,23.24079824260569,80.74998737870939
async,1,23.492801330492618,80.59998586415452
async,1,23.593568138091573,80.64998636900614
async,1,23.71101906889351,80.4333242460041
async,1,23.727802502353654,80.48332475085573
async,1,23.778132940682646,80.48332475085573
async,1,23.795386442693346,80.5499853593029
async,1,23.828900344143143,80.5166651521118
async,1,23.981037037429374,80.84998838841264
async,1,24.199599051388425,80.26666262785368
async,1,24.334065139583878,80.26666262785368
async,1,24.519265527820775,80.400004038813
async,1,24.788032187116414,80.56666565696342
async,1,24.942731085037387,80.25000252425812
async,1,25.094549985500702,80.33332323630086
async,1,25.22876448771135,80.5499853593029
async,1,25.245514817752436,80.5166651521118
async,1,25.262285009844955,80.59998586415452
async,1,25.296202773007206,80.6333262654106
async,1,25.564519225803718,80.5499853593029
async,1,25.648317220795832,80.36666363755693
async,1,25.66506755083692,80.48332475085573
async,1,25.698634417757205,80.56666565696342
async,1,25.73278390485283,80.49998485445127
async,1,26.017983101366642,58.51666515211179
async,1,26.08503076631767,58.566665656963416
async,1,26.253931031012606,58.70000706792274
async,1,26.371951340622264,58.750007572774365
async,1,26.489832615871897,58.48332475085572
async,1,26.724853649784365,58.35000353396137
async,1,26.741603979825452,58.400004038812995
async,1,27.072267412067387,80.59998586415452
async,1,27.106052761553425,80.53332525570735
async,1,27.173133529923504,80.83332828481709
async,1,27.189883859964592,80.45000454366462
async,1,27.257103662694696,80.56666565696342
async,1,27.357949918499383,76.74998737870939
async,1,27.543017893060068,62.3166631327053
async,1,27.628000990454296,62.650006563071116
async,1,27.695531965323507,62.84998838841265
async,1,27.745915369122983,62.76666767636991
async,1,27.76291728514888,62.4333242460041
async,1,27.84664907330289,62.666666666666664
async,1,28.08146486601722,63.349993436928884
async,1,28.18253622507147,62.38332374115247
async,1,28.19938586536972,62.78332777996547
async,1,28.233151352804324,62.83332828481709
async,1,28.266983047077034,62.38332374115247
async,1,28.300583017416372,62.84998838841265
async,1,28.31733334745746,62.566665656963416
async,1,28.401316721596274,68.36666363755693
async,1,28.63680120337549,80.88332878966871
async,1,28.65358463683563,80.89998889326426
async,1,28.670599794229148,80.49998485445127
async,1,28.75486785777182,80.74998737870939
async,1,28.77161818781291,81.0833308090752
async,1,28.85546914827551,81.01667020062804
async,1,28.92309943340188,80.9166691909248
async,1,28.990431787756766,80.05000050485162
async,1,29.04068277788003,80.10000100970325
async,1,29.107836373772027,80.10000100970325
async,1,29.208351595386176,80.58332576055898
async,1,29.25878134397233,80.08332071204273
async,1,29.325848870974788,80.36666363755693
async,1,29.46058640720648,80.96666969577642
async,1,29.49438499806014,80.89998889326426
async,1,29.511201534939335,80.15000151455487
async,1,29.595582150106793,80.2000020194065
async,1,29.61233248014788,80.2000020194065
async,1,29.66294760788073,80.03332020719111
async,1,29.680518902714347,80.05000050485162
async,1,29.71428439014895,80.49998485445127
async,1,29.78181536501816,80.36666363755693
async,1,29.882436517573282,80.400004038813
async,1,29.932819921372758,79.23333232363008
async,1,29.98334898021607,80.1166611132988
async,1,30.033983970000357,80.18332172174598
async,1,30.05088657576909,80.01666010359556
async,1,30.085751096716272,79.89999899029675
async,1,30.203281475723937,78.94998939811589
async,1,30.320666199687768,79.66665656963418
async,1,30.337416529728856,79.64999646603863
async,1,30.387700623271176,79.04999040781914
async,1,30.454999874207008,79.26665253082119
async,1,30.473431857936014,79.24999242722564
async,1,30.50713113853251,79.38333383818495
async,1,30.523901330625034,80.16666161815043
async,1,30.590902650789385,79.599995961187
async,1,30.607686084249526,79.09999091267076
async,1,30.69168269975596,79.29999293207726
async,1,30.725183359838137,79.26665253082119
async,1,30.842435670125752,79.53333535273983
async,1,30.859199241534462,79.54999545633538
async,1,30.87594957157555,79.14999141752239
async,1,30.926266768536923,79.96665959874393
async,1,31.021048477971,80.01666010359556
async,1,31.088069660186783,79.24999242722564
async,1,31.121715975312796,79.81665808418906
async,1,31.155282842233078,79.7999979805935
async,1,31.273435565518948,80.38332374115248
async,1,31.35728652598155,79.98331970233949
async,1,31.37405009739026,80.28332273144923
async,1,31.407563998840057,80.69998687385777
async,1,31.441481762002308,79.94999949514838
async,1,31.50878101293814,79.8833388867012
async,1,31.59271804229028,79.54999545633538
async,1,31.609468372331367,79.73333737214632
async,1,31.710619179591344,80.23332222659761
async,1,31.81167067659416,80.2000020194065
async,1,31.87875144496424,80.15000151455487
async,1,31.929101745344667,80.13332121689436
async,1,31.97963080418798,80.58332576055898
async,1,32.03015324234748,80.49998485445127
async,1,32.080582990933635,81.06667070547967
async,1,32.13121798071792,80.59998586415452
async,1,32.282083502712496,79.4833348478882
async,1,32.19833185250705,80.66666666666667
async,1,32.29885369480501,79.89999899029675
async,1,32.315703335103265,79.9166590938923
async,1,32.332466906511975,80.2000020194065
async,1,32.39953443351443,80.05000050485162
async,1,32.41629800492314,79.96665959874393
async,1,32.43306819701566,80.41666414240855
async,1,32.5001820688048,80.03332020719111
async,1,32.517700398167925,80.05000050485162
async,1,32.567951388291185,80.76666767636992
async,1,32.6350520187127,80.6333262654106
async,1,32.6685659201625,80.53332525570735
async,1,32.718936082594354,80.56666565696342
async,1,32.76933272776145,80.56666565696342
async,1,32.887869450708344,79.83331818778461
async,1,32.92180045523822,79.84999848544513
async,1,33.00556534681128,80.28332273144923
async,1,33.03698049149308,80.28332273144923
async,1,33.13850205704646,79.41665404537606
async,1,33.15525238708755,79.84999848544513
async,1,33.20574834251181,80.23332222659761
async,1,33.222684051699595,79.76665757933743
async,1,33.239619760887386,79.78333787699795
async,1,33.25646940118563,79.83331818778461
async,1,33.306799839514625,80.58332576055898
async,1,33.37383426309803,80.5499853593029
async,1,33.44086868668143,80.74998737870939
async,1,33.457619016722525,80.59998586415452
async,1,33.5191317900078,81.33333333333333
async,1,33.559683478348376,81.0833308090752
async,1,33.657649736695404,81.13333131392683
async,1,33.72261850692987,81.21665202596957
async,1,33.74328166110308,81.09999091267076
async,1,33.84841812001711,81.11665101626632
async,1,33.969636219907336,81.84999848544513
async,1,34.101831413555715,81.53333535273983
async,1,34.15638584815594,79.93331919748786
async,1,34.32448501010978,71.36665354052444
async,1,34.374782345019725,72.2000020194065
async,1,34.543053644752646,71.89999899029675
async,1,34.559982733256625,71.4833348478882
async,1,34.643933003976386,71.61665606478256
async,1,34.72771775760088,71.84999848544513
async,1,34.744567397899125,71.81665808418906
async,1,34.762185037519416,71.81665808418906
async,1,34.91401717935035,70.93332929452033
async,1,35.099369843314896,70.69998687385777
async,1,35.170370056500914,72.6333262654106
async,1,35.287814366619045,82.4333242460041
async,1,35.372353878197956,82.30000302910975
async,1,35.43948099135471,82.21666212300205
async,1,35.48976508489703,81.03333030422358
async,1,35.54036697126226,81.34999343692888
async,1,35.557236473611944,81.39999394178051
async,1,35.590948995576056,81.84999848544513
async,1,35.658069488049,81.73333737214632
async,1,35.6748860249282,81.74999747574188
async,1,35.80960369910846,80.68332677026223
async,1,35.85986793059934,80.78332777996548
async,1,35.876618260640434,80.36666363755693
async,1,35.9269354576018,81.23333232363008
async,1,36.329552481498496,82.2000020194065
async,1,36.414131717180275,82.05000050485162
async,1,36.43093501269185,81.83331818778461
async,1,36.447718446151995,81.84999848544513
async,1,36.54841904691284,83.06667070547967
async,1,36.56518261832155,83.06667070547967
async,1,36.58198591383312,82.74998737870939
async,1,36.66594942592051,82.96666969577642
async,1,36.683202927931205,82.99998990296751
async,1,36.81847011886776,84.18332172174598
async,1,36.869297108482556,84.21666212300205
async,1,36.88610040399413,84.66666666666667
async,1,36.96988515761862,84.35000353396137
async,1,37.088448363300756,84.5166651521118
async,1,37.15566816603086,84.08332071204273
async,1,37.19874895558713,84.10000100970325
async,1,37.22211996943892,84.10000100970325
async,1,37.25591856029258,83.66665656963418
async,1,37.324733947821066,83.69999697089025
async,1,37.35849943525567,83.73331717808136
async,1,37.46016665585288,84.30000302910975
async,1,37.47691698589397,84.18332172174598
async,1,37.595586122517076,84.26666262785368
async,1,37.61233645255817,84.59998586415452
async,1,37.679331152038706,84.28332273144923
async,1,37.729602004213405,84.28332273144923
async,1,37.83021653608471,84.7166671715183
async,1,37.91403439312826,84.59998586415452
async,1,37.930784723169346,84.9166691909248
async,1,37.98103571329261,84.2000020194065
async,1,38.04840117106655,84.13332121689436
async,1,38.199319658531614,83.0833308090752
async,1,38.23280045656236,83.06667070547967
async,1,38.24956402797107,83.46665455022769
async,1,38.299848121513385,83.04999040781914
async,1,38.38373218539503,82.48332475085573
async,1,38.417285810947696,82.53332525570735
async,1,38.46755004243858,82.5499853593029
async,1,38.534663914227714,82.68332677026223
async,1,38.56833671208897,82.59998586415452
async,1,38.65221415528681,82.5166651521118
async,1,38.66903069216601,82.25000252425812
async,1,38.685800884258526,82.5499853593029
async,1,38.75290151468004,82.30000302910975
async,1,38.82031993792447,82.28332273144923
async,1,38.92098081458246,81.64999646603863
async,1,38.93773114462354,81.66665656963418
async,1,38.98800199679824,82.400004038813
async,1,39.0382529869215,81.89999899029675
async,1,39.05500331696259,81.86665858904068
async,1,39.20649780391918,82.89998889326426
async,1,39.28796531820993,82.94998939811589
async,1,39.37243200226692,83.599995961187
async,1,39.38926840119755,83.18333181877846
async,1,39.40605183465769,83.36665354052444
async,1,39.4396981497837,83.0833308090752
async,1,39.55797004537817,82.41666414240855
async,1,39.591781877599445,82.49998485445127
async,1,39.60865137994913,82.45000454366462
async,1,39.675884424046856,82.0
async,1,39.70980218720911,82.3166631327053
async,1,39.8784310038678,82.79998788356102
async,1,39.74366698490087,82.23332222659761
async,1,39.895214437327944,82.45000454366462
async,1,39.911984629420466,82.46666464726017
async,1,40.012784540438474,81.7999979805935
async,1,40.029534870479566,82.10000100970325
async,1,40.07979910197045,81.76665757933743
async,1,40.09658253543059,81.7999979805935
async,1,40.11335272752311,81.83331818778461
async,1,40.14691959444339,82.15000151455487
async,1,40.1971970673019,81.81665808418906
async,1,40.3814705598053,81.76665757933743
async,1,40.49886852513675,82.73332727511385
async,1,40.51561885517784,82.73332727511385
async,1,40.64963473687416,83.4833348478882
async,1,40.666385066915254,83.49999495148376
async,1,40.7841537905401,82.96666969577642
async,1,40.817998726180434,82.96666969577642
async,1,40.834749056221526,82.61666616181505
async,1,40.90198210031925,83.19999192237401
async,1,40.9190171197642,83.18333181877846
async,1,40.93576744980528,83.58333585759145
async,1,41.019532341378344,83.49999495148376
async,1,41.06978333150161,83.04999040781914
async,1,41.12006742504393,83.31665303567281
async,1,41.187247503671166,82.74998737870939
async,1,41.23776994183067,83.06667070547967
async,1,41.40435296719186,83.06667070547967
async,1,41.690181128667696,82.76666767636992
async,1,41.70696456212784,83.0833308090752
async,1,41.79151731507437,82.99998990296751
async,1,41.84191396024147,82.94998939811589
async,1,41.942581457583266,83.33333333333333
async,1,41.95936489104341,83.34999343692888
async,1,41.97628073817976,82.93332929452033
async,1,42.043401230652705,83.01667020062804
async,1,42.160699885727,83.599995961187
async,1,42.17750318123857,83.61665606478256
async,1,42.2450473974754,84.01666010359556
async,1,42.27854805755758,83.94999949514838
async,1,42.39582022989662,83.86665858904068
async,1,42.44631618532088,83.44999444663213
async,1,42.496613520230824,83.46665455022769
async,1,42.58059689436964,83.81665808418906
async,1,42.631185539367245,83.34999343692888
async,1,42.68193308077632,83.4833348478882
async,1,42.715599257953755,83.44999444663213
async,1,42.799900424915485,83.86665858904068
async,1,42.81665075495658,83.56665555993094
async,1,42.93400237550135,83.599995961187
async,1,43.03490159677652,82.45000454366462
async,1,43.068382394807266,82.76666767636992
async,1,43.353998694401156,83.31665303567281
async,1,43.38771783704908,83.26665253082119
async,1,43.40446816709017,83.33333333333333
async,1,43.487531266179296,83.73331717808136
async,1,43.504400768528974,83.49999495148376
async,1,43.521151098570066,83.49999495148376
async,1,43.6051477140765,83.24999242722564
async,1,43.62198411300713,83.43333434303658
async,1,43.90731572319716,83.66665656963418
async,1,43.94081638327933,83.2833328284817
async,1,43.97429718131007,83.64999646603863
async,1,44.09151638817864,84.28332273144923
async,1,44.141999102235275,84.28332273144923
async,1,44.27646519043073,83.54999545633538
async,1,44.49458361857446,83.63333636244307
async,1,44.62861936232222,84.30000302910975
async,1,44.64538293373093,84.28332273144923
async,1,44.662153125823444,84.28332273144923
async,1,44.796764869062734,83.69999697089025
async,1,44.813548302522875,83.71665707448581
async,1,44.91418269644562,83.81665808418906
async,1,45.03143500673323,84.81666818122154
async,1,45.048185336774324,84.74998737870939
async,1,45.149548005916245,84.48332475085573
async,1,45.2001035474948,84.68332677026223
async,1,45.21686711890351,84.69998687385777
async,1,45.23365055236365,84.38332374115248
async,1,45.30138014774718,84.69998687385777
async,1,45.351902585906686,84.68332677026223
async,1,45.36865291594777,84.44998434959965
async,1,45.45273560034374,84.5166651521118
async,1,45.67881871111176,84.30000302910975
async,1,45.695569041152844,84.4333242460041
async,1,45.779333932725905,84.81666818122154
async,1,45.896665691219255,84.18332172174598
async,1,46.015367931261416,83.73331717808136
async,1,46.16701469394565,83.599995961187
async,1,46.200581560865935,83.53333535273983
async,1,46.23428084146243,83.56665555993094
async,1,46.33571633812627,83.89999899029675
async,1,46.36926996367893,83.88331869263624
async,1,46.3860136730362,84.10000100970325
async,1,46.46981828871213,83.94999949514838
async,1,46.52008252020302,83.2833328284817
async,1,46.58709708173499,83.38333383818495
async,1,46.63743414074779,83.44999444663213
async,1,46.687731475657735,83.31665303567281
async,1,46.73801556920005,83.31665303567281
async,1,46.85531422427434,82.5499853593029
async,1,46.87206455431543,82.56666565696342
async,1,46.92233540649013,83.11665101626632
async,1,46.973248464994455,83.0833308090752
async,1,47.10763510498418,82.06666060844718
async,1,47.44364804974517,82.53332525570735
async,1,47.460398379786255,82.25000252425812
async,1,47.51064936990952,82.6333262654106
async,1,47.56138366995097,83.04999040781914
async,1,47.615315760272985,83.03333030422358
async,1,47.63879932574956,83.01667020062804
async,1,47.65568206946686,82.6333262654106
async,1,47.739930270958105,82.76666767636992
async,1,47.756680600999196,82.78332777996548
async,1,47.90759908846425,84.0
async,1,47.991330876618264,83.34999343692888
async,1,48.00808120665935,83.73331717808136
async,1,48.12606841284995,84.61666616181505
async,1,48.14281874289104,84.2000020194065
async,1,48.226782254978424,84.33332323630086
async,1,48.328052234546995,84.36666363755693
async,1,48.445397234407956,83.69999697089025
async,1,48.4621806678681,83.69999697089025
async,1,48.47893099790919,84.0
async,1,48.56300044093754,83.96665959874393
async,1,48.646785194562035,84.0
async,1,48.66353552460312,84.38332374115248
async,1,48.747697657204824,84.35000353396137
async,1,48.865420036043005,84.3166631327053
async,1,48.915763715739615,83.88331869263624
async,1,48.949396789498,84.23332222659761
async,1,48.98323510445453,84.23332222659761
async,1,49.06743034047528,84.61666616181505
async,1,49.084180670516375,84.59998586415452
async,1,49.134431660639635,84.56666565696342
async,1,49.151181990680726,84.98332979937196
async,1,49.23496674430522,84.93332929452033
async,1,49.35329822605398,84.64998636900614
async,1,49.437202151987066,84.28332273144923
async,1,49.45423055074821,84.3166631327053
async,1,49.89120230293866,84.26666262785368
async,1,49.92488172148372,84.68332677026223
async,1,49.992869523535866,84.66666666666667
async,1,50.111181143233196,84.69998687385777
async,1,50.12793147327429,84.6333262654106
async,1,50.29601739386051,84.69998687385777
async,1,50.46481834829829,85.88331869263624
async,1,50.49835211179951,85.4833348478882
async,1,50.53195208213885,85.61665606478256
async,1,50.65001873653519,84.96666969577642
async,1,50.71799991790352,84.96666969577642
async,1,50.835583262381675,84.06666060844718
async,1,50.95303419318361,84.23332222659761
async,1,51.087533384798114,84.2000020194065
async,1,51.22198623162595,84.33332323630086
async,1,51.339933713713684,84.35000353396137
async,1,51.441097762341286,84.08332071204273
async,1,51.47498242208448,84.10000100970325
async,1,51.575802195153926,84.86666868607317
async,1,51.592598869981686,84.83332828481709
async,1,51.609547820537095,84.84998838841264
async,1,51.693683470403556,85.19999192237401
async,1,51.8060695780903,84.49998485445127
async,1,51.9071674198798,84.84998838841264
async,1,52.00836457192645,84.73332727511385
async,1,52.025584970518096,84.33332323630086
async,1,52.10946903439975,84.41666414240855
async,1,52.22738341306844,84.28332273144923
async,1,52.27795219601461,83.7999979805935
async,1,52.32841504801982,83.83331818778461
async,1,52.362081225197265,83.84999848544513
async,1,52.378917624127894,84.1166611132988
async,1,52.46411920408787,84.01666010359556
async,1,52.58239772036615,82.89998889326426
async,1,52.599201015877725,82.9166691909248
async,1,52.615997690705484,82.93332929452033
async,1,52.71663208462823,82.21666212300205
async,1,52.85127031060276,83.33333333333333
async,1,52.93558471893211,83.2833328284817
async,1,52.98611377777542,82.64998636900614
async,1,53.0197998170043,82.79998788356102
async,1,53.10476967303091,83.24999242722564
async,1,53.22271715511865,82.56666565696342
async,1,53.239467485159736,82.56666565696342
async,1,53.35821606998857,82.78332777996548
async,1,53.475918586775315,82.84998838841264
async,1,53.5434363202769,83.84999848544513
async,1,53.594117654847864,83.599995961187
async,1,53.62761831493004,83.56665555993094
async,1,53.762216816801704,84.30000302910975
async,1,53.95471319859801,84.400004038813
async,1,53.98821385868018,85.01667020062804
async,1,54.072051577775156,84.96666969577642
async,1,54.12236877473653,84.93332929452033
async,1,54.13925151845383,85.31665303567281
async,1,54.18964816362093,84.89998889326426
async,1,54.22318192712216,85.16665152111794
async,1,54.32396859677255,85.58333585759145
async,1,54.340718926813636,85.36665354052444
async,1,54.559069078890744,85.36665354052444
async,1,54.66035229982693,85.66665656963418
async,1,54.82971601238862,85.64999646603863
async,1,54.964830927597525,84.88332878966871
async,1,54.998715587340726,84.79998788356102
async,1,55.033017350163995,84.78332777996548
async,1,55.150402074127825,84.7166671715183
async,1,55.183982182415726,84.15000151455487
async,1,55.2511821230944,84.23332222659761
async,1,55.33528466954181,84.21666212300205
async,1,55.41963218129021,84.4333242460041
async,1,55.4363825113313,84.41666414240855
async,1,55.453185806842875,84.4333242460041
async,1,55.5035361072233,83.7999979805935
async,1,55.57059701354195,83.81665808418906
async,1,55.839568914035716,83.98331970233949
async,1,55.97446534667887,84.74998737870939
async,1,56.007999110180094,84.56666565696342
async,1,56.075185809491146,84.69998687385777
async,1,56.176085030766316,84.73332727511385
async,1,56.22675312396966,85.63333636244307
async,1,56.27751390674634,85.29999293207726
async,1,56.294284098838865,85.33333333333333
async,1,56.41215213272088,84.73332727511385
async,1,56.42890246276196,84.73332727511385
async,1,56.513230112458935,83.63333636244307
async,1,56.53007975275718,83.98331970233949
async,1,56.64845095860881,83.96665959874393
async,1,56.765815820521205,83.11665101626632
async,1,56.93416656845986,82.99998990296751
async,1,56.95095000192,82.99998990296751
async,1,57.068586311868636,82.33332323630086
async,1,57.25393235514937,82.23332222659761
async,1,57.38910023582876,83.11665101626632
async,1,57.422733309587144,83.14999141752239
async,1,57.43951674304729,82.73332727511385
async,1,57.47320278227617,83.39999394178051
async,1,57.506868959453605,83.2833328284817
async,1,57.60743052585443,83.66665656963418
async,1,57.657747722815806,83.599995961187
async,1,57.69134769315514,84.10000100970325
async,1,57.742081993196585,83.78333787699795
async,1,57.926501140743824,83.31665303567281
async,1,57.96001504219362,83.33333333333333
async,1,58.054233993503786,84.1166611132988
async,1,58.171982855077204,82.49998485445127
async,1,58.25631712545798,82.15000151455487
async,1,58.27359711020393,82.28332273144923
async,1,58.42443614946326,82.15000151455487
async,1,58.44128578976151,82.13332121689436
async,1,58.57563270564837,83.04999040781914
async,1,58.6260492128669,82.98332979937196
async,1,58.67701523684172,82.64998636900614
async,1,58.71053575897533,82.66666666666667
async,1,58.81121649768475,83.44999444663213
async,1,58.8281323448211,83.33333333333333
async,1,58.878469403833904,83.38333383818495
async,1,58.97898462544806,83.6833368672947
async,1,59.06278262044017,83.63333636244307
async,1,59.16346335914959,85.03333030422358
async,1,59.180233551242104,85.03333030422358
async,1,59.196983881283195,85.33333333333333
async,1,59.263998442815165,85.03333030422358
async,1,59.280781876275306,85.03333030422358
async,1,59.38213130404961,84.13332121689436
async,1,59.44915248626539,84.18332172174598
async,1,59.63398211620889,84.13332121689436
async,1,59.71774700778195,84.03332020719111
async,1,59.73458340671258,84.05000050485162
async,1,59.751333736753665,84.03332020719111
async,1,59.868685357298446,83.4833348478882
async,1,60.05448160707831,83.18333181877846
async,1,60.08804847399859,83.26665253082119
async,1,60.110313833654,83.54999545633538
async,1,60.189881211691066,83.44999444663213
async,1,60.25694873869353,83.54999545633538
async,1,60.34131611249336,83.93331919748786
async,1,60.358298166467826,83.71665707448581
async,1,60.37504849650891,83.73331717808136
async,1,60.40858226001014,84.33332323630086
async,1,60.44208292009232,83.19999192237401
async,1,60.59366347593845,83.34999343692888
async,1,60.627183998072056,82.58332576055898
async,1,60.69426476644214,83.04999040781914
async,1,60.77826800263239,83.04999040781914
async,1,60.91263478057068,83.71665707448581
async,1,61.03028433188693,83.74999747574188
async,1,61.13088562239062,84.03332020719111
async,1,61.33201537587608,84.13332121689436
async,1,61.34879880933622,83.69999697089025
async,1,61.4335634241647,83.7999979805935
async,1,61.50101495082818,84.9166691909248
async,1,61.53480030031422,84.89998889326426
async,1,61.60211941330148,84.86666868607317
async,1,61.6356465561189,85.599995961187
async,1,61.669465009023995,85.03333030422358
async,1,61.686281545903185,84.59998586415452
async,1,61.7706356783354,84.61666616181505
async,1,61.98881369263343,84.48332475085573
async,1,62.12308116031456,84.5166651521118
async,1,62.14001686950235,84.5166651521118
async,1,62.2392344370896,84.06666060844718
async,1,62.25598476713069,84.08332071204273
async,1,62.35675157472964,82.99998990296751
async,1,62.390450855326144,83.13333131392683
async,1,62.42408392908453,83.11665101626632
async,1,62.49142952480704,83.44999444663213
async,1,62.524930184889215,83.41665404537606
async,1,62.60871493851371,83.41665404537606
async,1,62.6254652685548,83.01667020062804
async,1,62.675736120729496,83.599995961187
async,1,62.69255265760869,83.599995961187
async,1,62.70930298764978,83.7999979805935
async,1,62.75954735708923,83.53333535273983
async,1,62.77629768713032,83.54999545633538
async,1,63.012066858313396,83.66665656963418
async,1,63.14669846360412,83.29999293207726
async,1,63.26453339406707,82.53332525570735
async,1,63.432897383373344,83.19999192237401
async,1,63.449700678884916,82.89998889326426
async,1,63.53375025986184,82.9166691909248
async,1,63.567264161311634,82.89998889326426
async,1,63.61760122032444,82.45000454366462
async,1,63.65141967322953,82.84998838841264
async,1,63.68499978151743,82.83332828481709
async,1,63.80248381573843,81.71665707448581
async,1,63.81923414577951,81.71665707448581
async,1,63.953349337733,80.56666565696342
async,1,64.10418175630852,80.25000252425812
async,1,64.25500093351641,81.18333181877846
async,1,64.27183071176323,81.19999192237401
async,1,64.4069191442369,81.96665959874393
async,1,64.44044628705431,81.94999949514838
async,1,64.4571966170954,82.25000252425812
async,1,64.50750057268915,81.78333787699795
async,1,64.57479982362499,81.54999545633538
async,1,64.67581821720874,82.05000050485162
async,1,64.69256854724983,82.05000050485162
async,1,64.77691605899824,83.0833308090752
async,1,64.81080071874143,82.88332878966871
async,1,64.82759739356919,82.86666868607317
async,1,64.96279837766764,84.03332020719111
async,1,65.06345263364182,84.44998434959965
async,1,65.11394858906607,84.16666161815043
async,1,65.1643650962846,84.18332172174598
async,1,65.29851339165714,84.49998485445127
async,1,65.34876438178041,84.5166651521118
async,1,65.44928622407836,83.83331818778461
async,1,65.46602993343565,83.84999848544513
async,1,65.58348086423759,84.53332525570735
async,1,65.71752984935296,84.4333242460041
async,1,65.85178407566647,85.18333181877846
async,1,66.00288132159442,85.09999091267076
async,1,66.03640184372803,84.7166671715183
async,1,66.08676538547607,85.06667070547967
async,1,66.1706362079901,85.0833308090752
async,1,66.28796796648345,84.28332273144923
async,1,66.3614641774661,84.3166631327053
async,1,66.40676951678277,84.69998687385777
async,1,66.45723236878798,84.400004038813
async,1,66.52451837835619,84.28332273144923
async,1,66.55851558972417,84.33332323630086
async,1,66.57548440233101,84.3166631327053
async,1,66.67605258941565,83.58333585759145
async,1,66.69298167791962,83.599995961187
async,1,66.96208599208961,83.6833368672947
async,1,67.0123502235805,83.0833308090752
async,1,67.06260121370376,83.44999444663213
async,1,67.11285220382702,83.38333383818495
async,1,67.19671640565724,83.04999040781914
async,1,67.28051440064935,83.74999747574188
async,1,67.31428650876776,83.66665656963418
async,1,67.36453087820722,83.46665455022769
async,1,67.41488117858765,83.41665404537606
async,1,67.54933402541548,84.13332121689436
async,1,67.58283468549766,84.15000151455487
async,1,67.68342935531753,84.53332525570735
async,1,67.76768417749258,84.48332475085573
async,1,67.88541317701457,83.76665757933743
async,1,67.9695819303001,83.74999747574188
async,1,68.05396916615136,84.33332323630086
async,1,68.08758237785831,84.28332273144923
async,1,68.12144717555007,84.18332172174598
async,1,68.13819750559117,84.46666464726017
async,1,68.27235242164751,83.53333535273983
async,1,68.28911599305623,83.53333535273983
async,1,68.40668609616675,84.10000100970325
async,1,68.5058308362321,84.10000100970325
async,1,68.58963545190801,83.63333636244307
async,1,68.60643212673578,83.64999646603863
async,1,68.67344668826775,83.61665606478256
async,1,68.77404797877143,84.03332020719111
async,1,68.79079830881253,84.05000050485162
async,1,68.90830220508495,84.64998636900614
async,1,69.05955172674055,83.54999545633538
async,1,69.12663249511063,83.599995961187
async,1,69.14338282515172,83.4833348478882
async,1,69.1601331551928,83.49999495148376
async,1,69.24395101223635,84.400004038813
async,1,69.29423510577867,84.3166631327053
async,1,69.32773576586084,84.30000302910975
async,1,69.4450145588837,83.7999979805935
async,1,69.47853508101731,83.83331818778461
async,1,69.51208208588616,83.51665505507931
async,1,69.57909664741813,83.64999646603863
async,1,69.74728187826152,83.53333535273983
async,1,69.8816486561998,83.66665656963418
async,1,69.91516917833341,83.69999697089025
async,1,69.98218373986539,84.05000050485162
async,1,69.99893406990648,84.03332020719111
async,1,70.04923140481641,83.71665707448581
async,1,70.0659817348575,84.10000100970325
async,1,70.09948239493968,83.78333787699795
async,1,70.13300291707328,83.78333787699795
async,1,70.18349887249755,84.05000050485162
async,1,70.20043458168533,83.53333535273983
async,1,70.21721801514548,83.51665505507931
async,1,70.33535087637992,83.0833308090752
async,1,70.45271573829231,83.599995961187
async,1,70.4694660683334,83.599995961187
async,1,70.52716532774372,83.09999091267076
async,1,70.58900251453571,83.13333131392683
async,1,70.80701501173847,82.99998990296751
async,1,70.85749772579511,82.96666969577642
async,1,70.99389705366329,81.7999979805935
async,1,71.12811817655775,82.83332828481709
async,1,71.21214789548324,82.86666868607317
async,1,71.31271608256787,83.9166590938923
async,1,71.32946641260897,83.89999899029675
async,1,71.37971740273223,83.88331869263624
async,1,71.42996839285549,83.46665455022769
async,1,71.48023262434637,83.4833348478882
async,1,71.49703591985795,83.46665455022769
async,1,71.61440078177034,84.53332525570735
async,1,71.64790144185253,84.5166651521118
async,1,71.79873386042804,84.56666565696342
async,1,71.94963248584166,85.78333787699795
async,1,71.98317949071051,85.38333383818495
async,1,72.05033308660252,85.56665555993094
async,1,72.15100058394431,85.43333434303658
async,1,72.28614860257227,84.94998939811589
async,1,72.35320288820711,84.53332525570735
async,1,72.38694851359028,84.56666565696342
async,1,72.42064779418678,84.61666616181505
async,1,72.53829734550304,83.69999697089025
async,1,72.57183110900426,83.73331717808136
async,1,72.58858143904536,83.73331717808136
async,1,72.6904009353702,83.26665253082119
async,1,72.7071512654113,83.2833328284817
async,1,72.87491939317461,83.2833328284817
async,1,72.9766991653966,82.98332979937196
async,1,72.99354880569484,83.38333383818495
async,1,73.07733355931934,83.36665354052444
async,1,73.1951684897823,83.49999495148376
async,1,73.2461808585438,83.51665505507931
async,1,73.26298415405537,83.11665101626632
async,1,73.31326824759769,83.51665505507931
async,1,73.43093104028156,84.3166631327053
async,1,73.44771447374171,84.3166631327053
async,1,73.56501312881599,85.26665253082119
async,1,73.6153501878288,84.88332878966871
async,1,73.64885084791098,85.31665303567281
async,1,73.66560117795207,85.31665303567281
async,1,73.83348185734016,83.93331919748786
async,1,73.88422939874923,83.94999949514838
async,1,73.90131738366466,84.21666212300205
async,1,73.95187954592703,83.76665757933743
async,1,73.96866297938716,83.78333787699795
async,1,73.98544641284731,83.49999495148376
async,1,74.06928413194228,83.53333535273983
async,1,74.23823074142389,83.53333535273983
async,1,74.25498107146498,83.53333535273983
async,1,74.3559663616297,83.98331970233949
async,1,74.57395237609721,83.93331919748786
async,1,74.66686705269667,84.3166631327053
async,1,74.7418330554853,84.46666464726017
async,1,74.76178117580696,84.06666060844718
async,1,74.8397860724647,84.36666363755693
async,1,74.8565364025058,84.400004038813
async,1,74.92358406745683,84.81666818122154
async,1,74.95718403779615,84.79998788356102
async,1,74.97393436783724,84.81666818122154
async,1,75.09181564308687,85.56665555993094
async,1,75.12553478573481,85.56665555993094
async,1,75.14229835714352,85.24999242722564
async,1,75.22646711042903,85.29999293207726
async,1,75.32723391802799,85.18333181877846
async,1,75.42808017383267,84.84998838841264
async,1,75.49591570015717,84.86666868607317
async,1,75.61413463028116,84.03332020719111
async,1,75.78258468847696,83.88331869263624
async,1,75.900346791418,84.73332727511385
async,1,76.13514934276472,84.5499853593029
async,1,76.16863014079546,84.84998838841264
async,1,76.21896719980826,84.38332374115248
async,1,76.28598176134024,84.36666363755693
async,1,76.30273209138133,83.81665808418906
async,1,76.3699982388981,84.30000302910975
async,1,76.50428556863066,84.36666363755693
async,1,76.55454980012155,84.81666818122154
async,1,76.58820273593138,84.30000302910975
async,1,76.60496630734009,84.30000302910975
async,1,76.65521729746335,84.73332727511385
async,1,76.70546828758661,84.53332525570735
async,1,76.7875184220527,84.69998687385777
async,1,76.82113163375966,84.68332677026223
async,1,76.93849649567206,84.08332071204273
async,1,77.14020224864905,84.21666212300205
async,1,77.19055254902948,84.21666212300205
async,1,77.22449679492696,84.66666666666667
async,1,77.27598585292283,84.13332121689436
async,1,77.30981754719555,84.16666161815043
async,1,77.37723597043997,84.73332727511385
async,1,77.41113387155079,84.7166671715183
async,1,77.4448993589854,84.68332677026223
async,1,77.56318449594748,84.16666161815043
async,1,77.58006723966479,84.16666161815043
async,1,77.69733279132002,84.7166671715183
async,1,77.96604648514517,85.41665404537606
async,1,78.23494555811702,85.24999242722564
async,1,78.25185478456957,85.54999545633538
async,1,78.2688831833307,85.13333131392683
async,1,78.33600367580365,85.36665354052444
async,1,78.43679696613785,85.33333333333333
async,1,78.45354729617894,84.9166691909248
async,1,78.537312187752,84.98332979937196
async,1,78.6714340003893,84.94998939811589
async,1,78.7892292067494,84.5166651521118
async,1,78.85710445717676,84.46666464726017
async,1,79.0416493977164,83.38333383818495
async,1,79.07532219557764,83.41665404537606
async,1,79.10903471754176,83.43333434303658
async,1,79.27716036223086,82.53332525570735
async,1,79.3278880415885,82.94998939811589
async,1,79.37914537565098,82.89998889326426
async,1,79.46308240500312,82.86666868607317
async,1,79.58065250811364,83.6833368672947
async,1,79.69797102523937,83.73331717808136
async,1,79.8153557492032,84.13332121689436
async,1,79.91961827785421,84.44998434959965
async,1,79.97021354353564,85.26665253082119
async,1,80.00421737558742,84.88332878966871
async,1,80.02096770562851,84.44998434959965
async,1,80.10485176951016,84.53332525570735
async,1,80.15530138014775,84.73332727511385
async,1,80.25637273920199,85.16665152111794
async,1,80.37444601428214,84.6333262654106
async,1,80.57633714640583,84.79998788356102
async,1,80.77912869152777,84.5166651521118
async,1,80.89704307019646,83.88331869263624
async,1,80.98884547191572,83.88331869263624
async,1,81.03910970340661,84.73332727511385
async,1,81.08961227951468,84.21666212300205
async,1,81.27463390928868,84.26666262785368
async,1,81.35888873146374,85.13333131392683
async,1,81.39242911564878,84.79998788356102
async,1,81.55994565742728,84.76666767636992
async,1,81.67734362275873,84.23332222659761
async,1,81.8624049766356,84.96666969577642
async,1,81.89597184355588,84.99998990296751
async,1,81.97994859701089,85.16665152111794
async,1,81.99675189252247,84.86666868607317
async,1,82.06446824653838,85.36665354052444
async,1,82.33385062942841,85.26665253082119
async,1,82.36747046181918,85.26665253082119
async,1,82.38423403322788,85.61665606478256
async,1,82.46814457984479,85.54999545633538
async,1,82.48492139262112,85.53333535273983
async,1,82.56880545650277,85.06667070547967
async,1,82.58555578654386,85.43333434303658
async,1,82.65259683081108,84.83332828481709
async,1,82.66934716085215,84.83332828481709
async,1,82.82021930353055,83.9166590938923
async,1,82.83722121955644,83.94999949514838
async,1,82.9545000125793,83.11665101626632
async,1,82.9880139140291,83.09999091267076
async,1,83.09007837565495,83.39999394178051
async,1,83.20820461620558,83.53333535273983
async,1,83.32625140855048,82.81666818122154
async,1,83.41026788610834,82.76666767636992
async,1,83.47729568900795,82.53332525570735
async,1,83.51079634909011,82.56666565696342
async,1,83.5275996446017,83.01667020062804
async,1,83.61137777754237,82.68332677026223
async,1,83.74563200385589,83.64999646603863
async,1,83.79592271808201,83.63333636244307
async,1,83.94708617084807,84.58332576055898
async,1,84.03085106242114,84.5499853593029
async,1,84.19848677650822,83.06667070547967
async,1,84.21525034791694,83.06667070547967
async,1,84.33288665786557,83.81665808418906
async,1,84.36638731794774,83.81665808418906
async,1,84.41673099764436,83.01667020062804
async,1,84.46769702161919,83.26665253082119
async,1,84.53469834178354,83.19999192237401
async,1,84.56819900186571,83.4833348478882
async,1,84.5849493319068,83.03333030422358
async,1,84.61866185387092,83.03333030422358
async,1,84.68602069096104,83.06667070547967
async,1,84.71968024745468,83.46665455022769
async,1,84.78676101582475,83.43333434303658
async,1,85.0048198578142,83.34999343692888
async,1,85.03851913841069,82.58332576055898
async,1,85.08918061093021,83.31665303567281
async,1,85.13841201574664,83.61665606478256
async,1,85.17229667548983,82.36666363755693
async,1,85.24047647737248,82.74998737870939
async,1,85.39149427509471,82.74998737870939
async,1,85.50899817136712,83.54999545633538
async,1,85.59309409713073,83.64999646603863
async,1,85.69382118062681,84.15000151455487
async,1,85.82791651052888,84.2000020194065
async,1,85.92913352462696,84.2000020194065
async,1,86.0632818199995,85.11665101626632
async,1,86.09708703153697,85.0833308090752
async,1,86.1477485040565,85.04999040781914
async,1,86.2148425137942,86.3166631327053
async,1,86.24834317387636,86.10000100970325
async,1,86.28216162678146,86.08332071204273
async,1,86.39993035040631,83.58333585759145
async,1,86.4166806804474,83.58333585759145
async,1,86.4335634241647,83.33333333333333
async,1,86.51800362548646,83.36665354052444
async,1,86.70327684124527,83.2833328284817
async,1,86.75369996914762,82.89998889326426
async,1,86.80395095927088,82.93332929452033
async,1,86.90458535319362,82.98332979937196
async,1,87.02183766348124,82.10000100970325
async,1,87.05543101313675,82.13332121689436
async,1,87.17268332342438,81.56665555993094
async,1,87.23919471298673,81.599995961187
async,1,87.45766403737244,84.01666010359556
async,1,87.28947218584524,81.41665404537606
async,1,87.47456002245735,84.0
async,1,87.54161430809219,83.56665555993094
async,1,87.5754989678354,83.58333585759145
async,1,87.59231550471459,83.56665555993094
async,1,87.71033581432425,82.73332727511385
async,1,87.72708614436533,82.74998737870939
async,1,87.82768081418521,83.09999091267076
async,1,87.92830196674034,82.5499853593029
async,1,88.029254153486,83.38333383818495
async,1,88.04609717310042,83.04999040781914
async,1,88.096546783738,83.46665455022769
async,1,88.1132971137791,83.46665455022769
async,1,88.2485312012966,83.61665606478256
async,1,88.38291784128631,82.86666868607317
async,1,88.45003833375927,82.86666868607317
async,1,88.58451766332234,82.01666010359556
async,1,88.66899758874696,82.21666212300205
async,1,88.71946044075216,82.5499853593029
async,1,88.77001598233072,82.53332525570735
async,1,88.83754695719993,82.49998485445127
async,1,88.88783767142606,82.99998990296751
async,1,88.9382607993284,82.98332979937196
async,1,88.98900172005365,82.99998990296751
async,1,89.05614869526184,83.14999141752239
async,1,89.1065850645318,82.5499853593029
async,1,89.123401601411,82.56666565696342
async,1,89.24091873905104,81.98331970233949
async,1,89.25773527593024,82.0
async,1,89.42305375068358,83.18333181877846
async,1,89.47347687858593,83.16665152111794
async,1,89.60808862182522,84.25000252425812
async,1,89.62487867596917,84.25000252425812
async,1,89.72583086271483,84.58332576055898
async,1,90.04655002787308,84.49998485445127
async,1,90.09698639714304,83.98331970233949
async,1,90.13073864321002,84.58332576055898
async,1,90.14751545598635,84.56666565696342
async,1,90.21504643085557,85.0833308090752
async,1,90.24899729743687,84.99998990296751
async,1,90.61958345305736,84.86666868607317
async,1,90.80441970368467,84.84998838841264
async,1,90.83796008786972,84.84998838841264
async,1,90.9054116145332,83.78333787699795
async,1,90.93923006743829,83.84999848544513
async,1,91.0566677568726,83.81665808418906
async,1,91.07351077648704,83.69999697089025
async,1,91.09032731336623,84.01666010359556
async,1,91.12423845584468,84.0
async,1,91.19157081019956,83.96665959874393
async,1,91.22517740122271,83.54999545633538
async,1,91.29260244515095,83.6833368672947
async,1,91.60729678804145,83.7999979805935
async,1,91.62410008355303,83.51665505507931
async,1,91.7079311819642,83.54999545633538
async,1,91.79208007319828,83.599995961187
async,1,91.84237078742441,83.26665253082119
async,1,91.85914760020074,83.2833328284817
async,1,91.92621512720319,84.30000302910975
async,1,91.95971578728538,83.96665959874393
async,1,92.04411626450427,83.96665959874393
async,1,92.1615671953062,84.68332677026223
async,1,92.21208301278189,84.73332727511385
async,1,92.31263795849891,85.19999192237401
async,1,92.39648229827769,85.18333181877846
async,1,92.49780524331675,84.69998687385777
async,1,92.5989957746796,84.61666616181505
async,1,92.63260236570274,85.26665253082119
async,1,92.71704256702449,85.14999141752239
async,1,92.80149600971387,85.0833308090752
async,1,92.81831254659306,85.38333383818495
async,1,92.88560517684509,85.0833308090752
async,1,92.96972758534392,85.01667020062804
async,1,93.02038905786345,84.61666616181505
async,1,93.07132859910303,84.6333262654106
async,1,93.25661505622946,84.6333262654106
async,1,93.40890402524334,83.39999394178051
async,1,93.45535474285926,83.88331869263624
async,1,93.48918643713198,83.56665555993094
async,1,93.57399739674713,83.14999141752239
async,1,93.59078745089107,83.19999192237401
async,1,93.75960164669648,83.34999343692888
async,1,93.79336713413109,82.88332878966871
async,1,93.86052735070689,82.93332929452033
async,1,94.01167756210532,84.05000050485162
async,1,94.18046527517548,84.05000050485162
async,1,94.28239732312512,84.06666060844718
async,1,94.4169428595263,84.88332878966871
async,1,94.45050972644658,84.84998838841264
async,1,94.46732626332579,84.58332576055898
async,1,94.51770966712526,85.0833308090752
async,1,94.5848301595982,85.16665152111794
async,1,94.6861133805344,84.9166691909248
async,1,94.75368407950647,84.99998990296751
async,1,94.77058006459139,84.96666969577642
async,1,94.78764818745539,85.43333434303658
async,1,94.8718765268952,85.31665303567281
async,1,95.08993536888464,85.29999293207726
async,1,95.17375322592818,84.5166651521118
async,1,95.19060948691025,84.5499853593029
async,1,95.22442793981534,84.56666565696342
async,1,95.30849738284368,84.38332374115248
async,1,95.32530067835526,84.400004038813
async,1,95.42613369279232,84.46666464726017
async,1,95.52683429355318,85.23333232363008
async,1,95.5564684742899,85.18333181877846
async,1,95.60714318817705,85.14999141752239
async,1,95.67436961159096,85.36665354052444
async,1,95.69111994163205,85.06667070547967
async,1,95.74141065585818,85.01667020062804
async,1,95.79183378376052,84.44998434959965
async,1,95.85924558632114,84.5499853593029
async,1,95.96066122093355,84.5499853593029
async,1,96.1126323971245,84.4333242460041
async,1,96.14615953994192,84.76666767636992
async,1,96.1964105300652,84.46666464726017
async,1,96.24679393386467,84.4333242460041
async,1,96.26376936715532,84.61666616181505
async,1,96.28051969719641,84.23332222659761
async,1,96.31408656411669,84.25000252425812
async,1,96.44875127282646,83.58333585759145
async,1,96.6003384493564,83.44999444663213
async,1,96.61711526213273,83.43333434303658
async,1,96.68500375392772,82.86666868607317
async,1,96.71851765537752,83.16665152111794
async,1,96.75209776366542,83.14999141752239
async,1,96.8023619951563,83.41665404537606
async,1,96.81916529066788,82.98332979937196
async,1,96.88625930040558,82.64998636900614
async,1,96.91993209826684,82.66666666666667
async,1,97.12202185090484,82.5499853593029
async,1,97.24005540188213,83.2833328284817
async,1,97.27362226880241,83.2833328284817
async,1,97.39121885464819,84.36666363755693
async,1,97.40799566742452,84.30000302910975
async,1,97.49219752412908,83.98331970233949
async,1,97.50905378511113,84.0
async,1,97.5597284989983,84.01666010359556
async,1,97.57651855314224,83.71665707448581
async,1,97.63997118678405,83.98331970233949
async,1,97.77407975805373,84.58332576055898
async,1,97.79089629493292,84.59998586415452
async,1,97.90885039770447,85.6833368672947
async,1,97.94280126428578,85.64999646603863
async,1,98.02695015551986,85.66665656963418
async,1,98.09452085449193,84.9166691909248
async,1,98.14490425829142,85.11665101626632
async,1,98.21221012991106,85.13333131392683
async,1,98.22900018405501,84.7166671715183
async,1,98.31306962708337,84.73332727511385
async,1,98.41453822716626,84.69998687385777
async,1,98.4313282813102,84.76666767636992
async,1,98.44811833545415,85.0833308090752
async,1,98.53239964036446,84.84998838841264
async,1,98.58298166467826,84.81666818122154
async,1,98.59973199471935,85.11665101626632
async,1,98.68380143774769,85.06667070547967
async,1,98.71732858056511,85.0833308090752
async,1,98.85198004790726,84.30000302910975
async,1,99.00372612084867,84.30000302910975
async,1,99.03735919460705,84.28332273144923
async,1,99.1383643468232,85.0833308090752
async,1,99.17197093784634,84.96666969577642
async,1,99.22223516933722,84.94998939811589
async,1,99.32302845967143,85.21665202596957
async,1,99.37331917389756,85.21665202596957
async,1,99.45801096120412,85.01667020062804
async,1,99.4747612912452,85.03333030422358
async,1,99.59291401453108,85.29999293207726
async,1,99.73999912606973,85.31665303567281
async,1,99.85792674610605,86.15000151455487
async,1,99.94185053409056,85.94999949514838
async,1,99.95865382960214,85.96665959874393
async,1,99.99222069652242,85.98331970233949
async,1,100.10961866185387,85.16665152111794
async,1,100.14321201150939,85.13333131392683
async,1,100.17704370578211,84.7166671715183
async,1,100.24434957740175,84.81666818122154
async,1,100.31144358713945,84.96666969577642
async,1,100.32826012401866,84.93332929452033
async,1,100.39542034059446,84.61666616181505
async,1,100.42898720751474,84.79998788356102
async,1,100.49609445862006,84.79998788356102
async,1,100.59676857664567,84.5499853593029
async,1,100.76571518612728,84.5166651521118
async,1,100.96735473226617,83.39999394178051
async,1,101.00112021970077,83.38333383818495
async,1,101.051477140765,84.2000020194065
async,1,101.11916701204568,84.16666161815043
async,1,101.15301194768601,84.18332172174598
async,1,101.2038985234551,84.61666616181505
async,1,101.23790235550689,84.28332273144923
async,1,101.27142949832431,84.26666262785368
async,1,101.32172021255043,83.78333787699795
async,1,101.37231547823185,84.10000100970325
async,1,101.5066491527511,84.08332071204273
async,1,101.52346568963029,84.26666262785368
async,1,101.5741801276203,83.86665858904068
async,1,101.59103638860236,83.86665858904068
async,1,101.7091096636825,83.14999141752239
async,1,101.80497716526153,83.2833328284817
async,1,101.92249430290158,83.88331869263624
async,1,102.02368483426442,83.23333232363008
async,1,102.05738411486092,83.24999242722564
async,1,102.20911694643469,83.24999242722564
async,1,102.22601293151962,82.81666818122154
async,1,102.29379549237363,83.13333131392683
async,1,102.3783681073716,83.56665555993094
async,1,102.39526409245653,83.54999545633538
async,1,102.52966397381387,83.49999495148376
async,1,102.58004737761335,83.53333535273983
async,1,102.7143810521326,84.49998485445127
async,1,102.84905900220998,84.46666464726017
async,1,102.98408122784554,85.51665505507931
async,1,103.0346367694241,85.56665555993094
async,1,103.06887894609306,85.33333333333333
async,1,103.13598619719839,85.38333383818495
async,1,103.22013508843247,85.38333383818495
async,1,103.27059794043768,85.86665858904068
async,1,103.32099458560478,85.61665606478256
async,1,103.33777139838111,85.61665606478256
async,1,103.37129854119853,85.2833328284817
async,1,103.4388692401706,85.31665303567281
async,1,103.4556195702117,85.33333333333333
async,1,103.47236990025277,85.09999091267076
async,1,103.55771051457279,85.14999141752239
async,1,103.64192561264498,85.19999192237401
async,1,103.70909907058841,84.81666818122154
async,1,103.74265269614106,84.83332828481709
async,1,103.75942950891739,84.83332828481709
async,1,103.82651027728748,83.86665858904068
async,1,103.86709506904711,83.89999899029675
async,1,103.95759981673947,83.74999747574188
async,1,104.00793025506846,83.46665455022769
async,1,104.05831365886795,83.49999495148376
async,1,104.2947515191159,82.88332878966871
async,1,104.37896661718808,83.44999444663213
async,1,104.39571694722918,83.09999091267076
async,1,104.46283743970213,83.0833308090752
async,1,104.47979963162516,82.74998737870939
async,1,104.56368369550681,82.93332929452033
async,1,104.66438429626766,82.89998889326426
async,1,104.73145182327012,83.18333181877846
async,1,104.7650186901904,83.11665101626632
async,1,104.78176902023148,83.11665101626632
async,1,104.89951126112109,84.05000050485162
async,1,104.93313109351186,84.01666010359556
async,1,104.95237080066578,84.15000151455487
async,1,104.96913437207448,84.16666161815043
async,1,105.00263503215666,84.44998434959965
async,1,105.05296547048566,83.96665959874393
async,1,105.06978200736485,83.96665959874393
async,1,105.13690249983779,84.28332273144923
async,1,105.15371903671699,83.96665959874393
async,1,105.17058853906667,83.98331970233949
async,1,105.23814599667112,84.4333242460041
async,1,105.27183203589999,84.16666161815043
async,1,105.37278422264565,84.18332172174598
async,1,105.40699991657938,84.23332222659761
async,1,105.47454413281622,83.86665858904068
async,1,105.57517852673895,84.21666212300205
async,1,105.67656767861612,84.25000252425812
async,1,105.74391327433862,84.33332323630086
async,1,105.7609019489969,84.3166631327053
async,1,105.79485281557821,83.94999949514838
async,1,105.86247648002076,84.08332071204273
async,1,105.9297161448023,84.08332071204273
async,1,105.9896995401273,83.66665656963418
async,1,106.03997701298582,83.74999747574188
async,1,106.07364981084706,83.84999848544513
async,1,106.158328356786,83.21665202596957
async,1,106.17511841092995,83.53333535273983
async,1,106.24270235126964,83.49999495148376
async,1,106.34342943476574,83.06667070547967
async,1,106.36021948890969,83.0833308090752
async,1,106.39372014899187,83.13333131392683
async,1,106.4617013303602,83.86665858904068
async,1,106.51220390646827,83.58333585759145
async,1,106.68030306842212,83.58333585759145
async,1,106.7809639450801,83.63333636244307
async,1,106.81458377747087,84.01666010359556
async,1,106.83141355571769,84.0
async,1,106.89858701366111,82.5499853593029
async,1,106.93212739784616,82.58332576055898
async,1,106.94891745199011,82.59998586415452
async,1,106.96572074750169,83.01667020062804
async,1,107.04989612147101,82.99998990296751
async,1,107.0666464515121,82.99998990296751
async,1,107.20195998723533,83.89999899029675
async,1,107.2525287701815,83.9166590938923
async,1,107.33674386825369,84.59998586415452
async,1,107.45424776452612,83.36665354052444
async,1,107.58944212794074,83.31665303567281
async,1,107.69019569417208,82.86666868607317
async,1,107.84138562967337,82.93332929452033
async,1,107.90873122539588,84.400004038813
async,1,107.94273505744768,84.36666363755693
async,1,108.3274365109526,84.30000302910975
async,1,108.36102986060813,84.06666060844718
async,1,108.37781991475208,84.74998737870939
async,1,108.42837545633063,84.76666767636992
async,1,108.44565544107658,84.81666818122154
async,1,108.46244549522052,84.84998838841264
async,1,108.52984405641352,85.64999646603863
async,1,108.58063794260926,85.63333636244307
async,1,108.61424453363242,85.599995961187
async,1,108.6311802428202,85.96665959874393
async,1,108.69830073529315,85.64999646603863
async,1,108.89984759185867,85.54999545633538
async,1,109.0007865372367,85.29999293207726
async,1,109.11936298428647,85.29999293207726
async,1,109.33848113568561,85.34999343692888
async,1,109.42311995752169,85.64999646603863
async,1,109.43991001166565,85.54999545633538
async,1,109.52388676512065,85.36665354052444
async,1,109.54063709516174,85.03333030422358
async,1,109.62449467630815,85.04999040781914
async,1,109.6749310455781,85.44999444663213
async,1,109.7759626805295,85.38333383818495
async,1,109.7927262519382,85.38333383818495
async,1,109.80959575428788,85.0833308090752
async,1,109.89467154125546,85.19999192237401
async,1,109.91148807813467,85.18333181877846
async,1,109.9959812449269,85.38333383818495
async,1,110.15530138014775,83.74999747574188
async,1,110.18908010894997,83.56665555993094
async,1,110.32347999030732,83.01667020062804
async,1,110.44091767974163,82.89998889326426
async,1,110.47496123589629,82.99998990296751
async,1,110.55930874764469,83.24999242722564
async,1,110.54257165897123,82.94998939811589
async,1,110.59286237319735,83.21665202596957
async,1,110.811543559465,83.2833328284817
async,1,110.86192696326448,83.599995961187
async,1,110.91235009116681,83.58333585759145
async,1,111.01303745056005,83.66665656963418
async,1,111.13115044974305,84.41666414240855
async,1,111.14795374525463,84.41666414240855
async,1,111.21529934097714,85.26665253082119
async,1,111.26607998580525,85.16665152111794
async,1,111.38485505336934,84.4333242460041
async,1,111.40160538341043,84.48332475085573
async,1,111.45209471815087,84.4333242460041
async,1,111.57011502776052,83.94999949514838
async,1,111.58701101284545,83.94999949514838
async,1,111.7045943573236,83.43333434303658
async,1,111.90660466175588,83.33333333333333
async,1,112.02418800623404,82.86666868607317
async,1,112.10827069063001,83.04999040781914
async,1,112.14206266079985,83.36665354052444
async,1,112.1966303367677,83.2833328284817
async,1,112.29378225100601,83.43333434303658
async,1,112.42823509783385,84.49998485445127
async,1,112.64646607760235,84.83332828481709
async,1,112.68011239272838,84.84998838841264
async,1,112.83135529370016,82.94998939811589
async,1,112.84809238237362,82.96666969577642
async,1,112.86490891925281,82.98332979937196
async,1,112.88175193886725,82.56666565696342
async,1,112.96619214018901,82.61666616181505
async,1,113.08393438107862,82.66666666666667
async,1,113.16781844496028,82.25000252425812
async,1,113.18460849910421,82.30000302910975
async,1,113.2013588291453,82.3166631327053
async,1,113.30219184358238,81.73333737214632
async,1,113.48806092088415,81.69999697089025
async,1,113.58874828027739,81.86665858904068
async,1,113.72296278248803,82.58332576055898
async,1,113.78997734402,82.61666616181505
async,1,113.89100897897139,84.61666616181505
async,1,113.90791820542393,84.59998586415452
async,1,113.94144534824134,84.6333262654106
async,1,113.97505193926449,84.93332929452033
async,1,114.02562072221068,84.6333262654106
async,1,114.09276769741886,84.59998586415452
async,1,114.19417009066365,84.99998990296751
async,1,114.2109601448076,84.61666616181505
async,1,114.28766738743845,84.9166691909248
async,1,114.59037829263157,85.06667070547967
async,1,114.87637859188648,83.34999343692888
async,1,114.89312892192757,83.36665354052444
async,1,114.96038182807673,83.38333383818495
async,1,114.99409435004085,82.99998990296751
async,1,115.06133401482239,83.2833328284817
async,1,115.17858632511,83.36665354052444
async,1,115.2122856057065,82.89998889326426
async,1,115.2460510931411,83.51665505507931
async,1,115.4307549300922,83.4833348478882
async,1,115.51486409722342,83.49999495148376
async,1,115.59874816110508,83.18333181877846
async,1,115.61551173251378,83.31665303567281
async,1,115.63235475212822,83.29999293207726
async,1,115.64923749584553,83.34999343692888
async,1,115.83386188459089,85.14999141752239
async,1,115.85067842147008,85.16665152111794
async,1,115.95137902223094,84.81666818122154
async,1,115.9681823177425,84.79998788356102
async,1,115.98518423376841,85.18333181877846
async,1,116.03543522389167,84.84998838841264
async,1,116.13621527285824,84.41666414240855
async,1,116.16984834661663,84.400004038813
async,1,116.18659867665772,83.98331970233949
async,1,116.27042977506889,84.25000252425812
async,1,116.38896649801578,84.21666212300205
async,1,116.53999753710562,83.13333131392683
async,1,116.55673462577909,83.44999444663213
async,1,116.5905001132137,83.06667070547967
async,1,116.62418615244258,83.0833308090752
async,1,116.67476817675637,83.0833308090752
async,1,116.7920866938821,82.4333242460041
async,1,116.80883702392318,82.41666414240855
async,1,116.87593103366088,81.6833368672947
async,1,116.90974948656597,81.98331970233949
async,1,116.99352761950665,81.94999949514838
async,1,117.02714745189742,81.31665303567281
async,1,117.09436063394372,81.86665858904068
async,1,117.1618783674453,81.83331818778461
async,1,117.22932989410879,81.44999444663213
async,1,117.21226177124478,81.84999848544513
async,1,117.26284379555858,81.6833368672947
async,1,117.38048010550722,81.6833368672947
async,1,117.39721719418068,81.6833368672947
async,1,117.5484203710496,82.7166671715183
async,1,117.5819342724994,82.76666767636992
async,1,117.6995440997128,83.33333333333333
async,1,117.78342816359445,83.04999040781914
async,1,117.884314143502,84.21666212300205
async,1,117.91780156221655,84.18332172174598
async,1,118.01838299066881,84.25000252425812
async,1,118.03546435490043,84.26666262785368
async,1,118.05220144357389,84.46666464726017
async,1,118.13612523155841,84.4333242460041
async,1,118.16990396036064,84.4333242460041
async,1,118.28727544295685,85.21665202596957
async,1,118.35491234876703,85.06667070547967
async,1,118.47309155478814,84.44998434959965
async,1,118.50693649042847,84.48332475085573
async,1,118.6076768152922,84.15000151455487
async,1,118.62445362806852,84.15000151455487
async,1,118.69166681011481,83.41665404537606
async,1,118.72560443532849,83.4833348478882
async,1,118.80952822331302,83.76665757933743
async,1,118.82638448429508,83.6833368672947
async,1,118.8599116271125,83.64999646603863
async,1,118.97713745466487,82.86666868607317
async,1,119.02742816889099,82.83332828481709
async,1,119.12835387290141,83.49999495148376
async,1,119.14510420294249,83.43333434303658
async,1,119.3801517195902,83.53333535273983
async,1,119.49780127090646,84.13332121689436
async,1,119.51455160094756,84.15000151455487
async,1,119.54814495060307,84.46666464726017
async,1,119.61534489128175,84.44998434959965
async,1,119.63216142816094,84.44998434959965
async,1,119.68261103879853,85.21665202596957
async,1,119.74974477263909,85.03333030422358
async,1,119.86701032429434,85.13333131392683
async,1,120.00141020565168,86.05000050485162
async,1,120.01863722492713,86.05000050485162
async,1,120.11954968756993,84.76666767636992
async,1,120.15314303722546,84.84998838841264
async,1,120.25384363798631,84.88332878966871
async,1,120.2705939680274,84.58332576055898
async,1,120.35451775601192,84.6333262654106
async,1,120.37128132742062,84.61666616181505
async,1,120.48859984454634,83.9166590938923
async,1,120.70987633886779,83.83331818778461
async,1,120.72666639301174,84.01666010359556
async,1,120.77697034860549,83.94999949514838
async,1,120.92789545675436,82.76666767636992
async,1,121.01170007243029,82.7166671715183
async,1,121.0452272152477,82.400004038813
async,1,121.06201726939165,82.81666818122154
async,1,121.07878084080036,82.81666818122154
async,1,121.19609935792609,83.64999646603863
async,1,121.27986424949914,83.66665656963418
async,1,121.3806310570981,84.0
async,1,121.39742111124205,84.01666010359556
async,1,121.48163620931425,84.68332677026223
async,1,121.51513686939641,84.66666666666667
async,1,121.64962944032712,83.71665707448581
async,1,121.78445304544834,83.63333636244307
async,1,121.93574891189061,84.81666818122154
async,1,122.01969918261038,83.81665808418906
async,1,122.03644951265146,84.1166611132988
async,1,122.06995017273364,84.1166611132988
async,1,122.17054484255353,83.71665707448581
async,1,122.28779715284114,83.61665606478256
async,1,122.35479847300549,83.58333585759145
async,1,122.48927780256857,82.49998485445127
async,1,122.52279170401836,82.4333242460041
async,1,122.6563838619508,83.36665354052444
async,1,122.68988452203297,83.36665354052444
async,1,122.8086198654942,82.61666616181505
async,1,122.95986276646597,82.53332525570735
async,1,123.0608679186821,83.51665505507931
async,1,123.09438182013191,83.53333535273983
async,1,123.12793544568457,83.89999899029675
async,1,123.14475198256376,83.49999495148376
async,1,123.17851746999837,83.49999495148376
async,1,123.2796417945231,83.61665606478256
async,1,123.31331459238436,82.94998939811589
async,1,123.38051453306304,82.98332979937196
async,1,123.51458338022984,84.05000050485162
async,1,123.63217996607561,84.0
async,1,123.69916804487235,83.66665656963418
async,1,123.71597134038392,84.03332020719111
async,1,123.76646067512436,83.88331869263624
async,1,123.8169367684972,84.21666212300205
async,1,123.86745258597288,84.16666161815043
async,1,123.90092676331982,84.21666212300205
async,1,123.98498296498056,83.38333383818495
async,1,124.01854983190084,83.39999394178051
async,1,124.13600076270278,83.39999394178051
async,1,124.18637092513463,83.7999979805935
async,1,124.23697943218367,83.78333787699795
async,1,124.28744228418888,83.36665354052444
async,1,124.30424557970045,83.69999697089025
async,1,124.32099590974154,84.01666010359556
async,1,124.37122041712956,83.66665656963418
async,1,124.47198722472852,82.9166691909248
async,1,124.48873755476961,82.93332929452033
async,1,124.6403512140348,83.06667070547967
async,1,124.65710154407587,83.39999394178051
async,1,124.67385187411696,83.01667020062804
async,1,124.72369238184396,83.01667020062804
async,1,124.74042947051743,83.03333030422358
async,1,124.75716655919089,82.48332475085573
async,1,124.8411433126459,82.64998636900614
async,1,124.85806578046606,82.7166671715183
async,1,124.87481611050715,82.4333242460041
async,1,124.89156644054825,82.45000454366462
async,1,124.92558351396765,82.46666464726017
async,1,125.04364354768018,83.31665303567281
async,1,125.211848640575,83.26665253082119
async,1,125.26223204437447,82.79998788356102
async,1,125.29573270445665,82.89998889326426
async,1,125.31250951723298,83.19999192237401
async,1,125.36287967966483,82.73332727511385
async,1,125.3799213197936,83.01667020062804
async,1,125.51459926987098,82.15000151455487
async,1,125.66549789528462,82.16666161815043
async,1,125.68224822532571,82.08332071204273
async,1,125.69926338271922,82.46666464726017
async,1,125.74979244156253,82.48332475085573
async,1,125.78339903258568,82.89998889326426
async,1,125.85053276642624,82.81666818122154
async,1,125.86742875151117,82.79998788356102
async,1,125.90110154937243,83.0833308090752
async,1,125.91791808625162,82.73332727511385
async,1,125.95177626325957,82.73332727511385
async,1,126.13649334157829,82.49998485445127
async,1,126.22073492238573,82.2000020194065
async,1,126.25443420298222,82.68332677026223
async,1,126.30469843447311,81.93331919748786
async,1,126.38851629151665,81.86665858904068
async,1,126.5226116214187,83.4833348478882
async,1,126.53940167556266,83.16665152111794
async,1,126.57336578351159,83.16665152111794
async,1,126.67434445299249,82.59998586415452
async,1,126.87567944767608,82.99998990296751
async,1,126.97622115202546,82.49998485445127
async,1,127.07676285637486,82.56666565696342
async,1,127.21138784098177,83.13333131392683
async,1,127.29528514623104,83.13333131392683
async,1,127.42977771716174,84.26666262785368
async,1,127.5304253524521,83.84999848544513
async,1,127.54717568249319,83.86665858904068
async,1,127.6814961156448,84.61666616181505
async,1,127.73176034713569,84.78332777996548
async,1,127.74861660811776,84.38332374115248
async,1,127.78262044016954,83.6833368672947
async,1,127.86659719362454,83.69999697089025
async,1,127.88334752366563,83.6833368672947
async,1,127.9506666366529,84.49998485445127
async,1,127.98418053810269,84.15000151455487
async,1,128.11875255723913,82.6333262654106
async,1,128.13576771463264,82.64998636900614
async,1,128.2868649605606,82.64998636900614
async,1,128.37062985213365,82.7166671715183
async,1,128.38743314764523,82.48332475085573
async,1,128.4377635859742,82.5499853593029
async,1,128.47138341836498,82.98332979937196
async,1,128.53850391083793,82.96666969577642
async,1,128.73968000911006,82.86666868607317
async,1,128.79006341290955,83.96665959874393
async,1,128.85963355839243,83.73331717808136
async,1,128.96069167607908,83.74999747574188
async,1,128.9774684888554,83.34999343692888
async,1,129.0279843063311,84.1166611132988
async,1,129.06169682829523,84.13332121689436
async,1,129.17935962097908,84.93332929452033
async,1,129.1961099510202,84.9166691909248
async,1,129.3312248662291,85.03333030422358
async,1,129.44883469344248,84.21666212300205
async,1,129.63402846099555,84.2000020194065
async,1,129.73480850996214,83.89999899029675
async,1,129.83609173089835,84.01666010359556
async,1,129.9035300161942,83.6833368672947
async,1,129.9372955036288,83.73331717808136
async,1,129.9541252818756,83.73331717808136
async,1,129.98785104520735,83.83331818778461
async,1,130.05485236537172,83.41665404537606
async,1,130.12207878878561,83.46665455022769
async,1,130.20583043899106,83.69999697089025
async,1,130.22263373450264,83.6833368672947
async,1,130.3236521280864,83.54999545633538
async,1,130.34040245812747,83.53333535273983
async,1,130.39066668961837,84.33332323630086
async,1,130.45780042345893,84.23332222659761
async,1,130.64219970895473,84.05000050485162
async,1,130.67579305861025,84.30000302910975
async,1,130.72634860018883,83.89999899029675
async,1,130.8446867026214,83.53333535273983
async,1,130.9120322983439,83.9166590938923
async,1,130.92880911112024,83.86665858904068
async,1,131.00759524846765,83.84999848544513
async,1,131.02454419902304,83.43333434303658
async,1,131.05811106594334,83.86665858904068
async,1,131.09206193252464,83.86665858904068
async,1,131.29527720141047,83.81665808418906
async,1,131.5808537769015,84.15000151455487
async,1,131.5976835551483,84.13332121689436
async,1,131.69888732787877,82.98332979937196
async,1,131.7157303474932,83.36665354052444
async,1,131.85050098714396,83.46665455022769
async,1,131.90103004598728,83.66665656963418
async,1,131.93471608521614,83.33333333333333
async,1,132.0186001490978,83.6833368672947
async,1,132.03535047913888,84.10000100970325
async,1,132.10237828203847,83.63333636244307
async,1,132.28812818703167,83.71665707448581
async,1,132.30498444801373,83.66665656963418
async,1,132.32180098489292,83.64999646603863
async,1,132.4058704279213,82.400004038813
async,1,132.47379864381912,82.4333242460041
async,1,132.57501565791722,82.5499853593029
async,1,132.5918189534288,81.71665707448581
async,1,132.6757427414133,82.3166631327053
async,1,132.72605993837468,82.76666767636992
async,1,132.77649630764463,82.53332525570735
async,1,132.91064460301718,82.5499853593029
async,1,132.96096179997855,82.89998889326426
async,1,133.0113981692485,82.6333262654106
async,1,133.10862953169254,82.08332071204273
async,1,133.12537986173365,82.5166651521118
async,1,133.2091447533067,82.41666414240855
async,1,133.29318771359982,82.28332273144923
async,1,133.3268340287258,81.88331869263624
async,1,133.39383534889018,82.23332222659761
async,1,133.41058567893126,82.25000252425812
async,1,133.42733600897236,83.11665101626632
async,1,133.51112738328067,83.09999091267076
async,1,133.57819491028312,83.09999091267076
async,1,133.59505117126517,82.68332677026223
async,1,133.6118279840415,83.49999495148376
async,1,133.66237028425243,83.18333181877846
async,1,133.74629407223696,83.16665152111794
async,1,133.84782887915796,83.54999545633538
async,1,133.88132953924014,83.53333535273983
async,1,133.98203014000097,82.49998485445127
async,1,133.9988599182478,82.73332727511385
async,1,134.100527138845,82.69998687385777
async,1,134.1172774688861,82.99998990296751
async,1,134.16796542414087,82.68332677026223
async,1,134.18472899554956,82.73332727511385
async,1,134.26858657669598,82.3166631327053
async,1,134.2853369067371,82.33332323630086
async,1,134.31885080818688,82.46666464726017
async,1,134.369141522413,82.78332777996548
async,1,134.4203988564755,82.68332677026223
async,1,134.5887760871494,82.5499853593029
async,1,134.60569855496956,82.96666969577642
async,1,134.68999310124747,82.89998889326426
async,1,134.70704798274386,82.46666464726017
async,1,134.77418171658442,82.79998788356102
async,1,134.7909320466255,82.81666818122154
async,1,134.89176506106256,82.3166631327053
async,1,134.90864780477986,82.7166671715183
async,1,134.97596691776712,82.25000252425812
async,1,134.99286290285207,82.53332525570735
async,1,135.04344492716587,82.53332525570735
async,1,135.11776872362486,82.83332828481709
async,1,135.17441529430926,82.25000252425812
async,1,135.20818078174386,82.53332525570735
async,1,135.3259362640011,83.03333030422358
async,1,135.42687520937912,83.09999091267076
async,1,135.52811870621244,83.03333030422358
async,1,135.59515975047967,81.26665253082119
async,1,135.64558287838202,81.61665606478256
async,1,135.7126636467521,81.64999646603863
async,1,135.74623051367237,82.08332071204273
async,1,135.81324507520435,81.98331970233949
async,1,135.91427671015572,82.5166651521118
async,1,135.9310800056673,82.21666212300205
async,1,135.9646468725876,82.21666212300205
async,1,135.9814766508344,81.89999899029675
async,1,136.06528126651034,82.03332020719111
async,1,136.13230906940993,81.96665959874393
async,1,136.25014399987288,82.5166651521118
async,1,136.28371086679317,82.48332475085573
async,1,136.40140014221228,81.61665606478256
async,1,136.4181769549886,81.56665555993094
async,1,136.46882518614052,81.63333636244307
async,1,136.5358529890401,81.76665757933743
async,1,136.60502589349437,83.56665555993094
async,1,136.65564764191106,83.51665505507931
async,1,136.7061369766515,83.19999192237401
async,1,136.75673224233293,83.23333232363008
async,1,136.773482572374,83.29999293207726
async,1,136.79023290241508,83.11665101626632
async,1,136.8069964738238,83.11665101626632
async,1,136.82374680386488,83.0833308090752
async,1,136.9249108524925,82.36666363755693
async,1,137.02545255684188,83.16665152111794
async,1,137.05896645829168,83.14999141752239
async,1,137.09248035974147,83.14999141752239
async,1,137.14281079807046,81.51665505507931
async,1,137.25946724681512,81.58333585759145
async,1,137.30981092651174,81.56665555993094
async,1,137.39405250731917,82.01666010359556
async,1,137.4108425614631,81.64999646603863
async,1,137.4612921721007,82.05000050485162
async,1,137.49483255628576,81.9166590938923
async,1,137.62939133405456,81.78333787699795
async,1,137.6463800087128,81.83331818778461
async,1,137.68005280657408,81.36665354052444
async,1,137.7473984022966,81.63333636244307
async,1,137.79802015071326,81.54999545633538
async,1,137.94914387937644,82.45000454366462
async,1,137.9826975049291,82.41666414240855
async,1,138.0331603569343,82.84998838841264
async,1,138.08341134705756,82.56666565696342
async,1,138.11691200713975,82.49998485445127
async,1,138.16736161777732,84.10000100970325
async,1,138.2683270458906,83.94999949514838
async,1,138.31864424285197,83.94999949514838
async,1,138.38571176985442,83.54999545633538
async,1,138.40246209989553,83.56665555993094
async,1,138.4359627599777,83.93331919748786
async,1,138.50314945928875,83.73331717808136
async,1,138.67101027662542,83.96665959874393
async,1,138.6877606066665,83.93331919748786
async,1,138.73801159678976,83.61665606478256
async,1,138.78826258691302,83.63333636244307
async,1,138.85558169990028,83.71665707448581
async,1,138.88914856682058,83.61665606478256
async,1,139.040298778219,83.64999646603863
async,1,139.15769674355047,84.05000050485162
async,1,139.19121064500027,83.7999979805935
async,1,139.2582119651646,83.88331869263624
async,1,139.34189740853193,83.98331970233949
async,1,139.40900465963728,84.46666464726017
async,1,139.44249207835182,84.4333242460041
async,1,139.5601019055652,84.4333242460041
async,1,139.67736745722044,84.38332374115248
async,1,139.777869437467,85.01667020062804
async,1,139.79461976750807,84.98332979937196
async,1,139.87863624506593,84.6333262654106
async,1,140.0348181761605,83.93331919748786
async,1,140.08524130406286,83.98331970233949
async,1,140.1189141019241,83.56665555993094
async,1,140.18624645627898,83.61665606478256
async,1,140.30447862777058,83.98331970233949
async,1,140.4058280555449,83.599995961187
async,1,140.47289558254735,83.66665656963418
async,1,140.54004255775553,84.01666010359556
async,1,140.57376832108727,83.96665959874393
async,1,140.87583039926696,84.10000100970325
async,1,140.892686660249,83.81665808418906
async,1,140.9429508917399,84.15000151455487
async,1,140.959701221781,84.13332121689436
async,1,141.01024352199192,84.15000151455487
async,1,141.12768121142625,84.99998990296751
async,1,141.22819643304038,84.93332929452033
async,1,141.31247773795067,84.84998838841264
async,1,141.3294796539766,85.13333131392683
async,1,141.41026523783484,85.09999091267076
async,1,141.5281134096654,85.0833308090752
async,1,141.6293304237635,84.9166691909248
async,1,141.66302970435999,84.99998990296751
async,1,141.86529159477706,85.0833308090752
async,1,141.99985037254586,85.58333585759145
async,1,142.05031322455108,85.39999394178051
async,1,142.10125276579066,85.43333434303658
async,1,142.1351109427986,85.41665404537606
async,1,142.2535284934369,84.64998636900614
async,1,142.32071519274797,84.6333262654106
async,1,142.4554196255606,83.74999747574188
async,1,142.62333340836776,83.64999646603863
async,1,142.64021615208506,83.83331818778461
async,1,142.7072836790875,83.7999979805935
async,1,142.7910088465577,83.09999091267076
async,1,142.84129956078382,83.14999141752239
async,1,143.09277961464971,83.26665253082119
async,1,143.14303060477297,82.94998939811589
async,1,143.1597941761817,83.33333333333333
async,1,143.17658423032566,83.33333333333333
async,1,143.41188333295815,84.25000252425812
async,1,143.52565316356134,84.61666616181505
async,1,143.6937523255152,84.61666616181505
async,1,143.72725298559737,84.58332576055898
async,1,143.7942410643941,85.2833328284817
async,1,143.82774172447628,84.94998939811589
async,1,143.92895873857435,84.41666414240855
async,1,144.01281631972077,84.38332374115248
async,1,144.07983088125275,84.08332071204273
async,1,144.11333154133493,84.10000100970325
async,1,144.16374142786964,84.4333242460041
async,1,144.2143499349187,84.400004038813
async,1,144.3993848060603,84.48332475085573
async,1,144.50015161365926,84.06666060844718
async,1,144.7692824105645,83.76665757933743
async,1,144.8531929571814,84.3166631327053
async,1,144.88669361726357,83.98331970233949
async,1,144.98742070075966,83.63333636244307
async,1,145.02150398101716,83.64999646603863
async,1,145.08937923144455,83.98331970233949
async,1,145.12315796024677,83.96665959874393
async,1,145.20690961045221,83.96665959874393
async,1,145.30774262488927,83.16665152111794
async,1,145.50931596419005,83.13333131392683
async,1,145.6251646895098,83.14999141752239
async,1,145.64191501955088,83.41665404537606
async,1,145.69223221651225,83.31665303567281
async,1,145.7933035755665,82.66666666666667
async,1,145.81029225022476,82.66666666666667
async,1,145.91140333338188,81.86665858904068
async,1,145.9282331116287,82.16666161815043
async,1,146.01252765790662,82.21666212300205
async,1,146.02931771205058,82.2000020194065
async,1,146.16362490383457,82.16666161815043
async,1,146.23106318913042,82.08332071204273
async,1,146.28177762712045,82.89998889326426
async,1,146.33231992733138,82.86666868607317
async,1,146.38263712429276,82.88332878966871
async,1,146.43292783851888,82.35000353396137
async,1,146.48350986283268,82.5166651521118
async,1,146.65121178375787,82.59998586415452
async,1,146.66806804473993,82.23332222659761
async,1,146.7353871577272,82.81666818122154
async,1,146.85279836442626,83.23333232363008
async,1,146.93682808335177,84.35000353396137
async,1,146.97032874343392,84.06666060844718
async,1,147.1047948316294,84.05000050485162
async,1,147.18918206748066,83.98331970233949
async,1,147.205958880257,84.01666010359556
async,1,147.2563687667917,84.06666060844718
async,1,147.4076249091311,83.2833328284817
async,1,147.42446792874554,83.2833328284817
async,1,147.45816720934204,83.53333535273983
async,1,147.49172083489472,83.38333383818495
async,1,147.54207775595896,82.98332979937196
async,1,147.59236847018508,83.01667020062804
async,1,147.7085747124306,82.99998990296751
async,1,147.75918321947964,82.74998737870939
async,1,147.80964607148485,82.83332828481709
async,1,147.843252662508,82.86666868607317
async,1,147.86017513032817,82.78332777996548
async,1,147.9612332480148,82.53332525570735
async,1,147.9779968194235,82.81666818122154
async,1,148.04526296694027,82.56666565696342
async,1,148.31423486743404,82.9166691909248
async,1,148.33099843884276,83.33333333333333
async,1,148.39801300037473,83.04999040781914
async,1,148.41484277862153,82.49998485445127
async,1,148.48197651246213,82.59998586415452
async,1,148.53232019215872,83.31665303567281
async,1,148.59937447779356,83.24999242722564
async,1,148.6664155220608,82.1166611132988
async,1,148.73354925590135,82.49998485445127
async,1,148.86781672358248,82.46666464726017
async,1,148.88462001909406,82.64998636900614
async,1,148.93508287109927,82.30000302910975
async,1,149.00265357007135,82.33332323630086
async,1,149.03623367835922,82.61666616181505
async,1,149.10406920468373,82.5499853593029
async,1,149.27277746954817,82.400004038813
async,1,149.39040053812917,81.24999242722564
async,1,149.40715086817028,81.19999192237401
async,1,149.52450910939885,82.21666212300205
async,1,149.65888250802095,82.25000252425812
async,1,149.67563283806206,82.66666666666667
async,1,149.701201918939,82.23332222659761
async,1,149.72471858783462,82.53332525570735
async,1,149.77523440531033,81.81665808418906
async,1,149.82581642962413,81.84999848544513
async,1,150.04406065076026,81.9166590938923
async,1,150.14522469938785,81.58333585759145
async,1,150.21280863972754,81.4833348478882
async,1,150.24650792032404,81.599995961187
async,1,150.2971296687407,81.66665656963418
async,1,150.43121175727515,83.19999192237401
async,1,150.56551894905914,83.16665152111794
async,1,150.59901960914132,83.18333181877846
async,1,150.63254675195873,82.88332878966871
async,1,150.66619306708475,83.24999242722564
async,1,150.76693339194844,84.73332727511385
async,1,150.80050025886874,84.4333242460041
async,1,150.81730355438032,84.4333242460041
async,1,150.90128030783532,84.26666262785368
async,1,150.9182027756555,84.28332273144923
async,1,150.93499282979943,84.58332576055898
async,1,150.98560133684848,84.26666262785368
async,1,151.00244435646292,84.30000302910975
async,1,151.05293369120335,84.30000302910975
async,1,151.1705170356815,84.6333262654106
async,1,151.2546659269156,84.73332727511385
async,1,151.27150894653002,84.69998687385777
async,1,151.37365285636162,84.74998737870939
async,1,151.57508054061856,84.81666818122154
async,1,151.60888575215603,84.49998485445127
async,1,151.6591367422793,84.76666767636992
async,1,151.77992449772182,84.84998838841264
async,1,151.807863783403,85.16665152111794
async,1,151.84166899494048,84.74998737870939
async,1,151.87524910322838,84.88332878966871
async,1,151.99341506788187,84.7166671715183
async,1,152.02691572796405,85.03333030422358
async,1,152.09406270317223,84.88332878966871
async,1,152.19542537231416,84.88332878966871
async,1,152.32978552956862,84.3166631327053
async,1,152.41425221362564,84.18332172174598
async,1,152.44846790755938,84.13332121689436
async,1,152.54943333567263,83.69999697089025
async,1,152.60016101503027,83.66665656963418
async,1,152.63392650246487,83.96665959874393
async,1,152.70181499425988,83.9166590938923
async,1,152.71856532430095,83.89999899029675
async,1,152.8191864768561,83.54999545633538
async,1,152.90371936775117,83.84999848544513
async,1,153.0390329034744,82.21666212300205
async,1,153.08931037633292,82.3166631327053
async,1,153.1901036666671,82.400004038813
async,1,153.20689372081105,82.38332374115248
async,1,153.25723740050768,82.78332777996548
async,1,153.2743849715774,82.36666363755693
async,1,153.29113530161848,82.36666363755693
async,1,153.45924770493997,82.59998586415452
async,1,153.55989534023033,82.98332979937196
async,1,153.57672511847713,82.93332929452033
async,1,153.64442823112543,82.99998990296751
async,1,153.79635968321352,83.41665404537606
async,1,153.87077616924586,82.86666868607317
async,1,153.9109769613445,82.88332878966871
async,1,153.92772729138557,82.9166691909248
async,1,154.0454827736428,84.66666666666667
async,1,154.09634286667665,84.59998586415452
async,1,154.1971758811137,84.59998586415452
async,1,154.28105994499535,84.68332677026223
async,1,154.3481936788359,85.16665152111794
async,1,154.38186647669718,85.0833308090752
async,1,154.55172674054467,85.0833308090752
async,1,154.70445267469006,84.88332878966871
async,1,154.77178502904493,84.46666464726017
async,1,154.80537837870045,84.49998485445127
async,1,154.82236705335873,84.49998485445127
async,1,154.87297556040778,85.21665202596957
async,1,154.94036088023316,85.16665152111794
async,1,155.0916964707783,85.29999293207726
async,1,155.19251624384773,85.26665253082119
async,1,155.3610656123007,84.05000050485162
async,1,155.4618456612673,84.06666060844718
async,1,155.54567675967846,84.1166611132988
async,1,155.62986537501538,83.46665455022769
async,1,155.6636838279205,83.6833368672947
async,1,155.6972109707379,83.6833368672947
async,1,155.71405399035234,83.24999242722564
async,1,155.7984412262036,83.49999495148376
async,1,155.93322510722197,83.53333535273983
async,1,156.0431946653178,83.39999394178051
async,1,156.12706548783186,82.93332929452033
async,1,156.14384230060818,82.96666969577642
async,1,156.2113335513745,83.01667020062804
async,1,156.24487393555955,83.2833328284817
async,1,156.26174343790925,82.84998838841264
async,1,156.3119944280325,83.0833308090752
async,1,156.3455745363204,82.76666767636992
async,1,156.37916788597593,83.36665354052444
async,1,156.4630651912252,83.41665404537606
async,1,156.49668502361598,83.09999091267076
async,1,156.56399089523563,83.13333131392683
async,1,156.614798022799,83.76665757933743
async,1,156.66552570215663,83.44999444663213
async,1,156.7159620714266,83.04999040781914
async,1,156.75105169562332,83.43333434303658
async,1,156.78464504527886,83.599995961187
async,1,156.81822515356677,83.2833328284817
async,1,157.00373671394277,83.13333131392683
async,1,157.15654209629386,82.08332071204273
async,1,157.1900692391113,82.08332071204273
async,1,157.25756048987765,81.29999293207726
async,1,157.29128625320936,81.69999697089025
async,1,157.3418285534203,82.18332172174598
async,1,157.37534245487012,81.74999747574188
async,1,157.47630788298338,81.69999697089025
async,1,157.49311117849496,81.94999949514838
async,1,157.56028463643838,81.58333585759145
async,1,157.64424814852578,81.46665455022769
async,1,157.66099847856685,81.51665505507931
async,1,157.76176528616583,82.15000151455487
async,1,157.7785156162069,81.83331818778461
async,1,157.81206924175956,81.96665959874393
async,1,157.84556990184174,82.1166611132988
async,1,157.86239968008857,81.69999697089025
async,1,157.9464691231169,81.74999747574188
async,1,157.97999626593432,81.2833328284817
async,1,158.03131980683492,81.66665656963418
async,1,158.060066815941,81.69999697089025
async,1,158.19478449012126,82.81666818122154
async,1,158.21157454426523,82.79998788356102
async,1,158.31276507562808,83.58333585759145
async,1,158.34647759759218,83.56665555993094
async,1,158.3801106713506,83.56665555993094
async,1,158.43085159207584,83.98331970233949
async,1,158.48163223690395,83.96665959874393
async,1,158.5159141376758,83.96665959874393
async,1,158.54944128049323,84.26666262785368
async,1,158.61661473843665,84.15000151455487
async,1,158.75101461979398,84.18332172174598
async,1,158.78450203850855,84.16666161815043
async,1,158.90208538298668,84.83332828481709
async,1,159.01968196883246,84.83332828481709
async,1,159.15421426386604,84.05000050485162
async,1,159.23833667236488,84.06666060844718
async,1,159.37333241526517,83.31665303567281
async,1,159.57615044312237,83.44999444663213
async,1,159.6768510438832,83.58333585759145
async,1,159.6936013739243,83.56665555993094
async,1,159.7609866937497,83.13333131392683
async,1,159.79452707793473,83.16665152111794
async,1,159.94635259908185,83.26665253082119
async,1,159.99772910545292,82.38332374115248
async,1,160.06496877023446,82.74998737870939
async,1,160.17511046610937,83.14999141752239
async,1,160.2423368895233,82.88332878966871
async,1,160.25911370229963,82.89998889326426
async,1,160.3767102881454,83.53333535273983
async,1,160.51173251378094,82.45000454366462
async,1,160.5285093265573,82.45000454366462
async,1,160.61257876958564,82.16666161815043
async,1,160.62932909962672,82.18332172174598
async,1,160.71325288761125,82.13332121689436
async,1,160.79791819218255,82.53332525570735
async,1,160.814761211797,82.35000353396137
async,1,160.86551537388988,82.23332222659761
async,1,160.96665293978222,81.49999495148376
async,1,160.9834429939262,81.7999979805935
async,1,161.00023304807013,81.81665808418906
async,1,161.03379991499042,82.76666767636992
async,1,161.10135737259486,82.59998586415452
async,1,161.20332914464737,82.83332828481709
async,1,161.27064825763463,81.7999979805935
async,1,161.32103166143412,81.84999848544513
async,1,161.3546647351925,81.88331869263624
async,1,161.3884831880976,81.54999545633538
async,1,161.40528648360916,81.93331919748786
async,1,161.43891955736757,81.93331919748786
async,1,161.4729631135222,81.93331919748786
async,1,161.54052057112668,82.66666666666667
async,1,161.57421985172317,82.5166651521118
async,1,161.74226604820652,81.84999848544513
async,1,161.80941302341472,81.88331869263624
async,1,161.92703609199572,82.2000020194065
async,1,161.96061620028362,82.21666212300205
async,1,162.06126383557398,82.68332677026223
async,1,162.07812009655606,82.38332374115248
async,1,162.162308711893,82.53332525570735
async,1,162.2257613455348,82.56666565696342
async,1,162.34346386232156,83.36665354052444
async,1,162.37699100513896,83.36665354052444
async,1,162.47826098470753,83.74999747574188
async,1,162.4950642802191,83.74999747574188
async,1,162.56211856585395,83.2833328284817
async,1,162.59568543277425,83.64999646603863
async,1,162.7634270778023,84.35000353396137
async,1,162.81369130929318,84.35000353396137
async,1,162.88078531903088,84.16666161815043
async,1,162.89769454548343,84.33332323630086
async,1,163.01604588928362,84.35000353396137
async,1,163.0838681742405,84.26666262785368
async,1,163.1676595485488,84.59998586415452
async,1,163.18451580953086,84.58332576055898
async,1,163.2349919029037,84.5499853593029
async,1,163.2517422329448,84.81666818122154
async,1,163.3355468486207,84.76666767636992
async,1,163.50339442458974,84.73332727511385
async,1,163.5705281584303,85.13333131392683
async,1,163.60413474945346,85.09999091267076
async,1,163.62088507949454,85.0833308090752
async,1,163.7551657885433,84.2000020194065
async,1,163.90769310217436,84.49998485445127
async,1,163.9244699149507,84.06666060844718
async,1,164.0084996338762,84.15000151455487
async,1,164.64538293373093,84.66666666666667
async,1,164.66225243608062,84.99998990296751
async,1,164.72931996308307,84.58332576055898
async,1,164.74605705175654,84.83332828481709
async,1,164.7629133127386,84.83332828481709
async,1,164.82992787427057,85.03333030422358
async,1,164.86348149982322,85.01667020062804
async,1,164.9139840759313,84.88332878966871
async,1,164.93095950922196,84.89998889326426
async,1,164.94770983926304,85.31665303567281
async,1,165.01479060763313,84.9166691909248
async,1,165.1996136168928,84.86666868607317
async,1,165.3007644241528,84.13332121689436
async,1,165.31751475419387,84.15000151455487
async,1,165.36776574431713,84.06666060844718
async,1,165.50277472858508,83.34999343692888
async,1,165.57004087610184,83.26665253082119
async,1,165.6712976143028,82.25000252425812
async,1,165.7055000668689,82.38332374115248
async,1,165.7224357760567,82.38332374115248
async,1,165.73918610609778,82.68332677026223
async,1,165.7559629188741,82.1166611132988
async,1,165.78950330305915,82.1166611132988
async,1,165.87367867702847,82.13332121689436
async,1,165.94085213497192,81.49999495148376
async,1,165.99114284919804,81.56665555993094
async,1,166.04143356342416,81.9166590938923
async,1,166.07502691307968,81.83331818778461
async,1,166.14222685375836,81.53333535273983
async,1,166.17589965161963,81.54999545633538
async,1,166.20940031170178,81.54999545633538
async,1,166.32764572456102,82.23332222659761
async,1,166.3931242874489,82.35000353396137
async,1,166.49374544000403,82.76666767636992
async,1,166.6455444784159,81.49999495148376
async,1,166.76373692580464,81.64999646603863
async,1,166.8144116396918,82.25000252425812
async,1,166.86484800896176,82.23332222659761
async,1,166.89853404819064,82.25000252425812
async,1,166.99934057989245,82.96666969577642
async,1,167.01609090993355,82.93332929452033
async,1,167.18392524453495,83.19999192237401
async,1,167.26771661884325,82.78332777996548
async,1,167.28449343161958,82.81666818122154
async,1,167.3517198550335,82.81666818122154
async,1,167.368735012427,82.74998737870939
async,1,167.4361865390905,82.7166671715183
async,1,167.5881841980167,83.71665707448581
async,1,167.605066941734,83.66665656963418
async,1,167.68900397108615,84.78332777996548
async,1,167.7224913898007,84.69998687385777
async,1,167.77274237992395,85.04999040781914
async,1,167.7895191927003,84.74998737870939
async,1,167.80637545368236,84.3166631327053
async,1,167.8904978621812,84.33332323630086
async,1,167.9243825219244,84.28332273144923
async,1,168.042230693755,83.71665707448581
async,1,168.1764187132304,83.84999848544513
async,1,168.1932617328448,83.7999979805935
async,1,168.24355244707095,84.2000020194065
async,1,168.29379019582657,84.16666161815043
async,1,168.37754184603202,84.25000252425812
async,1,168.52558033603944,82.89998889326426
async,1,168.74418207410133,83.01667020062804
async,1,168.79441982285698,82.25000252425812
async,1,168.84465757161263,82.5499853593029
async,1,168.945199275962,82.61666616181505
async,1,169.06251779308775,83.14999141752239
async,1,169.19652043341645,83.11665101626632
async,1,169.21325752208992,83.16665152111794
async,1,169.39815997955532,83.03333030422358
async,1,169.4484109696786,83.41665404537606
async,1,169.48201756070173,83.04999040781914
async,1,169.51559766898964,83.09999091267076
async,1,169.53237448176597,83.58333585759145
async,1,169.6161261319714,83.53333535273983
async,1,169.75016849640298,83.51665505507931
async,1,169.85101475220767,84.66666666666667
async,1,169.88451541228983,84.6333262654106
async,1,170.15295765807875,82.86666868607317
async,1,170.20349995828968,82.68332677026223
async,1,170.3070077289863,82.18332172174598
async,1,170.4250015558607,82.2000020194065
async,1,170.49247956525943,82.9166691909248
async,1,170.53158132384544,82.89998889326426
async,1,170.57695949068403,82.93332929452033
async,1,170.74466141160923,82.05000050485162
async,1,170.91352857288513,81.6833368672947
async,1,170.93031862702907,81.84999848544513
async,1,170.98056961715233,82.56666565696342
async,1,171.03096626231942,82.16666161815043
async,1,171.06466554291595,82.16666161815043
async,1,171.08144235569227,81.86665858904068
async,1,171.13175955265365,82.21666212300205
async,1,171.28265817806727,82.94998939811589
async,1,171.39996345382536,83.01667020062804
async,1,171.41684619754267,82.7166671715183
async,1,171.5007302614243,82.78332777996548
async,1,171.53431036971222,82.83332828481709
async,1,171.65237040342475,82.23332222659761
async,1,171.7197424818825,82.15000151455487
async,1,171.7364928119236,82.56666565696342
async,1,171.8204165999081,82.5166651521118
async,1,171.9210774765661,82.1166611132988
async,1,172.00526609190302,82.08332071204273
async,1,172.03885944155857,82.49998485445127
async,1,172.07254548078743,82.03332020719111
async,1,172.10608586497247,82.3166631327053
async,1,172.13958652505465,82.28332273144923
async,1,172.25731552457665,82.6333262654106
async,1,172.37463404170236,82.73332727511385
async,1,172.39138437174344,82.68332677026223
async,1,172.40813470178455,82.64998636900614
async,1,172.4249247559285,82.93332929452033
async,1,172.49217766207764,82.59998586415452
async,1,172.54241541083329,82.49998485445127
async,1,172.64273201193313,82.94998939811589
async,1,172.6594691006066,82.94998939811589
async,1,172.70985250440606,83.26665253082119
async,1,172.69300948479162,82.84998838841264
async,1,172.7435650263702,83.06667070547967
async,1,172.81055310516692,82.36666363755693
async,1,172.8608173366578,82.56666565696342
async,1,172.995256942118,82.93332929452033
async,1,173.01204699626197,82.6333262654106
async,1,173.079233695573,82.68332677026223
async,1,173.1633825868071,83.16665152111794
async,1,173.1801991236863,82.83332828481709
async,1,173.1971480742417,82.84998838841264
async,1,173.31516838385136,82.36666363755693
async,1,173.4828967875118,82.5499853593029
async,1,173.49964711755288,82.36666363755693
async,1,173.5833855263907,82.400004038813
async,1,173.66712393522852,82.400004038813
async,1,173.68387426526962,82.03332020719111
async,1,173.73411201402524,82.7166671715183
async,1,173.75086234406635,82.68332677026223
async,1,173.86824706803017,83.66665656963418
async,1,173.88499739807125,83.64999646603863
async,1,174.00223646699126,83.66665656963418
async,1,174.0524742157469,84.05000050485162
async,1,174.10272520587017,83.98331970233949
async,1,174.16983245697548,83.93331919748786
async,1,174.3038483386718,84.74998737870939
async,1,174.38758674750963,84.66666666666667
async,1,174.4883138310057,84.53332525570735
async,1,174.5218144910879,84.96666969577642
async,1,174.57205223984354,84.25000252425812
async,1,174.58880256988462,84.25000252425812
async,1,174.67254097872245,83.34999343692888
async,1,174.69209847869928,83.71665707448581
async,1,174.75898062655503,83.4833348478882
async,1,174.80943023719263,83.18333181877846
async,1,174.85982688235973,83.19999192237401
async,1,174.89355264569147,83.18333181877846
async,1,174.94388308402046,82.76666767636992
async,1,174.99414731551133,82.78332777996548
async,1,175.04441154700223,82.78332777996548
async,1,175.17842742869854,81.73333737214632
async,1,175.2793134086061,81.31665303567281
async,1,175.41354115218437,81.06667070547967
async,1,175.44722719141325,80.78332777996548
async,1,175.51453306303287,80.83332828481709
async,1,175.53128339307398,80.84998838841264
async,1,175.5480602058503,80.45000454366462
async,1,175.59831119597357,81.18333181877846
async,1,175.61506152601464,81.18333181877846
async,1,175.7324594913461,82.13332121689436
async,1,175.74931575232816,82.15000151455487
async,1,175.8833448753921,82.73332727511385
async,1,175.90010844680083,82.74998737870939
async,1,175.9503594369241,83.18333181877846
async,1,175.9838865797415,82.88332878966871
async,1,176.0006501511502,82.48332475085573
async,1,176.0677309195203,82.96666969577642
async,1,176.08448124956138,82.94998939811589
async,1,176.21877519997776,83.74999747574188
async,1,176.38729808569548,83.63333636244307
async,1,176.50500060248223,84.35000353396137
async,1,176.5385012625644,84.36666363755693
async,1,176.63901648417854,84.86666868607317
async,1,176.80975067828905,84.93332929452033
async,1,176.86031946123524,84.78332777996548
async,1,176.91074258913758,84.79998788356102
async,1,176.97779687477242,84.83332828481709
async,1,177.1119186874097,85.51665505507931
async,1,177.39705829776923,85.84999848544513
async,1,177.66538137124954,85.74999747574188
async,1,177.73267400150158,85.71665707448581
async,1,177.74942433154266,85.66665656963418
async,1,177.81679641000042,85.66665656963418
async,1,177.86736519294658,85.83331818778461
async,1,177.91774859674607,85.78333787699795
async,1,177.96839682789798,85.74999747574188
async,1,177.98521336477717,85.44999444663213
async,1,178.06975949703988,85.46665455022769
async,1,178.17081761472653,84.9166691909248
async,1,178.1875679447676,84.4333242460041
async,1,178.27133283634066,84.5499853593029
async,1,178.28808316638177,84.5499853593029
async,1,178.40616968282953,83.73331717808136
async,1,178.57376567281375,83.84999848544513
async,1,178.59051600285483,83.83331818778461
async,1,178.69108418993946,83.51665505507931
async,1,178.70784776134818,83.49999495148376
async,1,178.84239329774937,82.74998737870939
async,1,178.96106243437248,82.6333262654106
async,1,178.99456309445463,82.59998586415452
async,1,179.01131342449574,82.88332878966871
async,1,179.07834122739533,82.81666818122154
async,1,179.0950915574364,82.400004038813
async,1,179.1621855671741,82.46666464726017
async,1,179.27945111882937,83.43333434303658
async,1,179.29620144887045,83.38333383818495
async,1,179.31295177891153,83.39999394178051
async,1,179.41346700052569,84.15000151455487
async,1,179.43021733056676,84.13332121689436
async,1,179.59838269935872,84.13332121689436
async,1,179.6151330293998,83.84999848544513
async,1,179.6655296745669,84.16666161815043
async,1,179.6992819206339,84.01666010359556
async,1,179.73283554618655,83.96665959874393
async,1,179.7830600535746,84.23332222659761
async,1,179.81656071365674,83.7999979805935
async,1,179.88373417160017,84.3166631327053
async,1,179.96755202864372,84.25000252425812
async,1,180.08526778679808,84.15000151455487
async,1,180.13558498375946,84.6333262654106
async,1,180.16915185067975,84.2000020194065
async,1,180.60564029295202,83.81665808418906
async,1,180.6223906229931,84.06666060844718
async,1,180.65591776581053,83.76665757933743
async,1,180.6726680958516,83.31665303567281
async,1,180.75643298742466,83.43333434303658
async,1,180.78993364750684,83.29999293207726
async,1,180.85697469177407,83.41665404537606
async,1,180.87372502181515,83.39999394178051
async,1,180.89047535185625,83.19999192237401
async,1,180.97670313780688,83.2833328284817
async,1,181.09396868946212,83.36665354052444
async,1,181.19461632475247,83.88331869263624
async,1,181.24489379761098,83.86665858904068
async,1,181.41267516674193,83.98331970233949
async,1,181.4294122554154,84.28332273144923
async,1,181.51328307792943,84.16666161815043
async,1,181.61471195390945,83.69999697089025
async,1,181.64884819963746,83.69999697089025
async,1,181.79974682505107,84.5166651521118
async,1,181.8333931401771,84.5166651521118
async,1,181.90097708051678,84.86666868607317
async,1,181.93490146436284,84.6333262654106
async,1,182.06965886264598,84.59998586415452
async,1,182.18737462080034,84.5499853593029
async,1,182.30599079195295,83.34999343692888
async,1,182.42341524001964,83.09999091267076
async,1,182.52459253001487,83.09999091267076
async,1,182.54134286005595,83.49999495148376
async,1,182.62539906171668,83.4833348478882
async,1,182.69275789880683,83.54999545633538
async,1,182.7264969035062,83.18333181877846
async,1,182.79368360281723,83.23333232363008
async,1,182.84401404114624,83.24999242722564
async,1,182.91131991276586,82.49998485445127
async,1,182.9450456760976,82.88332878966871
async,1,183.17672988536947,82.5166651521118
async,1,183.21023054545165,82.46666464726017
async,1,183.3276814762536,83.51665505507931
async,1,183.39481521009415,83.6833368672947
async,1,183.44507944158505,83.26665253082119
async,1,183.49534367307592,83.33333333333333
async,1,183.67996806182128,83.49999495148376
async,1,183.7134819632711,83.46665455022769
async,1,183.73023229331218,83.81665808418906
async,1,183.7805759730088,83.2833328284817
async,1,183.79732630304989,83.2833328284817
async,1,183.864791071081,83.24999242722564
async,1,183.88166057343068,83.66665656963418
async,1,183.96574325782663,83.63333636244307
async,1,184.0162325925671,83.71665707448581
async,1,184.06676165141042,83.61665606478256
async,1,184.18458334050575,83.63333636244307
async,1,184.3024182709687,83.0833308090752
async,1,184.35460250076468,83.13333131392683
async,1,184.40491969772606,82.66666666666667
async,1,184.4552766187903,82.79998788356102
async,1,184.623031505186,82.69998687385777
async,1,184.7403632636793,82.66666666666667
async,1,184.80748375615227,83.19999192237401
async,1,184.84118303674876,82.94998939811589
async,1,184.85805253909845,82.9166691909248
async,1,184.89169885422447,82.59998586415452
async,1,184.9254775830267,82.93332929452033
async,1,184.95903120857935,82.64998636900614
async,1,185.0598642230164,82.78332777996548
async,1,185.1925030024801,81.96665959874393
async,1,185.20927981525645,81.96665959874393
async,1,185.29315063777048,82.5166651521118
async,1,185.3268631597346,82.35000353396137
async,1,185.3775775977246,82.28332273144923
async,1,185.44481726250615,82.81666818122154
async,1,185.47833116395594,82.68332677026223
async,1,185.57889935104058,82.58332576055898
async,1,185.6630747250099,82.5499853593029
async,1,185.679825055051,82.56666565696342
async,1,185.881040877426,82.94998939811589
async,1,185.99849180822793,83.64999646603863
async,1,186.04883548792452,83.61665606478256
async,1,186.21693464987837,84.66666666666667
async,1,186.60339720527696,85.51665505507931
async,1,186.63689786535912,85.19999192237401
async,1,186.7039653923616,85.23333232363008
async,1,186.83874927337996,85.26665253082119
async,1,186.989912726146,84.26666262785368
async,1,187.07392920370387,84.30000302910975
async,1,187.09071925784784,84.3166631327053
async,1,187.25924214356556,83.43333434303658
async,1,187.56224435884636,82.58332576055898
async,1,187.61383272709938,82.66666666666667
async,1,187.63080816039005,82.64998636900614
async,1,187.66433530320745,82.96666969577642
async,1,187.73142931294515,82.89998889326426
async,1,187.8320637068679,82.59998586415452
async,1,187.86577622883203,82.6333262654106
async,1,187.99988480010168,83.38333383818495
async,1,188.0501622729602,83.38333383818495
async,1,188.11737545500648,83.03333030422358
async,1,188.1510085287649,83.16665152111794
async,1,188.20155082897583,83.83331818778461
async,1,188.26921421752124,83.6833368672947
async,1,188.58867545275547,84.44998434959965
async,1,188.67258599937236,84.01666010359556
async,1,188.68933632941344,84.03332020719111
async,1,188.74124249048938,84.05000050485162
async,1,188.80853512074142,84.30000302910975
async,1,188.8252854507825,84.18332172174598
async,1,188.92619791342528,83.84999848544513
async,1,188.95969857350747,84.08332071204273
async,1,189.0267528591423,84.0
async,1,189.06024027785685,83.58333585759145
async,1,189.12730780485933,83.89999899029675
async,1,189.31075371188638,84.08332071204273
async,1,189.39475694807663,83.84999848544513
async,1,189.41152051948532,83.88331869263624
async,1,189.5792091990429,83.88331869263624
async,1,189.61284227280132,83.88331869263624
async,1,189.71360908040026,84.36666363755693
async,1,189.848485650992,84.400004038813
async,1,189.86530218787118,84.58332576055898
async,1,189.89898822710003,84.15000151455487
async,1,189.91575179850875,84.16666161815043
async,1,190.04993981798415,84.33332323630086
async,1,190.16728481784511,84.88332878966871
async,1,190.56987535900657,85.18333181877846
async,1,190.6711718213104,84.96666969577642
async,1,190.80543928899152,84.88332878966871
async,1,190.82220286040024,84.49998485445127
async,1,190.88960142159323,84.5166651521118
async,1,190.92352580543928,84.93332929452033
async,1,190.99081843569132,84.9166691909248
async,1,191.09182358790744,84.88332878966871
async,1,191.19259039550641,84.13332121689436
async,1,191.22617050379432,84.18332172174598
async,1,191.2598035775527,84.2000020194065
async,1,191.3638012788513,83.89999899029675
async,1,191.61088519866686,84.03332020719111
async,1,191.7639024428999,84.08332071204273
async,1,191.7975884821288,83.71665707448581
async,1,191.84817050644259,84.2000020194065
async,1,192.10118655895255,84.08332071204273
async,1,192.11792364762601,83.86665858904068
async,1,192.15145079044345,84.18332172174598
async,1,192.25232352898337,84.6333262654106
async,1,192.28595660274175,84.6333262654106
async,1,192.37011873534345,84.94998939811589
async,1,192.38690878948742,84.9166691909248
async,1,192.77302706932784,84.81666818122154
async,1,192.8232913008187,85.23333232363008
async,1,192.8735555323096,84.98332979937196
async,1,192.92384624653573,84.35000353396137
async,1,192.99103294584677,84.400004038813
async,1,193.27633145261774,84.5166651521118
async,1,193.411155057739,84.33332323630086
async,1,193.44711861219875,84.38332374115248
async,1,193.55959078877504,84.35000353396137
async,1,193.6935669463685,83.66665656963418
async,1,193.82767551763817,83.66665656963418
async,1,193.89483573421398,83.41665404537606
async,1,193.94528534485156,84.1166611132988
async,1,193.9955230936072,83.7999979805935
async,1,194.07960577800318,83.7999979805935
async,1,194.18069037842506,83.599995961187
async,1,194.19763932898044,83.58333585759145
async,1,194.2646406491448,83.19999192237401
async,1,194.29811482649174,83.24999242722564
async,1,194.4321439495557,83.41665404537606
async,1,194.44890752096438,83.39999394178051
async,1,194.56643789997207,83.2833328284817
async,1,194.6669398802186,83.0833308090752
async,1,194.76749482593561,83.51665505507931
async,1,194.81778554016174,83.54999545633538
async,1,194.83454911157045,83.24999242722564
async,1,194.8849192740023,83.71665707448581
async,1,194.90165636267577,83.599995961187
async,1,194.91855234776068,83.599995961187
async,1,195.03584438215117,82.64998636900614
async,1,195.20337416529728,82.16666161815043
async,1,195.22011125397074,82.5499853593029
async,1,195.28713905687036,82.2000020194065
async,1,195.5771779732498,82.28332273144923
async,1,195.62746868747593,82.78332777996548
async,1,195.67770643623155,82.45000454366462
async,1,195.8287904407919,82.48332475085573
async,1,195.96281956385585,83.0833308090752
async,1,196.01308379534672,83.03333030422358
async,1,196.13045527794293,83.83331818778461
async,1,196.16398242076033,83.86665858904068
async,1,196.2309837409247,83.41665404537606
async,1,196.24772082959817,83.81665808418906
async,1,196.39846055860033,83.41665404537606
async,1,196.41527709547952,83.19999192237401
async,1,196.49906846978783,83.34999343692888
async,1,196.53256912987,83.36665354052444
async,1,196.63307111011653,82.96666969577642
async,1,196.75038962724227,83.44999444663213
async,1,196.91789292765313,83.33333333333333
async,1,196.95152600141154,83.63333636244307
async,1,196.96831605555548,83.21665202596957
async,1,197.01892456260452,83.599995961187
async,1,197.05258411909816,83.63333636244307
async,1,197.1535892713143,83.33333333333333
async,1,197.17035284272302,83.31665303567281
async,1,197.23759250750456,83.96665959874393
async,1,197.27117261579244,83.66665656963418
async,1,197.33846524604448,83.33333333333333
async,1,197.35520233471794,83.36665354052444
async,1,197.37199238886188,82.9166691909248
async,1,197.422283103088,83.51665505507931
async,1,197.43904667449672,83.49999495148376
async,1,197.67707349885924,83.09999091267076
async,1,197.79492167068983,82.9166691909248
async,1,197.84518590218073,82.59998586415452
async,1,197.89542365093635,82.66666666666667
async,1,197.96242497110072,82.78332777996548
async,1,197.99589914844765,82.86666868607317
async,1,198.062900468612,82.48332475085573
async,1,198.0796640400207,82.48332475085573
async,1,198.19700903988166,82.83332828481709
async,1,198.28103875880717,82.83332828481709
async,1,198.33127650756282,82.76666767636992
async,1,198.41527974375305,83.53333535273983
async,1,198.46578231986112,83.54999545633538
async,1,198.56660209293057,82.49998485445127
async,1,198.58347159528026,82.9166691909248
async,1,198.60020868395372,82.9166691909248
async,1,198.6672364868533,83.21665202596957
async,1,198.68397357552678,82.89998889326426
async,1,198.7680297771875,82.86666868607317
async,1,198.91911378174782,83.36665354052444
async,1,198.9358508704213,83.34999343692888
async,1,198.96935153050347,82.98332979937196
async,1,199.01961576199437,83.34999343692888
async,1,199.03635285066784,83.34999343692888
async,1,199.137252071943,83.14999141752239
async,1,199.1710705248481,83.14999141752239
async,1,199.2048360122827,82.81666818122154
async,1,199.2721816080052,82.88332878966871
async,1,199.32263121864278,82.89998889326426
async,1,199.35631725787167,83.29999293207726
async,1,199.42339802624176,83.24999242722564
async,1,199.47374170593835,82.79998788356102
async,1,199.50742774516723,83.11665101626632
async,1,199.5914309813575,83.83331818778461
async,1,199.6082740009719,83.49999495148376
async,1,199.67593738951734,83.4833348478882
async,1,199.7954539736682,83.88331869263624
async,1,199.91714214210901,83.14999141752239
async,1,199.9676712009523,83.16665152111794
async,1,200.08512213175425,83.94999949514838
async,1,200.18583597388272,83.98331970233949
async,1,200.2026525107619,83.83331818778461
async,1,200.23623261904982,84.13332121689436
async,1,200.25302267319378,84.13332121689436
async,1,200.37105622417107,84.06666060844718
async,1,200.45500649489082,83.96665959874393
async,1,200.47179654903476,84.38332374115248
async,1,200.53930104116873,83.94999949514838
async,1,200.5560910953127,83.94999949514838
async,1,200.6232513118885,83.13333131392683
async,1,200.6738333362023,83.18333181877846
async,1,200.7076517891074,83.16665152111794
async,1,200.8083391485006,82.7166671715183
async,1,200.8922364537499,83.2833328284817
async,1,200.92573711383207,83.24999242722564
async,1,201.04329397557498,83.13333131392683
async,1,201.09379655168306,82.66666666666667
async,1,201.14432561052635,82.69998687385777
async,1,201.19477522116395,82.7166671715183
async,1,201.27944052573525,82.88332878966871
async,1,201.3634437619255,82.41666414240855
async,1,201.39705035294867,82.5166651521118
async,1,201.48100062366842,82.58332576055898
async,1,201.49784364328286,82.99998990296751
async,1,201.58219115503127,82.93332929452033
async,1,201.59903417464568,82.9166691909248
async,1,201.66738611430742,83.66665656963418
async,1,201.7009397398601,83.39999394178051
async,1,201.7177033112688,83.36665354052444
async,1,201.7344668826775,83.71665707448581
async,1,201.78700862939928,83.01667020062804
async,1,201.9448192487113,83.06667070547967
async,1,201.99524237661362,82.41666414240855
async,1,202.06237611045418,82.49998485445127
async,1,202.16346071087605,83.01667020062804
async,1,202.34838965107673,83.31665303567281
async,1,202.3651267397502,83.58333585759145
async,1,202.4490505277347,83.51665505507931
async,1,202.53323914307165,83.49999495148376
async,1,202.5667927686243,83.21665202596957
async,1,202.61713644832093,83.599995961187
async,1,202.6340059506706,83.2833328284817
async,1,202.7513509505316,83.19999192237401
async,1,202.784878093349,83.29999293207726
async,1,202.8016416647577,83.9166590938923
async,1,202.85190589624858,83.18333181877846
async,1,202.8686694676573,83.18333181877846
async,1,202.93765699296486,82.9166691909248
async,1,202.9545000125793,82.96666969577642
async,1,203.02181912556657,83.6833368672947
async,1,203.08889989393666,83.66665656963418
async,1,203.1728501646564,83.64999646603863
async,1,203.29030109545835,83.24999242722564
async,1,203.40791092267173,83.18333181877846
async,1,203.42467449408045,83.21665202596957
async,1,203.54244321770528,83.0833308090752
async,1,203.57604980872844,83.39999394178051
async,1,203.62652590210126,83.01667020062804
async,1,203.67718737462081,82.5499853593029
async,1,203.72747808884694,82.83332828481709
async,1,203.94272976090062,83.7999979805935
async,1,204.59791263080817,83.9166590938923
async,1,204.7157343199035,84.58332576055898
async,1,204.85034606314278,84.49998485445127
async,1,204.88395265416594,84.74998737870939
async,1,204.9344022648035,84.400004038813
async,1,204.9680883040324,84.36666363755693
async,1,205.08604240680395,83.599995961187
async,1,205.18712700722583,83.46665455022769
async,1,205.20394354410502,83.4833348478882
async,1,205.25431370653686,83.84999848544513
async,1,205.3046573862335,83.74999747574188
async,1,205.50844203392703,83.78333787699795
async,1,205.62586648199374,83.76665757933743
async,1,205.6594201075464,83.78333787699795
async,1,205.69292076762855,83.58333585759145
async,1,205.70965785630204,83.86665858904068
async,1,205.7431585163842,83.83331818778461
async,1,205.8101333538133,83.43333434303658
async,1,205.89389824538637,83.49999495148376
async,1,206.01068710780723,84.30000302910975
async,1,206.02758309289217,84.26666262785368
async,1,206.061375063062,84.26666262785368
async,1,206.17877302839346,84.74998737870939
async,1,206.32998944663,84.88332878966871
async,1,206.34670005256822,84.74998737870939
async,1,206.51483893862493,84.7166671715183
async,1,206.5316289927689,84.41666414240855
async,1,206.61539388434196,84.44998434959965
async,1,206.64889454442414,84.46666464726017
async,1,206.7159753127942,84.93332929452033
async,1,206.74944949014113,84.58332576055898
async,1,206.84995147038768,84.98332979937196
async,1,206.88345213046983,84.68332677026223
async,1,206.95050641610467,84.53332525570735
async,1,206.9840335589221,84.5499853593029
async,1,207.28625453351324,84.49998485445127
async,1,207.31988760727162,84.30000302910975
async,1,207.3870213411122,84.38332374115248
async,1,207.43739150354406,84.33332323630086
async,1,207.5214477052048,84.01666010359556
async,1,207.53839665576018,84.30000302910975
async,1,207.62226747827424,84.2000020194065
async,1,207.72287538946173,84.15000151455487
async,1,207.823350886973,84.49998485445127
async,1,207.8568515470552,84.48332475085573
async,1,207.95738001003696,84.96666969577642
async,1,207.9741700641809,84.94998939811589
async,1,208.00769720699833,84.93332929452033
async,1,208.12644579182717,84.0
async,1,208.15994645190935,84.01666010359556
async,1,208.19342062925628,83.96665959874393
async,1,208.22692128933843,83.43333434303658
async,1,208.2941079886495,83.56665555993094
async,1,208.4119031950096,83.69999697089025
async,1,208.73157629212577,84.1166611132988
async,1,208.9496351341152,84.13332121689436
async,1,209.03340002568825,83.43333434303658
async,1,209.06692716850569,83.71665707448581
async,1,209.13390200593477,84.3166631327053
async,1,209.16745563148746,83.89999899029675
async,1,209.2009562915696,83.9166590938923
async,1,209.2346423307985,84.4333242460041
async,1,209.30172309916858,84.03332020719111
async,1,209.31846018784205,83.83331818778461
async,1,209.40248990676753,83.94999949514838
async,1,209.46951770966712,83.86665858904068
async,1,209.58686270952808,84.15000151455487
async,1,209.72107721173873,84.15000151455487
async,1,209.83874000442262,83.43333434303658
async,1,209.85547709309608,83.44999444663213
async,1,209.95619093522456,83.06667070547967
async,1,210.0905908165819,83.86665858904068
async,1,210.15992261744762,83.89999899029675
async,1,210.27840637492403,84.6333262654106
async,1,210.5308662899939,84.89998889326426
async,1,210.5643934328113,84.89998889326426
async,1,210.58118348695527,84.78332777996548
async,1,210.68300960396394,84.7166671715183
async,1,210.69995855451936,84.73332727511385
async,1,210.71672212592804,84.73332727511385
async,1,210.75019630327498,84.41666414240855
async,1,210.81746245079177,84.48332475085573
async,1,210.83425250493573,84.41666414240855
async,1,210.9517299184729,85.13333131392683
async,1,211.06936622842153,85.16665152111794
async,1,211.1703184151672,84.69998687385777
async,1,211.1872673657226,84.69998687385777
async,1,211.2880606560568,84.35000353396137
async,1,211.32179966075617,84.33332323630086
async,1,211.33866916310583,84.05000050485162
async,1,211.42275184750181,84.08332071204273
async,1,211.65850115663346,84.21666212300205
async,1,211.77634932846405,84.38332374115248
async,1,211.89395915567744,84.78332777996548
async,1,212.07867623399616,84.84998838841264
async,1,212.11220337681357,85.29999293207726
async,1,212.17920469697793,85.13333131392683
async,1,212.19986123046732,85.13333131392683
async,1,212.2622280719642,85.44999444663213
async,1,212.2789916433729,85.14999141752239
async,1,212.3460194462725,84.81666818122154
async,1,212.41304724917208,85.04999040781914
async,1,212.44660087472474,85.04999040781914
async,1,212.5475000959999,84.64998636900614
async,1,212.5810007560821,84.58332576055898
async,1,212.74900722846257,83.56665555993094
async,1,212.79940387362967,83.74999747574188
async,1,212.91714611451928,83.18333181877846
async,1,213.08549686245794,81.89999899029675
async,1,213.13584054215457,81.81665808418906
async,1,213.16934120223672,82.03332020719111
async,1,213.2364749360773,82.0
async,1,213.26997559615947,81.56665555993094
async,1,213.3203192758561,82.2000020194065
async,1,213.3874794924319,82.10000100970325
async,1,213.40426954657585,81.7999979805935
async,1,213.4714032804164,82.26666262785368
async,1,213.5720641570744,82.38332374115248
async,1,213.62248728497673,82.64998636900614
async,1,213.74015007766062,83.21665202596957
async,1,213.8074162251774,82.89998889326426
async,1,213.82439165846804,83.31665303567281
async,1,213.85805121496168,83.33333333333333
async,1,213.9250790178613,82.74998737870939
async,1,213.95985084923512,83.01667020062804
async,1,214.07785791747716,83.56665555993094
async,1,214.09470093709157,83.54999545633538
async,1,214.22928619759563,83.599995961187
async,1,214.2460232862691,83.19999192237401
async,1,214.31117081496646,83.61665606478256
async,1,214.378410479748,83.61665606478256
async,1,214.42872767670937,83.66665656963418
async,1,214.4963380997843,83.18333181877846
async,1,214.5803678187098,83.09999091267076
async,1,214.68118759177923,82.48332475085573
async,1,214.79903576360982,82.98332979937196
async,1,214.88293306885907,82.6333262654106
async,1,214.91648669441176,82.89998889326426
async,1,215.00051641333724,83.34999343692888
async,1,215.03457321085952,83.33333333333333
async,1,215.25276446652515,83.24999242722564
async,1,215.3033729735742,83.73331717808136
async,1,215.33692659912685,83.2833328284817
async,1,215.38727027882348,82.96666969577642
async,1,215.42077093890566,83.34999343692888
async,1,215.4713264804842,83.44999444663213
async,1,215.57227866722985,83.89999899029675
async,1,215.58904223863857,83.88331869263624
async,1,215.70744654790926,84.400004038813
async,1,215.80869004474258,84.30000302910975
async,1,215.82553306435702,84.33332323630086
async,1,215.97698782721073,84.5166651521118
async,1,216.0781253931031,84.81666818122154
async,1,216.3469251558178,84.94998939811589
async,1,216.410748547753,85.23333232363008
async,1,216.42751211916172,84.89998889326426
async,1,216.59554507427745,84.84998838841264
async,1,216.76355154665794,85.13333131392683
async,1,216.7803416008019,85.13333131392683
async,1,216.914714999424,84.28332273144923
async,1,216.96495274817966,84.26666262785368
async,1,217.09908780218456,83.49999495148376
async,1,217.16624801876037,83.4833348478882
async,1,217.26688241268312,83.36665354052444
async,1,217.31725257511496,83.34999343692888
async,1,217.33404262925893,83.06667070547967
async,1,217.41833717553683,83.13333131392683
async,1,217.46860140702773,83.49999495148376
async,1,217.50220799805086,83.16665152111794
async,1,217.77111369170655,82.13332121689436
async,1,217.7879831940562,81.84999848544513
async,1,217.8047997309354,82.16666161815043
async,1,217.85516989336728,82.13332121689436
async,1,218.00657169075052,83.21665202596957
async,1,218.02341471036493,83.14999141752239
async,1,218.04023124724415,83.16665152111794
async,1,218.12471117266875,83.599995961187
async,1,218.14166012322417,83.58333585759145
async,1,218.30971956107516,83.71665707448581
async,1,218.32648313248384,83.36665354052444
async,1,218.36001027530128,83.88331869263624
async,1,218.41056581687982,83.53333535273983
async,1,218.49618449991988,83.41665404537606
async,1,218.58013477063966,83.78333787699795
async,1,218.66416448956514,83.04999040781914
async,1,218.68092806097386,83.43333434303658
async,1,218.71453465199698,83.39999394178051
async,1,218.74808827754967,82.83332828481709
async,1,218.79843195724627,83.2833328284817
async,1,218.88256760711272,83.58333585759145
async,1,218.89938414399194,83.56665555993094
async,1,219.017285281293,83.16665152111794
async,1,219.0858755655719,83.18333181877846
async,1,219.20393559928445,82.53332525570735
async,1,219.32181025385026,82.53332525570735
async,1,219.4063166620101,82.61666616181505
async,1,219.45684572085344,82.9166691909248
async,1,219.47363577499738,82.49998485445127
async,1,219.4903993464061,82.5166651521118
async,1,219.5910072575936,82.5499853593029
async,1,219.6413509372902,82.53332525570735
async,1,219.70853763660125,83.01667020062804
async,1,219.72530120800997,83.01667020062804
async,1,219.7755919222361,83.63333636244307
async,1,219.82590911919746,83.31665303567281
async,1,219.90991235538772,83.36665354052444
async,1,220.0273897689249,83.49999495148376
async,1,220.09465591644167,83.53333535273983
async,1,220.21221277818458,84.2000020194065
async,1,220.2793200292899,84.16666161815043
async,1,220.3129001375778,83.96665959874393
async,1,220.34645376313048,84.0
async,1,220.36324381727442,84.36666363755693
async,1,220.41358749697105,83.93331919748786
async,1,220.43035106837974,83.94999949514838
async,1,220.49743183674983,83.98331970233949
async,1,220.57820417924046,83.19999192237401
async,1,220.61194318393981,83.21665202596957
async,1,220.64568218863917,83.24999242722564
async,1,220.69637014389394,83.58333585759145
async,1,220.73005618312283,83.29999293207726
async,1,220.7973223306396,83.29999293207726
async,1,220.81403293657783,83.599995961187
async,1,220.89790375909186,83.53333535273983
async,1,220.93145738464452,83.51665505507931
async,1,220.98180106434114,83.76665757933743
async,1,221.0153017244233,83.71665707448581
async,1,221.04880238450548,83.36665354052444
async,1,221.11585667014032,83.39999394178051
async,1,221.30105043769342,83.38333383818495
async,1,221.40173779708664,84.06666060844718
async,1,221.4520020285775,84.05000050485162
async,1,221.48560861960067,83.94999949514838
async,1,221.50234570827413,84.25000252425812
async,1,221.56939999390897,84.2000020194065
async,1,221.58624301352341,84.56666565696342
async,1,221.67011383603744,84.46666464726017
async,1,221.70361449611963,84.44998434959965
async,1,221.80424889004235,84.7166671715183
async,1,221.93954918439798,84.78332777996548
async,1,222.0739490657553,83.7999979805935
async,1,222.3771234188152,83.86665858904068
async,1,222.46088831038824,83.53333535273983
async,1,222.47765188179696,83.64999646603863
async,1,222.5296904565491,83.71665707448581
async,1,222.5465069934283,84.13332121689436
async,1,222.61618306985218,83.88331869263624
async,1,222.74533936963147,83.94999949514838
async,1,222.8461061772304,83.18333181877846
async,1,222.98037364491154,83.09999091267076
async,1,223.1147735262689,84.15000151455487
async,1,223.14840660002727,83.6833368672947
async,1,223.21554033386784,83.74999747574188
async,1,223.26580456535874,83.73331717808136
async,1,223.28256813676745,83.64999646603863
async,1,223.29933170817614,83.64999646603863
async,1,223.40036334312754,83.43333434303658
async,1,223.50128904713793,83.73331717808136
async,1,223.56876705653667,83.71665707448581
async,1,223.63598023858296,84.03332020719111
async,1,223.66953386413562,84.0
async,1,223.7534841348554,83.88331869263624
async,1,223.7702477062641,84.6333262654106
async,1,223.8542244597191,84.56666565696342
async,1,223.9716489077858,84.5499853593029
async,1,223.988465444665,84.93332929452033
async,1,224.07260109453145,84.86666868607317
async,1,224.12310367063952,84.86666868607317
async,1,224.15665729619218,85.2833328284817
async,1,224.207133389565,84.79998788356102
async,1,224.30795316263445,84.89998889326426
async,1,224.3248756304546,85.06667070547967
async,1,224.40887886664487,84.99998990296751
async,1,224.4256689207888,84.99998990296751
async,1,224.54319929979647,84.68332677026223
async,1,224.72947885949452,84.64998636900614
async,1,224.7965066623941,84.79998788356102
async,1,224.81332319927333,84.58332576055898
async,1,224.83008677068202,84.58332576055898
async,1,224.89727346999308,83.93331919748786
async,1,224.94767011516018,83.98331970233949
async,1,225.09925729169012,83.98331970233949
async,1,225.2168671189035,84.16666161815043
async,1,225.2671313503944,84.44998434959965
async,1,225.31742206462053,84.25000252425812
async,1,225.45195435965408,84.01666010359556
async,1,225.4857198470887,84.30000302910975
async,1,225.53616945772626,83.84999848544513
async,1,225.58675148204006,83.86665858904068
async,1,225.68770366878573,83.16665152111794
async,1,225.80568425429252,83.03333030422358
async,1,225.87284447086833,82.79998788356102
async,1,225.92358539159358,83.23333232363008
async,1,225.9739290712902,82.99998990296751
async,1,225.99066615996367,83.01667020062804
async,1,226.07448401700722,82.3166631327053
async,1,226.10851433179425,82.36666363755693
async,1,226.27609708041086,82.48332475085573
async,1,226.37675795706883,82.6333262654106
async,1,226.42704867129495,82.61666616181505
async,1,226.56142206991706,83.36665354052444
async,1,226.59502866094022,83.39999394178051
async,1,226.6958219512744,84.08332071204273
async,1,226.76287623690925,84.18332172174598
async,1,226.82924197142776,83.78333787699795
async,1,226.84605850830698,84.23332222659761
async,1,226.86300745886237,84.26666262785368
async,1,226.89701129091418,84.59998586415452
async,1,226.94754034975747,84.13332121689436
async,1,227.0147005663333,83.9166590938923
async,1,227.08231098940823,84.61666616181505
async,1,227.1161294423133,84.13332121689436
async,1,227.13291949645728,84.13332121689436
async,1,227.2505558064059,83.63333636244307
async,1,227.3682185990898,83.66665656963418
async,1,227.603703080869,83.73331717808136
async,1,227.7884731246582,83.7999979805935
async,1,227.9058446072544,84.21666212300205
async,1,227.9228465232803,84.23332222659761
async,1,228.04098600519856,85.13333131392683
async,1,228.0915415467771,85.19999192237401
async,1,228.20952213228392,85.98331970233949
async,1,228.24323465424803,86.01666010359556
async,1,228.36092392966714,85.66665656963418
async,1,228.44532440688604,85.64999646603863
async,1,228.6132514310608,83.78333787699795
async,1,228.69706928810436,83.71665707448581
async,1,228.99460281855752,83.34999343692888
async,1,229.16263577367326,83.19999192237401
async,1,229.26369389135988,82.56666565696342
async,1,229.38111833942656,82.89998889326426
async,1,229.39785542810003,82.88332878966871
async,1,229.46490971373487,82.45000454366462
async,1,229.4817527333493,82.88332878966871
async,1,229.49859575296375,82.88332878966871
async,1,229.63291618611538,84.3166631327053
async,1,229.75047304785826,84.44998434959965
async,1,229.90171594883006,84.81666818122154
async,1,229.91853248570925,84.79998788356102
async,1,230.01924632783772,84.46666464726017
async,1,230.03608934745216,84.46666464726017
async,1,230.13693560325686,83.74999747574188
async,1,230.17046274607426,83.7999979805935
async,1,230.2882844351696,84.46666464726017
async,1,230.4056559177658,84.46666464726017
async,1,230.4559731147272,84.88332878966871
async,1,230.4895002575446,84.84998838841264
async,1,230.60676580919983,84.35000353396137
async,1,230.77461338516886,84.25000252425812
async,1,230.82511596127694,84.26666262785368
async,1,230.90925161114342,83.61665606478256
async,1,230.9262005616988,83.63333636244307
async,1,230.9775241025994,83.9166590938923
async,1,231.01142200371024,83.71665707448581
async,1,231.0281590923837,83.66665656963418
async,1,231.06165975246589,83.73331717808136
async,1,231.16224118091813,84.49998485445127
async,1,231.19590073741176,84.48332475085573
async,1,231.43212673577779,84.36666363755693
async,1,231.48273524282683,83.76665757933743
async,1,231.53329078440538,84.15000151455487
async,1,231.5668708926933,84.18332172174598
async,1,231.5839522569249,83.83331818778461
async,1,231.66795549311516,83.89999899029675
async,1,231.85240774408143,83.63333636244307
async,1,231.93702008318226,84.25000252425812
async,1,231.9711033634398,84.21666212300205
async,1,231.98791990031899,84.2000020194065
async,1,232.10645662326587,84.44998434959965
async,1,232.37689831556563,83.39999394178051
async,1,232.4103989756478,83.43333434303658
async,1,232.44389963572996,83.16665152111794
async,1,232.4774267785474,83.78333787699795
async,1,232.57829951708732,83.78333787699795
async,1,232.69569748241878,84.25000252425812
async,1,232.71243457109225,84.25000252425812
async,1,232.72919814250096,84.03332020719111
async,1,232.81330730963217,84.15000151455487
async,1,232.84680796971435,84.18332172174598
async,1,232.96587434736608,83.03333030422358
async,1,232.9826379187748,83.04999040781914
async,1,233.26624153049025,83.03333030422358
async,1,233.31669114112782,82.98332979937196
async,1,233.38403673685033,83.6833368672947
async,1,233.4355986223681,83.66665656963418
async,1,233.53686860193667,83.98331970233949
async,1,233.63745003038895,83.61665606478256
async,1,233.7382168379879,83.53333535273983
async,1,233.8390101283221,83.83331818778461
async,1,233.8726432020805,83.84999848544513
async,1,234.00815535831802,84.73332727511385
async,1,234.1422639295877,84.76666767636992
async,1,234.15900101826116,84.78332777996548
async,1,234.29589027673134,84.05000050485162
async,1,234.31265384814006,84.06666060844718
async,1,234.37991999565682,83.18333181877846
async,1,234.41355306941523,83.21665202596957
async,1,234.54845612274218,83.21665202596957
async,1,234.56527265962137,83.58333585759145
async,1,234.6495672058993,83.53333535273983
async,1,234.73357044208953,83.58333585759145
async,1,234.90123263891186,82.23332222659761
async,1,234.91804917579108,82.23332222659761
async,1,234.93497164361125,82.5166651521118
async,1,234.9853418060431,81.93331919748786
async,1,235.17795073946417,81.84999848544513
async,1,235.2784527197107,82.4333242460041
async,1,235.2952162911194,82.05000050485162
async,1,235.3288493648778,82.06666060844718
async,1,235.39608902965935,83.21665202596957
async,1,235.42972210341773,83.18333181877846
async,1,235.58133576268293,82.99998990296751
async,1,235.59809933409161,82.7166671715183
async,1,235.68249981131052,82.78332777996548
async,1,235.7502691307969,82.83332828481709
async,1,235.90193575553258,83.94999949514838
async,1,235.95238536617015,83.93331919748786
async,1,236.07055133082366,84.61666616181505
async,1,236.104396266464,84.5499853593029
async,1,236.12150411343086,84.53332525570735
async,1,236.22428360890825,83.89999899029675
async,1,236.37515575158665,84.5499853593029
async,1,236.4927390960648,84.58332576055898
async,1,236.50952915020875,84.38332374115248
async,1,236.5936648000752,84.46666464726017
async,1,236.67798582908839,84.81666818122154
async,1,236.69477588323232,84.78332777996548
async,1,236.9800743900033,84.9166691909248
async,1,237.13105246362267,83.73331717808136
async,1,237.1478425177666,84.1166611132988
async,1,237.19988109251875,83.71665707448581
async,1,237.2281116882876,83.66665656963418
async,1,237.2953778358044,83.96665959874393
async,1,237.32916980597423,83.9166590938923
async,1,237.4144706961914,83.96665959874393
async,1,237.43128723307058,83.94999949514838
async,1,237.5990553608339,83.76665757933743
async,1,237.73366710407316,82.61666616181505
async,1,238.00349969346235,82.7166671715183
async,1,238.0203427130768,83.01667020062804
async,1,238.08850927359182,82.5499853593029
async,1,238.1054582241472,82.53332525570735
async,1,238.24006996738652,83.81665808418906
async,1,238.39189548853363,83.81665808418906
async,1,238.50926697112985,83.14999141752239
async,1,238.57655960138186,83.38333383818495
async,1,238.72822622611753,84.2000020194065
async,1,238.7450162802615,84.18332172174598
async,1,238.87965450623602,84.05000050485162
async,1,238.89649752585046,84.03332020719111
async,1,239.0143192149458,83.49999495148376
async,1,239.03108278635452,83.53333535273983
async,1,239.06458344643667,83.96665959874393
async,1,239.131690697542,83.81665808418906
async,1,239.41195748461683,83.61665606478256
async,1,239.4286945732903,83.6833368672947
async,1,239.44548462743427,83.6833368672947
async,1,239.57996395699735,84.36666363755693
async,1,239.66383477951138,84.48332475085573
async,1,239.69815640438608,84.73332727511385
async,1,239.76531662096187,84.69998687385777
async,1,239.8324238720672,84.56666565696342
async,1,239.86595101488462,84.64998636900614
async,1,239.916268211846,84.36666363755693
async,1,239.95011314748632,84.7166671715183
async,1,240.1520704864481,84.69998687385777
async,1,240.28647036780546,84.400004038813
async,1,240.3201828897696,84.35000353396137
async,1,240.437686786042,84.0
async,1,240.63935281491612,84.03332020719111
async,1,240.74017258798557,84.16666161815043
async,1,240.75698912486476,84.18332172174598
async,1,240.7738321444792,83.9166590938923
async,1,240.8579942770809,84.01666010359556
async,1,240.87478433122487,84.0
async,1,240.95905239476755,84.35000353396137
async,1,240.97586893164674,84.33332323630086
async,1,241.0262390940786,83.83331818778461
async,1,241.0769005665981,83.84999848544513
async,1,241.09369062074208,83.84999848544513
async,1,241.17782627060853,84.2000020194065
async,1,241.21140637889644,84.15000151455487
async,1,241.3121202210249,84.21666212300205
async,1,241.39532897515787,84.53332525570735
async,1,241.46270105361563,84.36666363755693
async,1,241.59702148676723,84.2000020194065
async,1,241.7312359889779,83.09999091267076
async,1,241.78179153055643,83.11665101626632
async,1,241.81550405252057,83.39999394178051
async,1,241.88263778636113,83.38333383818495
async,1,242.00027409630977,83.41665404537606
async,1,242.0506177760064,83.89999899029675
async,1,242.10112035211444,83.86665858904068
async,1,242.2022049525363,83.7999979805935
async,1,242.3701319767111,83.93331919748786
async,1,242.4878212521302,84.44998434959965
async,1,242.6059872167837,84.53332525570735
async,1,242.72449745699535,85.34999343692888
async,1,242.90971770728368,85.24999242722564
async,1,243.01085527317605,84.86666868607317
async,1,243.1452021890629,84.89998889326426
async,1,243.19557235149475,84.21666212300205
async,1,243.26302387815824,84.30000302910975
async,1,243.29678936559284,84.33332323630086
async,1,243.39752969045654,84.01666010359556
async,1,243.5451709394353,83.93331919748786
async,1,243.5619874763145,83.93331919748786
async,1,243.67975619993936,83.73331717808136
async,1,243.69649328861283,84.03332020719111
async,1,243.78047004206783,83.9166590938923
async,1,243.83086668723493,83.86665858904068
async,1,243.8477361895846,83.98331970233949
async,1,243.9319512876568,83.31665303567281
async,1,243.96545194773898,83.44999444663213
async,1,244.11650946956405,83.34999343692888
async,1,244.20072456763626,82.69998687385777
async,1,244.2175146217802,83.01667020062804
async,1,244.31838736032012,82.94998939811589
async,1,244.36865159181102,83.24999242722564
async,1,244.41888934056666,83.23333232363008
async,1,244.60371234982634,83.34999343692888
async,1,244.62047592123506,83.38333383818495
async,1,244.68755668960512,83.29999293207726
async,1,244.80495465493658,83.33333333333333
async,1,244.85527185189795,82.88332878966871
async,1,244.9056420143298,83.16665152111794
async,1,244.92243206847377,83.14999141752239
async,1,244.97312002372854,83.53333535273983
async,1,244.9899895260782,82.89998889326426
async,1,245.12433644196508,82.74998737870939
async,1,245.20810133353814,83.7999979805935
async,1,245.24181385550224,83.78333787699795
async,1,245.30910648575428,83.74999747574188
async,1,245.42637203740952,83.54999545633538
async,1,245.56312888220347,83.51665505507931
async,1,245.81503265983324,83.19999192237401
async,1,245.59665602502088,83.599995961187
async,1,245.8318227139772,83.24999242722564
async,1,245.9494325411906,83.88331869263624
async,1,245.99974973815196,84.0
async,1,246.11717418621865,84.79998788356102
async,1,246.33578916564818,84.81666818122154
async,1,246.3870597410783,84.5166651521118
async,1,246.4374034207749,84.5499853593029
async,1,246.52127424328896,84.59998586415452
async,1,246.5380642974329,84.56666565696342
async,1,246.67227879964355,84.3166631327053
async,1,246.7063885626363,84.66666666666667
async,1,246.77391953750552,84.44998434959965
async,1,247.19330013281092,84.56666565696342
async,1,247.29396100946892,83.71665707448581
async,1,247.32756760049205,83.7999979805935
async,1,247.344357654636,83.81665808418906
async,1,247.39486023074406,84.26666262785368
async,1,247.44544225505788,84.23332222659761
async,1,247.5130526781328,84.2000020194065
async,1,247.6620710293442,82.99998990296751
async,1,247.746789299386,83.61665606478256
async,1,247.78050182135013,83.56665555993094
async,1,247.94853477646586,83.46665455022769
async,1,248.1665406529848,83.54999545633538
async,1,248.21688433268142,83.51665505507931
async,1,248.31751872660416,84.38332374115248
async,1,248.3511253176273,84.35000353396137
async,1,248.48650506018865,82.84998838841264
async,1,248.50326863159734,82.88332878966871
async,1,248.5535858285587,82.78332777996548
async,1,248.60427378381348,82.84998838841264
async,1,248.73893849252326,83.7999979805935
async,1,248.75570206393198,83.7999979805935
async,1,248.85660128520715,83.19999192237401
async,1,248.8733383738806,83.26665253082119
async,1,248.99123951118167,83.23333232363008
async,1,249.10985568233428,82.5166651521118
async,1,249.1938324357893,82.41666414240855
async,1,249.29451979518254,82.3166631327053
async,1,249.31141578026745,82.33332323630086
async,1,249.36218318372795,82.36666363755693
async,1,249.4967154787615,83.7999979805935
async,1,249.51345256743497,83.74999747574188
async,1,249.54732398581055,83.78333787699795
async,1,249.564167005425,84.15000151455487
async,1,249.64817024161525,84.1166611132988
async,1,249.77814750618703,84.05000050485162
async,1,249.82849118588365,84.64998636900614
async,1,249.8955719542537,84.61666616181505
async,1,250.01349957429002,84.5166651521118
async,1,250.11479603659384,85.18333181877846
async,1,250.1315331252673,85.14999141752239
async,1,250.23222048466053,85.24999242722564
async,1,250.4175201831546,83.94999949514838
async,1,250.55210544365863,84.08332071204273
async,1,250.7034013101009,84.15000151455487
async,1,250.83862215625078,84.03332020719111
async,1,250.93957434299645,83.599995961187
async,1,250.95644384534612,83.58333585759145
async,1,250.98997098816355,82.7166671715183
async,1,251.0572371356803,82.86666868607317
async,1,251.07397422435378,82.88332878966871
async,1,251.1074484017007,82.68332677026223
async,1,251.1747145492175,82.79998788356102
async,1,251.25877075087823,83.03333030422358
async,1,251.36014666138777,84.05000050485162
async,1,251.3936738042052,84.0
async,1,251.51154845877102,83.96665959874393
async,1,251.8617826323574,83.2833328284817
async,1,251.99618251371476,84.68332677026223
async,1,252.01299905059395,84.66666666666667
async,1,252.09721414866613,84.61666616181505
async,1,252.1312709461884,84.78332777996548
async,1,252.19851061096995,84.69998687385777
async,1,252.40004422616786,84.53332525570735
async,1,252.60263715077548,84.78332777996548
async,1,252.65290138226638,84.61666616181505
async,1,252.80422373144387,84.6333262654106
async,1,252.90512295271904,85.06667070547967
async,1,253.0056514157008,85.03333030422358
async,1,253.02241498710953,85.06667070547967
async,1,253.54248294180817,85.41665404537606
async,1,253.5592729959521,85.34999343692888
async,1,253.6095901929135,85.44999444663213
async,1,253.71075424154108,85.66665656963418
async,1,253.82809924140204,85.04999040781914
async,1,254.01395507733622,84.35000353396137
async,1,254.08106232844153,84.28332273144923
async,1,254.13135304266766,83.98331970233949
async,1,254.18177617057,84.0
async,1,254.39996742623566,83.78333787699795
async,1,254.4840501106316,83.06667070547967
async,1,254.5175507707138,83.09999091267076
async,1,254.68571613950576,83.21665202596957
async,1,254.73635112929003,83.26665253082119
async,1,254.85398743923867,83.83331818778461
async,1,255.19161583084949,84.78332777996548
async,1,255.3259892294716,84.86666868607317
async,1,255.359516372289,84.58332576055898
async,1,255.4099130174561,84.64998636900614
async,1,255.49373087449965,85.34999343692888
async,1,255.52731098278755,85.31665303567281
async,1,255.67850091828885,85.29999293207726
async,1,255.7289240461912,85.24999242722564
async,1,255.7624511890086,85.0833308090752
async,1,255.82955844011394,85.18333181877846
async,1,255.86308558293135,85.06667070547967
async,1,256.06273892392704,85.24999242722564
async,1,256.2811950069451,85.09999091267076
async,1,256.314775115233,84.79998788356102
async,1,256.38185588360307,84.83332828481709
async,1,256.5840780499173,84.78332777996548
async,1,256.6176581582052,84.81666818122154
async,1,256.73508260627193,83.93331919748786
async,1,256.75187266041587,83.94999949514838
async,1,256.78558518238,84.13332121689436
async,1,256.8358758966061,84.08332071204273
async,1,256.8883117123869,83.39999394178051
async,1,256.95549841169793,83.43333434303658
async,1,257.1064235198468,83.43333434303658
async,1,257.27477426778546,83.43333434303658
async,1,257.29151135645895,83.44999444663213
async,1,257.32503849927633,83.76665757933743
async,1,257.35861860756427,83.33333333333333
async,1,257.37554107538443,83.61665606478256
async,1,257.4090947009371,83.18333181877846
async,1,257.4769699513645,83.26665253082119
async,1,257.5273930792668,83.2833328284817
async,1,257.6281069213953,82.81666818122154
async,1,257.7457167486087,83.69999697089025
async,1,257.76248032001735,83.6833368672947
async,1,257.83038205317996,83.64999646603863
async,1,257.8472515555297,83.34999343692888
async,1,257.89756875249105,83.88331869263624
async,1,257.9143323238997,83.84999848544513
async,1,257.96472896906687,83.83331818778461
async,1,258.1123172525751,82.59998586415452
async,1,258.21289868102735,82.61666616181505
async,1,258.3472985623847,82.59998586415452
async,1,258.44825074913035,83.49999495148376
async,1,258.46525266515624,83.46665455022769
async,1,258.54946776322845,83.46665455022769
async,1,258.61691928989194,83.9166590938923
async,1,258.63373582677116,83.51665505507931
async,1,258.78527003783057,83.51665505507931
async,1,258.80206009197457,83.49999495148376
async,1,258.81890311158895,83.54999545633538
async,1,258.85240377167116,83.23333232363008
async,1,258.8859573972238,83.7999979805935
async,1,258.986750687558,83.84999848544513
async,1,259.13809951947076,85.06667070547967
async,1,259.22228813480774,85.06667070547967
async,1,259.23923708536313,84.81666818122154
async,1,259.3254648713138,84.9166691909248
async,1,259.40978590032694,84.84998838841264
async,1,259.5618762488265,84.86666868607317
async,1,259.629115913608,84.84998838841264
async,1,259.6987655072966,85.2833328284817
async,1,259.7155555614406,84.98332979937196
async,1,259.73234561558456,84.96666969577642
async,1,259.7826363298107,84.25000252425812
async,1,259.8329535267721,84.30000302910975
async,1,259.9022323621673,84.64998636900614
async,1,259.93578598771995,84.6333262654106
async,1,260.2456075073258,84.68332677026223
async,1,260.2624770096755,84.9166691909248
async,1,260.3465861768067,84.89998889326426
async,1,260.49812038786615,84.89998889326426
async,1,260.51520175209777,84.9166691909248
async,1,260.63259971742923,84.08332071204273
async,1,260.6828904316553,83.94999949514838
async,1,260.71647053994326,83.81665808418906
async,1,260.7332870768224,84.08332071204273
async,1,260.75005064823114,84.08332071204273
async,1,260.8341068498919,84.81666818122154
async,1,260.8678458545912,84.79998788356102
async,1,261.0376001874978,84.79998788356102
async,1,261.20534183252585,84.73332727511385
async,1,261.238842492608,84.48332475085573
async,1,261.30618808833054,84.53332525570735
async,1,261.45772229938996,84.5166651521118
async,1,261.5425200176375,84.89998889326426
async,1,261.5928372145989,85.23333232363008
async,1,261.62670863297444,84.9166691909248
async,1,261.64352516985366,84.94998939811589
async,1,261.6603152239976,84.66666666666667
async,1,261.72744895783813,84.88332878966871
async,1,261.8290632129649,84.89998889326426
async,1,261.9464876610316,84.98332979937196
async,1,262.06420341918596,84.13332121689436
async,1,262.09778352747384,84.1166611132988
async,1,262.18165434998787,83.66665656963418
async,1,262.22836989495624,83.6833368672947
async,1,262.2621618651261,83.9166590938923
async,1,262.3293750471724,83.84999848544513
async,1,262.3968530565711,83.78333787699795
async,1,262.4975933814348,83.09999091267076
async,1,262.51446288378446,83.11665101626632
async,1,262.6155210014711,83.09999091267076
async,1,262.6324434692913,83.39999394178051
async,1,262.6659706121087,82.93332929452033
async,1,262.71647318821675,83.21665202596957
async,1,262.88445317786204,83.0833308090752
async,1,262.9179538379442,83.03333030422358
async,1,262.96824455217035,82.3166631327053
async,1,263.0018246604582,82.74998737870939
async,1,263.0186941628079,83.16665152111794
async,1,263.1028562954096,82.89998889326426
async,1,263.11988469417076,82.69998687385777
async,1,263.1707845113075,82.83332828481709
async,1,263.1875745654514,83.09999091267076
async,1,263.27149835343596,82.98332979937196
async,1,263.3726888847988,83.04999040781914
async,1,263.40632195855716,82.76666767636992
async,1,263.4233503573183,83.11665101626632
async,1,263.4573012238996,83.0833308090752
async,1,263.5580415487633,83.44999444663213
async,1,263.59164813978646,83.44999444663213
async,1,263.6592320801262,82.7166671715183
async,1,263.69286515388455,83.09999091267076
async,1,263.8456970189709,83.14999141752239
async,1,263.91275130460576,82.46666464726017
async,1,263.9462519646879,82.93332929452033
async,1,263.96301553609663,82.94998939811589
async,1,264.04707173775734,83.44999444663213
async,1,264.08102260433867,83.39999394178051
async,1,264.1651317714699,83.04999040781914
async,1,264.28414518365116,82.400004038813
async,1,264.329933832886,82.4333242460041
async,1,264.3635669066444,82.1166611132988
async,1,264.4143343101049,82.41666414240855
async,1,264.49833754629515,82.35000353396137
async,1,264.6156825461561,81.13333131392683
async,1,264.66618512226415,81.71665707448581
async,1,264.7335042352514,81.4833348478882
async,1,264.80077038276823,81.29999293207726
async,1,264.8679835648145,80.3166631327053
async,1,264.90156367310243,80.59998586415452
async,1,264.9185655891283,80.83332828481709
async,1,264.9691476134421,80.23332222659761
async,1,265.13688925847015,79.34999343692888
async,1,265.1706017804343,79.78333787699795
async,1,265.3553718242235,80.33332323630086
async,1,265.42274390268125,80.21666212300205
async,1,265.50685306981245,79.96665959874393
async,1,265.55724971497955,80.84998838841264
async,1,265.5908033405322,80.49998485445127
async,1,265.7254150837715,79.43333434303658
async,1,265.809444802697,79.53333535273983
async,1,265.89339507341674,80.400004038813
async,1,265.91013216209024,79.84999848544513
async,1,265.9944002256329,80.10000100970325
async,1,266.02795385118554,80.5499853593029
async,1,266.09516703323186,80.49998485445127
async,1,266.128667693314,80.5166651521118
async,1,266.17890544206966,80.25000252425812
async,1,266.2291961562958,80.36666363755693
async,1,266.4292732210554,80.66666666666667
async,1,266.44608975793454,80.68332677026223
async,1,266.46285332934326,80.38332374115248
async,1,266.54701546194497,80.5166651521118
async,1,266.61451995407896,81.06667070547967
async,1,266.749105214583,82.36666363755693
async,1,266.76608064787365,82.3166631327053
async,1,266.84987202218196,82.38332374115248
async,1,266.88350509594034,82.45000454366462
async,1,266.9003216328195,82.2000020194065
async,1,266.93395470657794,82.79998788356102
async,1,266.9508771743981,82.6333262654106
async,1,266.98466914456793,82.7166671715183
async,1,267.11928088780724,83.26665253082119
async,1,267.15301989250656,83.23333232363008
async,1,267.16975698118006,83.46665455022769
async,1,267.2537072518998,83.29999293207726
async,1,267.4559559009493,83.24999242722564
async,1,267.472719472358,83.63333636244307
async,1,267.5565108466663,83.46665455022769
async,1,267.6908312798179,82.3166631327053
async,1,267.7918099492988,82.4333242460041
async,1,267.89239137775104,81.38333383818495
async,1,267.90912846642453,81.599995961187
async,1,268.02676477637317,81.83331818778461
async,1,268.06034488466105,81.63333636244307
async,1,268.17800767734497,80.86666868607317
async,1,268.2619049825942,81.06667070547967
async,1,268.29540564267637,80.99998990296751
async,1,268.45297791737124,80.81666818122154
async,1,268.58218718262094,80.96666969577642
async,1,268.6995586652172,81.93331919748786
async,1,268.8507486007185,80.58332576055898
async,1,268.8675121721272,80.53332525570735
async,1,268.88424926080063,80.78332777996548
async,1,268.90101283220935,80.78332777996548
async,1,268.91774992088284,81.01667020062804
async,1,268.96809360057944,80.53332525570735
async,1,269.05233518138687,79.29999293207726
async,1,269.08607418608625,79.38333383818495
async,1,269.13644434851807,79.74999747574188
async,1,269.18686747642045,79.56665555993094
async,1,269.2036575305644,79.83331818778461
async,1,269.2711885054336,79.43333434303658
async,1,269.40590617961385,79.71665707448581
async,1,269.6076516566937,80.0
async,1,269.64125824771685,80.06666060844718
async,1,269.75878862672454,79.44999444663213
async,1,269.90968725213816,80.76666767636992
async,1,269.9264243408116,80.79998788356102
async,1,270.0776672417834,82.05000050485162
async,1,270.2458061278401,82.81666818122154
async,1,270.3132046890331,82.4333242460041
async,1,270.3304449496762,82.38332374115248
async,1,270.44789588047814,81.61665606478256
async,1,270.51524147620063,81.51665505507931
async,1,270.5625926068148,81.56665555993094
async,1,270.59625216330846,81.599995961187
async,1,270.6637831381776,81.21665202596957
async,1,270.6805202268511,81.53333535273983
async,1,270.7308374238125,81.66665656963418
async,1,270.81481417726746,82.28332273144923
async,1,270.8650519260231,81.38333383818495
async,1,270.9321591771284,81.41665404537606
async,1,271.01613593058346,81.41665404537606
async,1,271.11698218638816,82.06666060844718
async,1,271.1337192750616,81.98331970233949
async,1,271.2689401212115,82.10000100970325
async,1,271.4033400025688,83.14999141752239
async,1,271.4369201108567,83.06667070547967
async,1,271.5040803274325,83.16665152111794
async,1,271.5544504898644,83.06667070547967
async,1,271.60545623794206,82.89998889326426
async,1,271.6222198093508,83.19999192237401
async,1,271.65577343490344,83.18333181877846
async,1,271.77364808946925,82.89998889326426
async,1,271.8239388036954,82.83332828481709
async,1,271.87425600065677,83.73331717808136
async,1,271.94152214817353,83.6833368672947
async,1,271.9918923106054,83.46665455022769
async,1,272.2439020191762,83.18333181877846
async,1,272.2606391078496,83.21665202596957
async,1,272.378248935063,82.83332828481709
async,1,272.3951449201479,82.79998788356102
async,1,272.4959911759526,82.41666414240855
async,1,272.597022810904,82.46666464726017
async,1,272.7474712298185,82.86666868607317
async,1,272.81452551545334,82.73332727511385
async,1,272.88165924929393,82.49998485445127
async,1,272.94876650039924,82.16666161815043
async,1,273.04963923893916,81.03333030422358
async,1,273.0831928644918,81.13333131392683
async,1,273.1167729727797,81.19999192237401
async,1,273.1673549970935,81.2833328284817
async,1,273.20112048452813,81.21665202596957
async,1,273.28493834157166,81.18333181877846
async,1,273.3017548784509,81.43333434303658
async,1,273.36878268135047,81.2833328284817
async,1,273.4190204301061,80.64998636900614
async,1,273.469284661597,80.94998939811589
async,1,273.58668262692845,81.06667070547967
async,1,273.60344619833717,81.14999141752239
async,1,273.653816360769,81.03333030422358
async,1,273.70490155705244,80.73332727511385
async,1,273.82240545332485,79.74999747574188
async,1,273.85606500981845,79.61665606478256
async,1,273.87288154669767,79.66665656963418
async,1,273.9738602161786,80.6333262654106
async,1,274.0074403244665,80.61666616181505
async,1,274.0409674672839,80.6333262654106
async,1,274.05770455595734,81.49999495148376
async,1,274.14154889573615,81.41665404537606
async,1,274.2423157033351,81.39999394178051
async,1,274.3596871859313,80.96666969577642
async,1,274.3933732251602,81.23333232363008
async,1,274.44392876673874,81.53333535273983
async,1,274.52814386481094,81.6833368672947
async,1,274.5616710076284,81.61665606478256
async,1,274.62893715514514,81.599995961187
async,1,274.7025326763849,81.21665202596957
async,1,274.747685739974,81.49999495148376
async,1,274.7645287595884,81.53333535273983
async,1,274.8820856213313,82.10000100970325
async,1,274.89887567547527,82.05000050485162
async,1,274.94924583790714,82.15000151455487
async,1,275.0165914336296,82.38332374115248
async,1,275.0501980246528,82.25000252425812
async,1,275.117728999522,82.18332172174598
async,1,275.15152096969183,82.2000020194065
async,1,275.3029227670751,82.03332020719111
async,1,275.42071797343516,82.5499853593029
async,1,275.43745506210865,82.5166651521118
async,1,275.6063089820169,82.10000100970325
async,1,275.63986260756957,81.7999979805935
async,1,275.7071552378216,81.88331869263624
async,1,275.808080941832,82.66666666666667
async,1,275.8256654780332,82.400004038813
async,1,275.89290514281475,82.59998586415452
async,1,275.960330186743,82.48332475085573
async,1,276.1787862697611,81.93331919748786
async,1,276.26260412680466,82.1166611132988
async,1,276.4135557176887,82.3166631327053
async,1,276.4303457718327,82.25000252425812
async,1,276.4806364860588,82.26666262785368
async,1,276.5309007175497,82.41666414240855
async,1,276.5476907716937,82.01666010359556
async,1,276.6150628501514,82.21666212300205
async,1,276.68248789407966,82.6333262654106
async,1,276.6994103618998,82.21666212300205
async,1,276.8310560387919,82.35000353396137
async,1,276.8478725756711,82.61666616181505
async,1,276.8646361470798,82.26666262785368
async,1,276.9316904327147,82.41666414240855
async,1,277.0154288415525,82.66666666666667
async,1,277.0827214718045,82.23332222659761
async,1,277.1163545455629,82.48332475085573
async,1,277.1670689835529,82.5166651521118
async,1,277.2007020573113,82.83332828481709
async,1,277.2511516679489,82.78332777996548
async,1,277.2846258452958,81.83331818778461
async,1,277.38520727374805,81.98331970233949
async,1,277.6548544839905,82.59998586415452
async,1,277.8062297986385,81.33333333333333
async,1,277.8565205128647,81.16667171518291
async,1,277.8901271038878,81.49999495148376
async,1,277.9574197341398,81.4833348478882
async,1,278.02497719174426,81.44999444663213
async,1,278.12577048207845,81.88331869263624
async,1,278.14258701895767,81.9166590938923
async,1,278.1766173337447,81.63333636244307
async,1,278.2439099639967,81.71665707448581
async,1,278.26067353540543,81.69999697089025
async,1,278.3279396829222,82.6333262654106
async,1,278.3950204512923,82.48332475085573
async,1,278.5795521504643,82.15000151455487
async,1,278.66342297297837,81.86665858904068
async,1,278.7809003865155,82.59998586415452
async,1,278.7979552680119,82.25000252425812
async,1,278.8484843268552,82.76666767636992
async,1,278.8966299395267,82.81666818122154
async,1,278.9469206537528,82.74998737870939
async,1,279.115006574339,82.36666363755693
async,1,279.1653237713004,82.33332323630086
async,1,279.1821403081796,82.59998586415452
async,1,279.2324839878762,82.05000050485162
async,1,279.25043928237085,82.05000050485162
async,1,279.36791669590804,81.56665555993094
async,1,279.5194244242322,81.73333737214632
async,1,279.60326876401103,81.69999697089025
async,1,279.6371401823866,81.94999949514838
async,1,279.6539567192658,81.66665656963418
async,1,279.6708527043507,81.69999697089025
async,1,279.7714076500677,81.41665404537606
async,1,279.82169836429387,82.18332172174598
async,1,279.8889645118106,81.96665959874393
async,1,280.00697158005266,82.0
async,1,280.1244754763251,82.2000020194065
async,1,280.15818799828924,82.10000100970325
async,1,280.19179458931234,82.10000100970325
async,1,280.27571837729687,82.89998889326426
async,1,280.30937793379053,82.68332677026223
async,1,280.39356654912746,82.68332677026223
async,1,280.5954179571483,82.08332071204273
async,1,280.6458146023154,82.18332172174598
async,1,280.6962906956882,82.53332525570735
async,1,280.746872720002,82.49998485445127
async,1,280.8655948220956,81.88331869263624
async,1,281.06405644000534,81.74999747574188
async,1,281.08082001141406,81.7999979805935
async,1,281.1143471542315,81.83331818778461
async,1,281.1478742970489,81.69999697089025
async,1,281.2989583016092,81.63333636244307
async,1,281.3156953902827,81.98331970233949
async,1,281.39953973006146,81.94999949514838
async,1,281.41627681873496,81.9166590938923
async,1,281.4330668728789,81.599995961187
async,1,281.50025357218993,81.93331919748786
async,1,281.5506237346218,82.01666010359556
async,1,281.6013116898766,81.39999394178051
async,1,281.6684719064524,81.46665455022769
async,1,281.6853678915373,81.49999495148376
async,1,281.7022638766222,81.2833328284817
async,1,281.76963595508,81.36665354052444
async,1,281.8872722650286,82.23332222659761
async,1,281.90411528464307,82.33332323630086
async,1,281.92098478699273,82.06666060844718
async,1,281.9882509345095,82.28332273144923
async,1,282.05530522014436,82.36666363755693
async,1,282.0888323629618,82.28332273144923
async,1,282.12233302304395,82.2000020194065
async,1,282.18944027414926,82.30000302910975
async,1,282.2229144514962,82.3166631327053
async,1,282.32373422456567,81.84999848544513
async,1,282.3405772441801,81.86665858904068
async,1,282.4076844952854,81.599995961187
async,1,282.42444806669414,81.61665606478256
async,1,282.49182014515185,82.0
async,1,282.525426736175,81.98331970233949
async,1,282.57608820869456,82.03332020719111
async,1,282.64343380441704,81.13333131392683
async,1,282.7106205037281,81.21665202596957
async,1,282.844861488674,80.35000353396137
async,1,282.912048187985,79.84999848544513
async,1,282.94557533080246,80.1166611132988
async,1,283.2827270331789,79.31665303567281
async,1,283.2997819146753,79.36665354052444
async,1,283.3672864068092,79.16667171518291
async,1,283.4343671751793,79.38333383818495
async,1,283.603697784322,80.05000050485162
async,1,283.77363749637516,81.58333585759145
async,1,284.142568481043,82.30000302910975
async,1,284.25996644637445,81.53333535273983
async,1,284.27678298325367,81.89999899029675
async,1,284.3442080271819,81.64999646603863
async,1,284.46261233645254,80.94998939811589
async,1,284.79992293524043,80.10000100970325
async,1,284.81668650664915,80.46666464726017
async,1,284.9005043636927,80.59998586415452
async,1,285.0182995700528,80.21666212300205
async,1,285.035222037873,80.23332222659761
async,1,285.0519591265464,80.06666060844718
async,1,285.06872269795514,80.25000252425812
async,1,285.12926223072026,80.2000020194065
async,1,285.16323958003676,80.15000151455487
async,1,285.29899008089154,80.98332979937196
async,1,285.315727169565,80.96666969577642
async,1,285.45018001639284,81.73333737214632
async,1,285.466996553272,81.69999697089025
async,1,285.5174726466448,81.96665959874393
async,1,285.5678163263415,81.86665858904068
async,1,285.58481824236736,81.83331818778461
async,1,285.6686360994109,82.15000151455487
async,1,285.68542615355483,81.96665959874393
async,1,285.7529836111593,82.0
async,1,285.7701179408614,82.05000050485162
async,1,285.8036186009436,82.26666262785368
async,1,285.87080530025463,82.23332222659761
async,1,285.9215727037151,82.26666262785368
async,1,285.9385216542705,82.53332525570735
async,1,285.9552322602088,82.21666212300205
async,1,286.00549649169966,82.26666262785368
async,1,286.0222335803731,82.26666262785368
async,1,286.156474565319,82.66666666666667
async,1,286.4088815149184,81.61665606478256
async,1,286.4596489183789,81.78333787699795
async,1,286.5942871443534,81.81665808418906
async,1,286.6781314841322,81.76665757933743
async,1,286.72892537032794,81.93331919748786
async,1,286.7799840838761,81.86665858904068
async,1,286.8473296795986,82.0
async,1,286.8978057729715,81.98331970233949
async,1,286.948467245491,81.43333434303658
async,1,286.9992346489515,81.69999697089025
async,1,287.1169768898411,81.84999848544513
async,1,287.2315676852368,81.36665354052444
async,1,287.3159681624557,81.39999394178051
async,1,287.41729110749475,80.88332878966871
async,1,287.4507917675769,81.26665253082119
async,1,287.5179255014175,81.19999192237401
async,1,287.5683486293198,81.16667171518291
async,1,287.60190225487247,81.24999242722564
async,1,287.7024836833248,80.7166671715183
async,1,287.7192737374687,80.73332727511385
async,1,287.7695644516948,80.6333262654106
async,1,287.90407026399316,79.53333535273983
async,1,287.95436097821926,79.69999697089025
async,1,287.98809998291864,80.06666060844718
async,1,288.05555150958213,79.96665959874393
async,1,288.13968715944856,79.8833388867012
async,1,288.27429890268786,80.53332525570735
async,1,288.29103599136135,80.61666616181505
async,1,288.30779956277,80.56666565696342
async,1,288.324589616914,80.26666262785368
async,1,288.39180279896027,80.76666767636992
async,1,288.50914779882123,80.86666868607317
async,1,288.5258848874947,80.84998838841264
async,1,288.6099675718907,80.81666818122154
async,1,288.6436006456491,81.21665202596957
async,1,288.66044366526353,80.79998788356102
async,1,288.71097272410685,80.9166691909248
async,1,288.77839776803506,80.99998990296751
async,1,288.8964313190124,81.71665707448581
async,1,288.91330082136204,81.81665808418906
async,1,288.93006439277076,81.53333535273983
async,1,288.99714516114085,80.88332878966871
async,1,289.04738290989644,81.03333030422358
async,1,289.34745878293296,81.86665858904068
async,1,289.3642223543416,81.58333585759145
async,1,289.48148790599686,82.10000100970325
async,1,289.5317521374878,82.23332222659761
async,1,289.56525279756994,82.1166611132988
async,1,289.58201636897866,82.05000050485162
async,1,289.6491501028192,82.15000151455487
async,1,289.6659136742279,82.18332172174598
async,1,289.78317922588315,82.73332727511385
async,1,289.9176850381815,82.99998990296751
async,1,289.9344486095902,82.89998889326426
async,1,290.03738700147903,84.0
async,1,290.07096710976697,83.54999545633538
async,1,290.13796842993133,82.9166691909248
async,1,290.15473200134005,82.93332929452033
async,1,290.3558154100388,81.44999444663213
async,1,290.45634387302056,81.71665707448581
async,1,290.54024117826987,81.78333787699795
async,1,290.59090265078936,82.1166611132988
async,1,290.6245357245478,81.81665808418906
async,1,290.7086184089437,81.6833368672947
async,1,290.8095705956894,81.4833348478882
async,1,290.8430712557716,81.53333535273983
async,1,291.04420762994084,81.599995961187
async,1,291.14468312745214,82.76666767636992
async,1,291.1782897184753,82.66666666666667
async,1,291.19502680714874,82.61666616181505
async,1,291.2452645559044,82.48332475085573
async,1,291.3290559302127,83.39999394178051
async,1,291.39833476560796,82.7166671715183
async,1,291.4485989970988,82.83332828481709
async,1,291.56591751422457,82.7166671715183
async,1,291.6163406421269,82.68332677026223
async,1,291.6331042135356,82.74998737870939
async,1,291.683421410497,82.98332979937196
async,1,291.73373860745835,82.9166691909248
async,1,291.90121542513396,83.11665101626632
async,1,292.05214053328285,82.21666212300205
async,1,292.1695384986143,81.58333585759145
async,1,292.186302070023,81.84999848544513
async,1,292.2368046461311,81.86665858904068
async,1,292.30415024185356,82.28332273144923
async,1,292.3376509019358,82.18332172174598
async,1,292.3544144733445,82.21666212300205
async,1,292.40467870483536,82.98332979937196
async,1,292.47175947320545,82.79998788356102
async,1,292.6566884134061,82.76666767636992
async,1,292.77421879241376,81.69999697089025
async,1,292.8747737381308,81.66665656963418
async,1,292.8915108268042,81.66665656963418
async,1,292.9592536635554,81.11665101626632
async,1,292.99320453013667,81.43333434303658
async,1,293.0267581556894,81.36665354052444
async,1,293.04362765803904,81.56665555993094
async,1,293.0603647467125,80.9166691909248
async,1,293.12741903234735,81.46665455022769
async,1,293.177656781103,81.4833348478882
async,1,293.2446581012673,80.33332323630086
async,1,293.31168590416695,80.46666464726017
async,1,293.42985186882044,80.53332525570735
async,1,293.51475551800894,80.59998586415452
async,1,293.5824189065543,80.3166631327053
async,1,293.61605198031276,80.45000454366462
async,1,293.6499763641588,80.46666464726017
async,1,293.6836888861229,80.36666363755693
async,1,293.8018548507764,81.58333585759145
async,1,293.83540847632906,81.29999293207726
async,1,293.9026481411106,81.33333333333333
async,1,293.9194646779898,81.29999293207726
async,1,294.054288283111,82.2000020194065
async,1,294.0710253717845,82.2000020194065
async,1,294.1735400399095,82.88332878966871
async,1,294.20714663093264,82.86666868607317
async,1,294.2747835367428,84.1166611132988
async,1,294.32507425096895,83.61665606478256
async,1,294.3753384824598,83.64999646603863
async,1,294.4593682013853,82.56666565696342
async,1,294.5096853983467,82.61666616181505
async,1,294.5264754524906,82.61666616181505
async,1,294.54323902389933,82.88332878966871
async,1,294.6270568809429,82.84998838841264
async,1,295.08009703274195,82.46666464726017
async,1,295.19826299739543,81.76665757933743
async,1,295.21505305153937,81.78333787699795
async,1,295.28279588829054,81.76665757933743
async,1,295.29955945969925,81.81665808418906
async,1,295.4513055326406,83.06667070547967
async,1,295.6643591376692,82.78332777996548
async,1,295.6811491918131,82.81666818122154
async,1,295.8831330135102,83.29999293207726
async,1,296.0010606335465,83.56665555993094
async,1,296.1188823226418,83.9166590938923
async,1,296.1859895737471,83.84999848544513
async,1,296.20275314515584,83.78333787699795
async,1,296.21956968203506,84.2000020194065
async,1,296.30423498660633,84.03332020719111
async,1,296.4564312660469,84.0
async,1,296.5402756058257,84.5166651521118
async,1,296.5571186254401,84.13332121689436
async,1,296.6241993938102,84.1166611132988
async,1,296.74175625555307,83.599995961187
async,1,296.7585198269618,83.599995961187
async,1,296.85933960003126,83.19999192237401
async,1,296.8761561369104,83.21665202596957
async,1,296.89291970831914,83.23333232363008
async,1,296.99344817130094,82.86666868607317
async,1,297.1617989192396,82.84998838841264
async,1,297.21243390902384,82.86666868607317
async,1,297.2460934655175,82.81666818122154
async,1,297.29670197256655,82.41666414240855
async,1,297.3472839968803,82.5166651521118
async,1,297.38112893252065,82.46666464726017
async,1,297.4146560753381,82.10000100970325
async,1,297.4818162919139,82.1166611132988
async,1,297.56581952810416,82.5166651521118
async,1,297.61873203311933,82.4333242460041
async,1,297.64725393897584,82.400004038813
async,1,297.69778299781916,82.78332777996548
async,1,297.7482855739272,82.7166671715183
async,1,297.7819716131561,82.66666666666667
async,1,297.90000516413335,83.06667070547967
async,1,297.91676873554206,83.03333030422358
async,1,297.9505871884472,83.29999293207726
async,1,298.0181711287869,83.26665253082119
async,1,298.1694140297586,83.18333181877846
async,1,298.21973122672,83.11665101626632
async,1,298.2701543546224,83.21665202596957
async,1,298.3373940194039,83.71665707448581
async,1,298.3709476449566,83.6833368672947
async,1,298.4044483050387,83.73331717808136
async,1,298.48837209302326,84.10000100970325
async,1,298.5051621471672,84.06666060844718
async,1,298.55545286139335,84.10000100970325
async,1,298.67327455048866,83.33333333333333
async,1,298.8410691609872,83.51665505507931
async,1,298.9923650274295,83.69999697089025
async,1,299.0596841404168,83.16665152111794
async,1,299.11111361225835,83.19999192237401
async,1,299.21190690259255,83.23333232363008
async,1,299.228643991266,83.31665303567281
async,1,299.2453810799395,82.89998889326426
async,1,299.31267371019146,82.84998838841264
async,1,299.43015112372865,82.1166611132988
async,1,299.5648687979089,82.08332071204273
async,1,299.70196991826106,82.88332878966871
async,1,299.7640454496702,83.03333030422358
async,1,299.8144950603078,82.88332878966871
async,1,300.06698145811293,82.2000020194065
async,1,300.08395689140355,82.49998485445127
async,1,300.16819847221103,82.33332323630086
async,1,300.2524665357537,82.36666363755693
async,1,300.3699704320261,83.24999242722564
async,1,300.52102795385116,83.63333636244307
async,1,300.53781800799516,83.599995961187
async,1,300.77420290277263,83.16665152111794
async,1,300.8077565283253,83.29999293207726
async,1,300.84133663661316,83.36665354052444
async,1,300.92515449365675,83.6833368672947
async,1,300.9419445478007,83.66665656963418
async,1,301.0094490399346,83.44999444663213
async,1,301.02658336963674,83.51665505507931
async,1,301.0770064975391,83.93331919748786
async,1,301.12742962544144,83.73331717808136
async,1,301.2621737823569,83.84999848544513
async,1,301.27917569838286,83.76665757933743
async,1,301.36309948636733,83.81665808418906
async,1,301.6002523804669,83.66665656963418
async,1,301.71841834512037,84.25000252425812
async,1,301.76886795575797,84.25000252425812
async,1,301.86590069768766,83.33333333333333
async,1,301.91658865294244,83.43333434303658
async,1,301.9333787070864,83.4833348478882
async,1,301.96698529810953,82.68332677026223
async,1,302.03403958374435,82.89998889326426
async,1,302.067593209297,82.9166691909248
async,1,302.0843567807057,82.76666767636992
async,1,302.1011468348497,82.73332727511385
async,1,302.20199309065436,83.03333030422358
async,1,302.21878314479835,83.01667020062804
async,1,302.3534743362433,82.1166611132988
async,1,302.37031735585776,82.1166611132988
async,1,302.3871868582075,81.78333787699795
async,1,302.47126954260347,81.83331818778461
async,1,302.5718509710557,81.73333737214632
async,1,302.60540459660837,81.21665202596957
async,1,302.6725118477137,81.26665253082119
async,1,302.84057128556464,80.89998889326426
async,1,302.9578898026904,81.98331970233949
async,1,303.05971591969904,81.39999394178051
async,1,303.21146199264047,81.58333585759145
async,1,303.2281990813139,81.51665505507931
async,1,303.36265192814176,82.5499853593029
async,1,303.3793890168152,82.53332525570735
async,1,303.4296532483061,82.83332828481709
async,1,303.4811621683534,82.69998687385777
async,1,303.4979787052326,82.74998737870939
async,1,303.53163826172624,82.64998636900614
async,1,303.56524485274934,82.64998636900614
async,1,303.58198194142284,82.58332576055898
async,1,303.63282879308906,82.99998990296751
async,1,303.68370212749056,82.9166691909248
async,1,303.73441656548056,82.94998939811589
async,1,303.76823501838567,82.88332878966871
async,1,303.785289899882,82.84998838841264
async,1,303.91418137230886,83.78333787699795
async,1,303.9309449437176,83.84999848544513
async,1,303.947682032391,83.83331818778461
async,1,303.98123565794367,83.51665505507931
async,1,304.0147892834964,84.10000100970325
async,1,304.1664029427615,83.86665858904068
async,1,304.2335896420726,82.79998788356102
async,1,304.2843040800626,82.83332828481709
async,1,304.4025230101866,82.93332929452033
async,1,304.65466513243354,83.36665354052444
async,1,304.75556435370873,82.7166671715183
async,1,304.7893828066138,82.78332777996548
async,1,304.90675428921,82.84998838841264
async,1,304.95717741711235,82.4333242460041
async,1,305.0077329586909,82.61666616181505
async,1,305.10873811090704,82.58332576055898
async,1,305.2597161845264,83.78333787699795
async,1,305.2765062386704,83.76665757933743
async,1,305.4452012621672,83.64999646603863
async,1,305.478993232337,83.61665606478256
async,1,305.54610048344233,83.33333333333333
async,1,305.5796011435245,83.38333383818495
async,1,305.6635514142443,83.39999394178051
async,1,305.71400102488184,84.01666010359556
async,1,305.7646624974014,83.66665656963418
async,1,305.91577298469696,83.31665303567281
async,1,306.01513620732806,83.78333787699795
async,1,306.1838047480896,82.83332828481709
async,1,306.2006212849688,82.83332828481709
async,1,306.21735837364224,82.56666565696342
async,1,306.3011762306858,82.6333262654106
async,1,306.469368082213,82.64998636900614
async,1,306.6711400420281,80.7166671715183
async,1,306.73859156869156,80.73332727511385
async,1,306.755434588306,81.13333131392683
async,1,306.839517272702,81.04999040781914
async,1,306.8563602923164,81.01667020062804
async,1,306.89007281428053,80.58332576055898
async,1,306.95733896179735,80.69998687385777
async,1,307.00813284799307,80.64998636900614
async,1,307.0248964194018,80.68332677026223
async,1,307.1765895268727,81.63333636244307
async,1,307.19345902922237,81.36665354052444
async,1,307.2608046249449,81.61665606478256
async,1,307.3621540527192,81.64999646603863
async,1,307.4797373971973,81.14999141752239
async,1,307.6165207247265,82.79998788356102
async,1,307.66686440442317,82.7166671715183
async,1,307.8682391232096,82.01666010359556
async,1,307.8850026946183,82.4333242460041
async,1,307.9690853790143,82.3166631327053
async,1,308.0654825352982,82.13332121689436
async,1,308.16669954939624,81.24999242722564
async,1,308.18348960354024,81.26665253082119
async,1,308.2002531749489,81.26665253082119
async,1,308.2688699419631,81.58333585759145
async,1,308.28576592704803,81.13333131392683
async,1,308.3867975619994,81.09999091267076
async,1,308.437141241696,81.39999394178051
async,1,308.47066838451343,81.09999091267076
async,1,308.5880663498449,81.09999091267076
async,1,308.6888861229143,81.41665404537606
async,1,308.78946755136656,81.39999394178051
async,1,308.8915055302572,81.89999899029675
async,1,308.9923782687971,81.43333434303658
async,1,309.02593189434975,81.4833348478882
async,1,309.04266898302325,81.11665101626632
async,1,309.09301266271984,81.56665555993094
async,1,309.10974975139334,81.56665555993094
async,1,309.1632713593191,81.94999949514838
async,1,309.2140652455148,81.89999899029675
async,1,309.2647532007696,81.64999646603863
async,1,309.281702151325,81.6833368672947
async,1,309.3152028114072,82.13332121689436
async,1,309.3657053875152,81.71665707448581
async,1,309.53445337648253,81.599995961187
async,1,309.56816589844664,81.66665656963418
async,1,309.7029365380974,80.26666262785368
async,1,309.71996493685856,80.28332273144923
async,1,309.7704145474961,80.38332374115248
async,1,309.838342763394,80.28332273144923
async,1,309.9069330476729,80.1166611132988
async,1,309.94043370775506,80.61666616181505
async,1,310.0080176480948,80.35000353396137
async,1,310.0417831355294,80.33332323630086
async,1,310.05865263787905,80.74998737870939
async,1,310.1466812498262,80.73332727511385
async,1,310.2474480574252,80.6333262654106
async,1,310.28102816571305,80.7166671715183
async,1,310.60054236641776,81.58333585759145
async,1,310.6173059378265,81.53333535273983
async,1,310.6340695092352,81.599995961187
async,1,310.73549838521524,82.5166651521118
async,1,310.7525003012411,82.49998485445127
async,1,310.81963403508166,82.5499853593029
async,1,310.9210364283265,82.38332374115248
async,1,310.9882231276375,82.25000252425812
async,1,311.0388581174218,82.66666666666667
async,1,311.0724911911802,82.33332323630086
async,1,311.0893077280594,81.89999899029675
async,1,311.1738671016897,81.94999949514838
async,1,311.24139807655894,81.9166590938923
async,1,311.29216548001943,82.05000050485162
async,1,311.37598333706296,81.88331869263624
async,1,311.4773327648373,81.51665505507931
async,1,311.6300322162474,81.38333383818495
async,1,311.6644597720631,81.29999293207726
async,1,311.681249826207,81.4833348478882
async,1,311.765438441544,81.39999394178051
async,1,311.8843988882548,80.74998737870939
async,1,311.93503387803906,80.86666868607317
async,1,311.96877288273845,80.96666969577642
async,1,312.0526966707229,80.25000252425812
async,1,312.08627677901086,80.35000353396137
async,1,312.1030668331548,80.400004038813
async,1,312.18701710387455,79.7999979805935
async,1,312.21342039091166,79.83331818778461
async,1,312.31484926689166,79.93331919748786
async,1,312.3651399811178,80.03332020719111
async,1,312.5014731021479,78.81666818122154
async,1,312.58552930380864,78.68332677026223
async,1,312.61950665312514,78.36666363755693
async,1,312.6531662096188,78.83332828481709
async,1,312.66995626376274,78.76666767636992
async,1,312.704118992226,78.76666767636992
async,1,312.7209355291052,78.49998485445127
async,1,312.7880692629457,78.53332525570735
async,1,312.9225221097736,79.33333333333333
async,1,312.95602276985574,79.31665303567281
async,1,312.9897088090846,79.09999091267076
async,1,313.0401584197222,79.46665455022769
async,1,313.15811252249375,80.36666363755693
async,1,313.17484961116725,80.3166631327053
async,1,313.1916926307817,80.25000252425812
async,1,313.2084562021904,80.5166651521118
async,1,313.22527273906957,80.48332475085573
async,1,313.3267545805201,80.45000454366462
async,1,313.36059951616045,80.30000302910975
async,1,313.3774160530396,80.3166631327053
async,1,313.52958584974493,81.94999949514838
async,1,313.5968255145264,82.03332020719111
async,1,313.6303791400791,82.33332323630086
async,1,313.69783066674256,82.28332273144923
async,1,313.7822046612262,82.68332677026223
async,1,313.79902119810544,82.73332727511385
async,1,313.90013228126253,81.21665202596957
async,1,313.9170017836122,81.23333232363008
async,1,313.96768973886697,81.2833328284817
async,1,314.01824528044557,81.53333535273983
async,1,314.05187835420395,81.26665253082119
async,1,314.11893263983876,81.63333636244307
async,1,314.135749176718,81.56665555993094
async,1,314.18606637367935,81.83331818778461
async,1,314.2032271861167,81.49999495148376
async,1,314.22001724026063,81.53333535273983
async,1,314.3651691121266,81.66665656963418
async,1,314.5335198600652,81.86665858904068
async,1,314.6513680318958,80.96666969577642
async,1,314.7354507162918,81.18333181877846
async,1,314.8192950560706,80.81666818122154
async,1,314.92101524213825,82.64998636900614
async,1,314.93777881354697,82.59998586415452
async,1,315.0386515520869,82.49998485445127
async,1,315.0554416062309,82.76666767636992
async,1,315.13941835968586,82.66666666666667
async,1,315.22350104408184,83.18333181877846
async,1,315.27384472377844,82.79998788356102
async,1,315.4084299842825,82.9166691909248
async,1,315.44211602351135,82.98332979937196
async,1,315.4928304615014,82.84998838841264
async,1,315.5431211757275,82.84998838841264
async,1,315.6777064362316,84.05000050485162
async,1,315.7111806135785,84.03332020719111
async,1,315.74491961827783,83.94999949514838
async,1,315.8124770758823,84.4333242460041
async,1,315.84608366690543,84.41666414240855
async,1,315.8628737210494,84.400004038813
async,1,315.91324388348124,83.84999848544513
async,1,315.9639848042065,83.98331970233949
async,1,316.14872836526047,84.15000151455487
async,1,316.23275808418595,83.49999495148376
async,1,316.24957462106516,83.93331919748786
async,1,316.3338162018726,83.7999979805935
async,1,316.3684026540997,83.86665858904068
async,1,316.4138999932469,83.83331818778461
async,1,316.4476389979463,83.4833348478882
async,1,316.5147992145221,83.61665606478256
async,1,316.63320352379276,83.61665606478256
async,1,316.7341027450679,83.46665455022769
async,1,316.8520303651042,83.56665555993094
async,1,316.86887338471865,83.54999545633538
async,1,316.8858488180093,83.51665505507931
async,1,316.9361660149707,83.9166590938923
async,1,316.98648321193207,83.81665808418906
async,1,317.0710161028272,83.01667020062804
async,1,317.1048875212027,83.03333030422358
async,1,317.1722860823957,83.01667020062804
async,1,317.2564217322622,83.61665606478256
async,1,317.28994887507963,83.54999545633538
async,1,317.42448117011315,83.31665303567281
async,1,317.44121825878665,83.599995961187
async,1,317.5084314408329,83.38333383818495
async,1,317.6263060953988,82.86666868607317
async,1,317.74436612911126,82.74998737870939
async,1,317.8625056110295,82.15000151455487
async,1,317.9129552216671,81.56665555993094
async,1,317.96337834956944,81.71665707448581
async,1,317.99687900965165,81.66665656963418
async,1,318.1145153196003,82.56666565696342
async,1,318.1313053737442,82.5499853593029
async,1,318.2657052551016,82.68332677026223
async,1,318.40018458466466,81.76665757933743
async,1,318.4337382102173,81.84999848544513
async,1,318.53140653779286,81.4833348478882
async,1,318.564907197875,81.81665808418906
async,1,318.6319879662451,81.71665707448581
async,1,318.66554159179776,81.4833348478882
async,1,318.7330990494022,81.61665606478256
async,1,318.88450084678544,82.23332222659761
async,1,318.90137034913516,82.73332727511385
async,1,318.9861945501179,82.53332525570735
async,1,319.15435991890985,82.2000020194065
async,1,319.288627386591,81.6833368672947
async,1,319.3054439234702,82.0
async,1,319.3391564454343,81.96665959874393
async,1,319.42310671615405,82.53332525570735
async,1,319.4399497357685,82.23332222659761
async,1,319.4567133071772,82.18332172174598
async,1,319.4735828095269,82.5166651521118
async,1,319.55769197665813,82.48332475085573
async,1,319.59153691229847,82.58332576055898
async,1,319.64211893661223,82.46666464726017
async,1,319.6758049758411,82.66666666666667
async,1,319.74315057156366,82.61666616181505
async,1,319.91655952193366,82.45000454366462
async,1,320.10114418657616,82.69998687385777
async,1,320.1179872061906,82.6333262654106
async,1,320.18633914585234,82.73332727511385
async,1,320.322513370471,82.99998990296751
async,1,320.35609347875885,82.9166691909248
async,1,320.44059988691873,82.89998889326426
async,1,320.50876644743374,83.19999192237401
async,1,320.54814627473985,83.18333181877846
async,1,320.69928324477064,83.29999293207726
async,1,321.13749306483373,82.66666666666667
async,1,321.22157574922966,82.53332525570735
async,1,321.3390266800316,82.53332525570735
async,1,321.4237979155439,82.6333262654106
async,1,321.4405614869526,82.59998586415452
async,1,321.6592823973231,82.66666666666667
async,1,321.7767068453898,82.68332677026223
async,1,321.928320504655,82.81666818122154
async,1,322.06266742054186,82.78332777996548
async,1,322.11306406570895,82.74998737870939
async,1,322.13017191267585,82.81666818122154
async,1,322.1973056465164,82.93332929452033
async,1,322.29942307361273,81.9166590938923
async,1,322.31650443784434,81.93331919748786
async,1,322.8164984792289,41.84999848544513
sync,0,0.0,0.21666221050786477
sync,0,0.5900011170962469,0.08332074569442167
sync,0,0.7400026959708818,0.0
sync,0,5.4133329681360465,0.0
sync,0,6.035002122709231,48.26666192779084
sync,0,6.405002055932455,77.40000500813014
sync,0,6.438333853777195,80.15001369158158
sync,0,6.506666868883347,79.6833488558442
sync,0,6.523335597330151,79.6833488558442
sync,0,6.540001496252521,79.85001054130616
sync,0,6.556667395174891,79.40000581589305
sync,0,6.590002022544066,77.86669003794063
sync,0,6.656668447757981,78.26667404423472
sync,0,6.741667361786503,79.3833457055688
sync,0,6.758333260708873,79.283344655477
sync,0,6.775001989155678,79.08334255529338
sync,0,6.808333787000418,79.18334360538519
sync,0,6.825002515447223,79.783349905936
sync,0,6.858334313291962,78.75001918436946
sync,0,6.8750030417387675,78.10001235877274
sync,0,6.925000738505878,78.83333993006389
sync,0,6.941669466952683,78.68333835492618
sync,0,6.9933337536120295,77.36668478748162
sync,0,7.043334279903575,78.15001288381865
sync,0,7.076668907272749,77.83332942914586
sync,0,7.110000705117489,78.80001970941537
sync,0,7.143335332486664,77.73332837905406
sync,0,7.1766671303314045,76.89999975767113
sync,0,7.230000836407423,77.46668583757342
sync,0,7.246669564854228,77.85000973354325
sync,0,7.296667261621338,77.48334594789767
sync,0,7.3133359900681425,77.166682687298
sync,0,7.34833437780512,77.80000920849734
sync,0,7.36500027672749,78.08333205437538
sync,0,7.381669005174294,76.96668058711441
sync,0,7.398334904096664,77.38334489780587
sync,0,7.415000803019034,77.31668426243571
sync,0,7.44833543038821,76.20001260110163
sync,0,7.483333818125186,76.4166748116095
sync,0,7.550000243339102,76.34999398216621
sync,0,7.583334870708276,77.58334699798948
sync,0,7.666667194844561,78.56667719451012
sync,0,7.701668412105973,78.08333205437538
sync,0,7.83666785242604,76.79999870757932
sync,0,7.85333375134841,77.13334227257637
sync,0,7.886668378717585,78.08333205437538
sync,0,7.92000300608676,78.06669213812422
sync,0,7.986669431300674,76.96668058711441
sync,0,8.036667128067785,77.53334647294358
sync,0,8.053333026990154,77.51668636261931
sync,0,8.070001755436959,78.10001235877274
sync,0,8.121668871620741,77.30000395803833
sync,0,8.155000669465482,77.13334227257637
sync,0,8.221667094679397,78.56667719451012
sync,0,8.238335823126201,77.93333047923767
sync,0,8.25500172204857,77.70000815840554
sync,0,8.290002939309984,77.98333100428357
sync,0,8.306668838232353,77.90001025858915
sync,0,8.340000636077093,78.13333257942126
sync,0,8.390001162368637,77.88332995419177
sync,0,8.508334703766335,81.03334283801041
sync,0,8.541669331135509,80.76668010245665
sync,0,8.55833523005788,81.05000294833468
sync,0,8.626668245164032,81.96669270355828
sync,0,8.6433341440864,81.26668535291566
sync,0,8.93000175317334,78.36667509432651
sync,0,8.996668178387255,78.78333940501798
sync,0,9.013334077309624,78.48333625474258
sync,0,9.148333517629691,74.050010218201
sync,0,9.181668144998866,74.41667400384657
sync,0,9.23333526118265,74.1000107432469
sync,0,9.301668276288801,75.86666903610458
sync,0,9.31833417521117,75.58334619022655
sync,0,9.351668802580345,76.08335144068556
sync,0,9.385000600425085,75.66666693592097
sync,0,9.436667716608866,76.34999398216621
sync,0,9.470002343978042,75.75000787568851
sync,0,9.503334141822782,75.71666746096687
sync,0,9.605001784298109,72.7833369817292
sync,0,9.621667683220478,72.48335402552692
sync,0,9.638336411667284,72.96667897158855
sync,0,9.723335325695805,75.41666431069147
sync,0,9.756667123540545,75.35002386939443
sync,0,9.79000175090972,75.06666063537016
sync,0,9.825000138646697,75.18334198985934
sync,0,10.010002934782744,77.30000395803833
sync,0,10.0350017831663,77.18334279762227
sync,0,10.051667682088668,77.40000500813014
sync,0,10.136669425641626,80.11667327685994
sync,0,10.186667122408736,79.4333462306147
sync,0,10.47500132138791,74.93333936462984
sync,0,10.525001847679457,73.95000916810919
sync,0,10.541667746601826,75.01668030439738
sync,0,10.558333645524195,74.66667662907608
sync,0,10.576668963863238,74.68333673940033
sync,0,10.728334303105674,71.03333879919579
sync,0,10.896668370794917,67.45002168843453
sync,0,10.930000168639657,67.51666212973157
sync,0,10.980000694931201,66.76667444811618
sync,0,11.013335322300376,65.80000436191979
sync,0,11.148334762620443,64.31666891494014
sync,0,11.165000661542813,64.53335131952113
sync,0,11.25000240509577,65.55000173669029
sync,0,11.333334729232055,64.10000670443227
sync,0,11.350000628154424,64.43335026942933
sync,0,11.501668796921296,66.0000064621034
sync,0,11.620002338318994,64.05000617938637
sync,0,11.653334136163734,64.25000827956998
sync,0,11.73833587971669,65.23333847609062
sync,0,11.755001778639059,64.83335446979653
sync,0,11.788333576483799,65.56668204108767
sync,0,11.873335320036757,67.88334610945026
sync,0,11.923335846328301,67.50000201940732
sync,0,11.97333354309541,67.13333823376175
sync,0,11.956667644173042,67.60000306949911
sync,0,12.006668170464586,67.31666002954796
sync,0,12.151667150138076,70.93333774910398
sync,0,12.186668367399488,70.36667186327482
sync,0,12.253334792613401,69.88332672314006
sync,0,12.271667281428009,70.33333144855318
sync,0,12.42333545019488,73.41668369700166
sync,0,12.57333419954508,74.88333883958394
sync,0,12.591666688359687,74.61667610403018
sync,0,12.608335416806492,75.13334146481344
sync,0,12.741668267234322,78.93334098015569
sync,0,12.76000075604893,79.00002180959898
sync,0,12.776669484495734,80.08335305621141
sync,0,12.84333590970965,79.80001001626027
sync,0,12.860001808632019,79.4833467556606
sync,0,12.893333606476759,79.83335043098191
sync,0,13.028335876321261,83.33334679604874
sync,0,13.080002992505042,83.36666701669726
sync,0,13.146669417718957,82.38333682017662
sync,0,13.21500243282511,83.70001058169431
sync,0,13.265000129592218,83.66667016697268
sync,0,13.34833528325294,82.28333577008482
sync,0,13.365001182175309,82.71668038517367
sync,0,13.398335809544484,82.2500155494363
sync,0,13.43333419728146,82.43333734522253
sync,0,13.466668824650636,82.76668091021958
sync,0,13.483334723573005,82.66667986012777
sync,0,13.500000622495376,82.1500144993445
sync,0,13.51666935094218,82.75002079989531
sync,0,13.55000114878692,82.51667828499006
sync,0,13.668334690184617,84.44999826330971
sync,0,13.785001641690076,82.0500134492527
sync,0,13.818336269059252,82.28333577008482
sync,0,13.835002167981623,82.3500165995281
sync,0,13.970001608301688,79.283344655477
sync,0,14.121669777068561,75.20002229425673
sync,0,14.285001245556657,70.58333407378268
sync,0,14.336668361740438,70.86667711373383
sync,0,14.403334786954353,72.10000993548398
sync,0,14.420000685876722,71.2333408993794
sync,0,14.436669414323529,71.2333408993794
sync,0,14.55500012619679,73.36668317195577
sync,0,14.571668854643594,73.18334118209641
sync,0,14.605000652488334,73.35000286755839
sync,0,14.723334193886032,71.65000521007086
sync,0,14.908334160497644,74.73333726444623
sync,0,14.925002888944448,74.51667505393837
sync,0,14.941668787866819,74.23333201398722
sync,0,14.991669314158363,74.78333778949214
sync,0,15.195001769584582,77.38334489780587
sync,0,15.295002822167671,78.13333257942126
sync,0,15.683335244205502,69.48334271684598
sync,0,15.700001143127873,69.81668628184302
sync,0,15.716669871574677,69.36668155642991
sync,0,15.733335770497046,69.68334481702958
sync,0,15.801668785603198,67.08333770871585
sync,0,15.85333590178698,67.48334190908305
sync,0,15.988335342107048,70.15000965276695
sync,0,16.46833586726678,85.31668749348741
sync,0,16.51833639355833,85.88333318524346
sync,0,16.535002292480698,85.55000981431954
sync,0,16.568334090325436,84.80000193863101
sync,0,16.60333530758685,85.55000981431954
sync,0,16.62000120650922,85.75001191450315
sync,0,16.636667105431588,85.51668959367102
sync,0,16.68833422161537,85.66669116880873
sync,0,16.738334747906915,85.2666869684415
sync,0,16.77166937527609,84.85000246367692
sync,0,16.78833527419846,85.61669064376282
sync,0,16.806667763013067,85.65001086441134
sync,0,17.078336063069873,78.08333205437538
sync,0,17.095001961992242,78.46667614441832
sync,0,17.128333759836984,77.41668531252752
sync,0,17.145002488283787,77.83332942914586
sync,0,17.34666835381777,74.23333201398722
sync,0,17.498333693060207,69.23334009161647
sync,0,17.515002421507013,69.45000230212433
sync,0,17.683336489196254,72.26667162094594
sync,0,17.700002388118623,71.73334614983841
sync,0,17.751669504302406,72.38335297543512
sync,0,17.83500182843869,73.26668212186397
sync,0,17.901668253652606,72.20001098557577
sync,0,17.93500288102178,72.28335192534333
sync,0,18.27166818687583,66.4000106624706
sync,0,18.288334085798198,66.51667182288666
sync,0,18.30666940413724,67.13333823376175
sync,0,18.32333530305961,66.46667129784078
sync,0,18.34000120198198,66.68333350834864
sync,0,18.418333756441555,65.83332458256831
sync,0,18.435002484888358,66.11668781659259
sync,0,18.55166943639382,69.0166778811086
sync,0,18.56833533531619,68.5166726306496
sync,0,18.65333424934471,68.13334873467977
sync,0,18.62000245149997,68.78335556027648
sync,0,18.670000148267082,68.25000989509583
sync,0,18.755001891820037,70.15000965276695
sync,0,18.78833368966478,69.93332724818596
sync,0,18.941668448323885,71.41666269516561
sync,0,19.0083348735378,70.58333407378268
sync,0,19.04166667138254,70.80001647836366
sync,0,19.060001989721584,71.2833414244253
sync,0,19.076667888643954,70.63333459882858
sync,0,19.093333787566323,70.65001490322597
sync,0,19.11000251601313,69.93332724818596
sync,0,19.160003042304673,70.78333617396629
sync,0,19.26167068478,69.81668628184302
sync,0,19.565001363264873,64.36666943998604
sync,0,19.615004719080854,65.43334057627422
sync,0,19.733335430954114,66.26666919765717
sync,0,19.750001329876483,66.3000096123788
sync,0,19.766667228798855,65.61668256613358
sync,0,19.818334344982635,65.98332615770602
sync,0,20.356668345895102,80.06667275181404
sync,0,20.551667851860135,85.98333423533526
sync,0,20.568333750782504,85.66669116880873
sync,0,20.618337106598485,85.18334602867397
sync,0,20.651668904443223,85.63333056001396
sync,0,20.788334934655527,87.60001114712836
sync,0,21.175000766801123,94.71668523175123
sync,0,21.578332497869084,83.96667331724808
sync,0,21.629999614052867,82.70002027484941
sync,0,22.220000731149113,63.283338193373595
sync,0,22.236666630071483,63.36665893906802
sync,0,22.388334798838354,65.96668624145488
sync,0,22.405000697760727,65.88334530168734
sync,0,22.438332495605465,66.03332668275192
sync,0,22.488335851421446,65.75000383687389
sync,0,22.598336443357958,66.70001381274601
sync,0,22.615002342280327,66.70001381274601
sync,0,22.83500352615335,71.41666269516561
sync,0,22.85166942507572,71.2333408993794
sync,0,22.868335323998092,71.05001910359317
sync,0,22.88500122292046,71.46666322021152
sync,0,22.98500227550355,72.16667057085414
sync,0,23.00333759384259,71.85000731025447
sync,0,23.020003492764964,72.58335507561873
sync,0,23.119998886299182,74.55001546866
sync,0,23.255001156143685,76.63335721619048
sync,0,23.288332953988423,75.98335039059376
sync,0,23.321670410882035,76.13335196573146
sync,0,23.388334006571515,74.63333621435443
sync,0,23.404999905493884,73.86668842241477
sync,0,23.456667021677667,75.05002071911902
sync,0,23.506670377493645,75.81666851105868
sync,0,23.540002175338387,75.23334251490525
sync,0,23.589999872105494,74.61667610403018
sync,0,23.573333973183125,75.4000042003672
sync,0,23.60833519044454,75.25002281930263
sync,0,23.625001089366908,75.86666903610458
sync,0,23.67500444518289,74.80001809388952
sync,0,23.71000000339543,75.21666221050786
sync,0,23.74333746028904,75.15002176921082
sync,0,23.84333285382326,74.1500112682928
sync,0,23.8616681721623,74.31667295375476
sync,0,23.99500102259013,75.46666483573738
sync,0,24.0116669215125,76.11667166133408
sync,0,24.046668138773914,75.4000042003672
sync,0,24.063334037696283,74.88333883958394
sync,0,24.079999936618652,75.61666641087507
sync,0,24.09666583554102,75.61666641087507
sync,0,24.113337393512264,76.00001050091802
sync,0,24.146669191357002,75.21666221050786
sync,0,24.16333509027937,75.41666431069147
sync,0,24.180000989201744,75.4000042003672
sync,0,24.196666888124113,75.48334514013474
sync,0,24.213332787046483,75.58334619022655
sync,0,24.230004345017722,75.25002281930263
sync,0,24.24667024394009,75.26666273555377
sync,0,24.263336142862464,75.86666903610458
sync,0,24.331669157968616,75.65000682559672
sync,0,24.348335056890985,74.96667977935148
sync,0,24.415004311629335,75.56666588582917
sync,0,24.583332720269706,73.23334170714232
sync,0,24.616670177163314,73.83332781362002
sync,0,24.633336076085687,72.81667739645086
sync,0,24.766668926513514,69.65000440230794
sync,0,24.783334825435887,69.78334586712138
sync,0,24.800000724358256,69.50000282717023
sync,0,24.833332522202994,69.18333956657057
sync,0,24.866669979096606,69.46668260652172
sync,0,24.884999638386777,69.56668365661352
sync,0,25.035004046785847,64.76667364035325
sync,0,25.06999960499839,65.28333900113653
sync,0,25.120002960814368,65.26667889081226
sync,0,25.17000065758148,66.4000106624706
sync,0,25.186666556503848,66.36667024774897
sync,0,25.203338114475088,66.4000106624706
sync,0,25.23666991231983,64.98333585086111
sync,0,25.288337028503612,66.11668781659259
sync,0,25.438335777853812,69.2666805063381
sync,0,26.111666389561908,82.86668196031138
sync,0,26.1966709626393,83.16666491651367
sync,0,26.213336861561668,82.83334154558973
sync,0,26.24666865940641,83.78335152146185
sync,0,26.28000045725115,84.3499972132179
sync,0,26.313337914144757,83.68335047137005
sync,0,26.33000381306713,83.41666754174317
sync,0,26.3466697119895,83.96667331724808
sync,0,26.380001509834237,85.41668854357921
sync,0,26.43166862601802,84.5666796177989
sync,0,26.44833452494039,84.18335572182906
sync,0,26.48166632278513,85.05000456386053
sync,0,26.49833788075637,84.58335992219628
sync,0,26.51500377967874,84.59999983844742
sync,0,26.53166967860111,84.48335887210447
sync,0,26.60000269370726,85.85001296459494
sync,0,26.633334491552002,85.16668591834971
sync,0,26.751670862474136,85.96667412501101
sync,0,26.836669776502657,84.80000193863101
sync,0,26.97166638729829,80.73333968773501
sync,0,27.021669743114266,80.88334126287272
sync,0,27.138336694619728,79.30000476580126
sync,0,27.30667076230897,74.51667505393837
sync,0,27.34000256015371,74.23333201398722
sync,0,27.39166967633749,73.03333960695872
sync,0,27.45833327202697,71.6333450997466
sync,0,27.49167072892058,71.85000731025447
sync,0,27.558334324610062,70.36667186327482
sync,0,27.67667069553219,68.11666843028239
sync,0,27.69333659445456,68.31667053046598
sync,0,27.710002493376933,67.61666317982338
sync,0,27.776666089066413,65.46668099099587
sync,0,27.810003545960022,66.01668676650078
sync,0,27.961666055678023,68.40001147023354
sync,0,27.995003512571632,68.25000989509583
sync,0,28.130000123367264,66.3000096123788
sync,0,28.046670628755415,68.30001042014173
sync,0,28.146666022289637,66.33332983302732
sync,0,28.163337580260876,66.68333350834864
sync,0,28.196669378105614,65.78334425159554
sync,0,28.399999004007398,66.90001591292962
sync,0,28.43333646090101,66.66667339802437
sync,0,28.45000235982338,67.10001801311323
sync,0,28.46666825874575,66.96667654829977
sync,0,28.483334157668118,67.01667707334568
sync,0,28.61833642751262,64.21666786484833
sync,0,28.66833412427973,63.316658414022115
sync,0,28.71833748009571,63.35001902281688
sync,0,28.75166927794045,64.18334764419981
sync,0,28.800003214339757,63.36665893906802
sync,0,28.866666810029237,62.86667388268213
sync,0,28.88333270895161,63.100016397587375
sync,0,28.93499982513539,63.816663664481126
sync,0,28.98500318095137,64.64999228586407
sync,0,29.440002028203114,80.46667695218125
sync,0,29.456667927125483,79.4833467556606
sync,0,29.506671282941465,79.00002180959898
sync,0,29.523337181863834,79.3333451805229
sync,0,29.590000777553314,80.01667222676814
sync,0,29.60833609589236,79.96667170172223
sync,0,29.625001994814728,79.30000476580126
sync,0,29.674999691581835,80.06667275181404
sync,0,29.741668946320186,80.53335778162453
sync,0,29.75833484524256,80.31667537704354
sync,0,29.82666786034871,79.55000739103076
sync,0,29.808338201058536,80.71667957741074
sync,0,29.84333375927108,80.10001316653567
sync,0,29.85999965819345,80.33335568144092
sync,0,29.876671216164688,79.85001054130616
sync,0,29.91000301400943,79.95001159139797
sync,0,30.24667114938791,67.88334610945026
sync,0,30.26333704831028,67.85000569472862
sync,0,30.448337014921893,61.60000064621034
sync,0,30.48166881276663,62.833333467960486
sync,0,30.751667693406766,69.48334271684598
sync,0,30.768333592329135,69.08333851647876
sync,0,30.784999491251508,69.78334586712138
sync,0,30.818336948145117,69.58334376693777
sync,0,30.835002847067486,70.76667606364202
sync,0,30.900002682389164,70.68333512387449
sync,0,30.916668581311534,69.61668418165942
sync,0,30.983337836049884,69.98332777323186
sync,0,31.085002649000778,70.76667606364202
sync,0,31.218335499428605,73.98332938875772
sync,0,31.336666211301868,72.15001046052987
sync,0,31.353337769273107,72.61667529626725
sync,0,31.38666956711785,73.96668947250657
sync,0,31.453333162807326,73.83332781362002
sync,0,31.520002417545676,74.43333411417083
sync,0,31.486670619700938,73.63334590750954
sync,0,31.53666831646805,74.03332991380361
sync,0,31.65500468739018,72.20001098557577
sync,0,31.70500238415729,72.13335035020562
sync,0,31.79000129818581,73.71668684727707
sync,0,31.80666719710818,72.66667582131315
sync,0,31.85667055292416,72.76667687140495
sync,0,31.99000340335199,76.79999870757932
sync,0,32.04167051953577,76.73333807220916
sync,0,32.19333302925377,79.283344655477
sync,0,32.226670486147384,78.21667351918882
sync,0,32.27666818291449,78.65001813427766
sync,0,32.31166940017591,78.40001550904816
sync,0,32.34500119802065,79.65000844112257
sync,0,32.411670452759,79.4333462306147
sync,0,32.461668149526105,80.08335305621141
sync,0,32.59667041937061,81.900011874115
sync,0,32.61333631829298,81.6000087238396
sync,0,32.64666811613772,82.13333419494712
sync,0,32.66333401506009,82.1000139742986
sync,0,32.6966714719537,81.83333104467171
sync,0,32.71333737087607,82.0000129242068
sync,0,32.796666865487914,80.34999559769206
sync,0,32.83000432238153,81.00000242328878
sync,0,32.89833733748768,81.91667198443926
sync,0,32.951668214039266,81.68332946953402
sync,0,33.01833746877761,80.61667852731894
sync,0,33.035003367699986,80.96668220264026
sync,0,33.15333407957324,82.50001817466581
sync,0,33.16999997849562,82.33333629513072
sync,0,33.20333743538922,81.900011874115
sync,0,33.22000333431159,82.03333314485532
sync,0,33.354999945107224,85.53334970399527
sync,0,33.405003300923205,86.68334158597789
sync,0,33.5066681138741,87.68335208689591
sync,0,33.52333401279647,87.73335261194181
sync,0,33.82667035033021,93.75001514555484
sync,0,33.87666804709732,90.70002350590111
sync,0,33.928335163281105,91.200008562287
sync,0,34.230002081398176,94.75002564647286
sync,0,34.246667980320545,94.73334534207548
sync,0,34.27999977816528,94.36668155642991
sync,0,34.313337235058896,94.88334691721319
sync,0,34.39833614908741,94.50002302124335
sync,0,34.4649997447769,94.85002669656467
sync,0,34.48167130274813,94.56668365661352
sync,0,34.49833720167051,94.56668365661352
sync,0,34.583336115699026,93.31669072453911
sync,0,34.600002014621396,93.38333116583615
sync,0,34.64999971138851,93.30001042014173
sync,0,34.76833608231064,89.65001247993719
sync,0,34.834999678000116,88.13335681230902
sync,0,34.85167123597136,89.11668700882966
sync,0,34.8850030338161,90.0500166803044
sync,0,34.92000425107751,89.06668648378376
sync,0,34.936670149999884,89.06668648378376
sync,0,35.05333710150534,86.30001769000805
sync,0,35.27166886596169,80.90000137319697
sync,0,35.28833476488406,81.01668272768616
sync,0,35.52333242826278,77.23334332266818
sync,0,35.608337001340175,77.81668951289473
sync,0,35.67667001644633,77.90001025858915
sync,0,35.79333696795179,81.51668797814517
sync,0,35.9783369345634,85.90001348964084
sync,0,36.08000174751429,88.66668228341655
sync,0,36.21333459794212,92.366680748667
sync,0,36.2650017141259,92.40000096931551
sync,0,36.38166866563136,94.41668208147581
sync,0,36.58333453116534,97.91667844654265
sync,0,36.63333788698132,97.33335245038921
sync,0,36.70000148267081,97.23335140029742
sync,0,36.733333280515545,96.8833477249761
sync,0,36.818337853592936,96.91668813969775
sync,0,36.868335550360044,96.83334719993022
sync,0,36.95167070402076,89.81667416539915
sync,0,37.92666823384593,0.05000052504590113
sync,0,38.026669286429026,0.0
sync,0,41.84167180979892,0.0
sync,0,42.06000357425527,17.133338233761744
sync,0,42.49666710316797,51.31667376151769
sync,0,42.95000219005191,80.16667380190583
sync,0,42.98500340731332,79.41666592621732
sync,0,43.01833520515807,79.56666750135503
sync,0,43.25333286853679,70.66667501355022
sync,0,43.505002089886744,52.84998953947012
sync,0,43.59000100391527,47.383332781362
sync,0,44.026670191876846,12.716652113471305
sync,0,44.22833605741082,0.0
sync,0,100.1966689253817,0.0
sync,0,100.23000072322644,1.8333189282278408
sync,0,100.63166869392661,33.716670692018575
sync,0,101.13667089699433,73.58334538246363
sync,0,101.22166981102285,79.75000949121437
sync,0,101.28833340671234,78.81667981973962
sync,0,101.32167652265481,78.9833415052016
sync,0,101.35500832049955,78.21667351918882
sync,0,101.42333567655683,76.10001155100983
sync,0,101.45666747440157,76.63335721619048
sync,0,101.47333903237282,77.00000080776293
sync,0,101.5250061485566,76.43335511600688
sync,0,101.5416663884301,76.7166779618849
sync,0,102.56500351370345,0.05000052504590113
sync,0,102.66499890723766,0.0
sync,0,132.38167183469872,0.0
sync,0,133.51167071307523,73.16668107177216
sync,0,133.52834227104648,73.04999971728297
sync,0,133.7283330581149,76.73333807220916
sync,0,133.7633399344252,76.8166790119767
sync,0,133.79667173226994,77.70000815840554
sync,0,133.84667508808593,76.91668006206851
sync,0,133.98000227946488,75.73334776536426
sync,0,133.99667383743613,76.06667113628818
sync,0,134.04666587515436,75.53334566518065
sync,0,134.13167610728064,74.60001599370591
sync,0,134.14833634715413,74.73333726444623
sync,0,134.19833970297012,75.21666221050786
sync,0,134.2149999428436,74.96667977935148
sync,0,134.41667712647532,70.86667711373383
sync,0,134.73667370388256,64.20000775452408
sync,0,134.78667705969855,63.30001849777098
sync,0,134.80333729957206,62.51667020736082
sync,0,134.85334065538802,63.316658414022115
sync,0,134.88667245323276,63.1833371432818
sync,0,134.903344011204,63.250017972725075
sync,0,134.98834292523253,63.933345018970314
sync,0,135.00500316510605,63.83334396887851
sync,0,135.055006520922,64.03334606906212
sync,0,135.07334183926105,63.45002007290868
sync,0,135.1233338769793,64.18334764419981
sync,0,135.15667699292177,63.88334449392441
sync,0,135.2416759069503,63.1833371432818
sync,0,135.29166794466855,63.35001902281688
sync,0,135.35834285845576,62.46666968231492
sync,0,135.37500309832924,62.683331892822785
sync,0,135.4600020123578,63.966665239618834
sync,0,135.59500428220227,67.36666055459386
sync,0,135.61167584017352,67.08333770871585
sync,0,135.628336080047,67.73334453431255
sync,0,135.79833390810407,70.21667028813711
sync,0,135.83167702404654,71.03333879919579
sync,0,135.9650042154255,72.54999446682396
sync,0,136.46834265812544,80.59999822292157
sync,0,136.03334288958052,72.53335455057282
sync,0,136.51833469584366,79.23334413043109
sync,0,136.5350062538149,79.06666225089602
sync,0,136.5516664936884,79.5833478057524
sync,0,136.57000181202744,79.5833478057524
sync,0,136.72000056137765,82.60001922475762
sync,0,136.7366721193489,82.63333944540614
sync,0,137.12500737091116,91.2500090873329
sync,0,137.22500276444538,92.8166854740801
sync,0,137.29166636013485,92.18335895288077
sync,0,137.42666862997936,88.71668280846245
sync,0,137.4450039483184,88.56668123332474
sync,0,137.5800062181629,85.76669221890052
sync,0,138.31834232424154,57.416677234898266
sync,0,138.35167412208628,57.91668248535728
sync,0,138.80500920897023,69.75000545239975
sync,0,138.82166944884372,69.60000387726204
sync,0,139.0233353143777,76.56667638674719
sync,0,139.39000772686532,84.8666827680743
sync,0,139.54167023658334,83.48334837118645
sync,0,139.42500328507788,85.08334497858216
sync,0,139.55834179455456,83.70001058169431
sync,0,139.6600009484566,82.1500144993445
sync,0,139.67667250642782,82.21667513471466
sync,0,139.69334406439907,82.21667513471466
sync,0,139.71000430427256,83.41666754174317
sync,0,139.7783429784276,82.91668248535727
sync,0,139.7950032183011,82.76668091021958
sync,0,139.82833501614584,83.10002447521663
sync,0,139.84500657411706,83.60000953160251
sync,0,139.8783383719618,82.23333524503892
sync,0,139.89500992993305,82.23333524503892
sync,0,140.28167010302977,77.05000133280883
sync,0,140.3150019008745,77.50000605822194
sync,0,140.34833369871924,78.63333782988028
sync,0,140.38167681466174,77.88332995419177
sync,0,140.5166677664085,75.20002229425673
sync,0,140.54999956425323,74.2500123183846
sync,0,140.8516721414192,67.08333770871585
sync,0,140.8683436993904,67.25001958825092
sync,0,140.88666769963172,67.61666317982338
sync,0,140.90333925760297,66.95001643797552
sync,0,141.0883335651657,63.583341343649
sync,0,141.10500512313695,64.05000617938637
sync,0,141.1383369209817,63.36665893906802
sync,0,141.18834027679767,63.90000460424867
sync,0,141.24000739298145,64.78335394475063
sync,0,141.2883356703319,64.46667049007785
sync,0,141.3550105841191,63.316658414022115
sync,0,141.3716708239926,62.95001482244967
sync,0,141.42167417980858,63.35001902281688
sync,0,141.4383344196821,63.100016397587375
sync,0,141.48833777549805,63.933345018970314
sync,0,141.53834113131404,63.78334344383261
sync,0,141.69000364103204,67.78334505935845
sync,0,141.87500926669253,73.15000076737478
sync,0,142.01000021843927,77.05000133280883
sync,0,142.16167404625503,81.56668850319107
sync,0,142.19500584409977,80.81668062750255
sync,0,142.26166943978924,81.05000294833468
sync,0,142.2783409977605,81.11668377777795
sync,0,142.29500123763398,81.66668955328286
sync,0,142.32834435357645,81.20000452347237
sync,0,142.4300035074785,79.7333493808901
sync,0,142.44667506544974,79.90001106635206
sync,0,142.53001021911044,79.10002285969077
sync,0,142.54667045898395,79.25002443482848
sync,0,142.56334201695518,78.91668086983142
sync,0,143.05000890168387,64.83335446979653
sync,0,143.06666914155738,64.99999596118538
sync,0,143.31833836290733,57.8000011308681
sync,0,143.39000455779797,58.66667016697267
sync,0,143.4066761157692,58.583329227205134
sync,0,143.4233363556427,58.88333237748054
sync,0,143.4733397114587,59.566659423725774
sync,0,143.50833526967122,59.01667384229398
sync,0,143.57501018345843,58.1000042811435
sync,0,143.60834198130317,58.33332660197563
sync,0,143.65833401902142,58.80001163178612
sync,0,143.67500557699267,58.46666806678907
sync,0,143.6916771349639,58.01668353544908
sync,0,143.72500893280863,58.36666701669727
sync,0,144.01167371237113,65.9000054120116
sync,0,144.06167706818712,64.86667469044505
sync,0,144.09500886603186,65.21667836576636
sync,0,144.14500090375012,65.06667679062866
sync,0,144.45000100165166,76.49999555730392
sync,0,144.56834303162265,81.18334441314812
sync,0,144.78666913703015,88.44999987883556
sync,0,144.80334069500137,88.13335681230902
sync,0,144.8366724928461,88.81668385855426
sync,0,144.92167140687462,90.61668256613358
sync,0,144.93834296484587,90.36667994090406
sync,0,145.24000422391407,85.03334445353626
sync,0,145.4883346064307,78.38333520465078
sync,0,145.50500616440195,78.40001550904816
sync,0,145.94166969331465,69.66668470670533
sync,0,145.95834125128587,70.10000912772105
sync,0,146.07667196315913,73.25000181746658
sync,0,146.22667071250933,75.50000525045901
sync,0,146.3450014243826,78.05001183372684
sync,0,146.36167298235384,78.56667719451012
sync,0,146.41167633816983,77.88332995419177
sync,0,146.42833657804331,78.41667561937241
sync,0,146.44500813601456,78.16667299414291
sync,0,146.4783399338593,78.70001865932356
sync,0,146.51167173170404,78.81667981973962
sync,0,146.53000705004308,78.88334045510979
sync,0,146.54666728991657,79.55000739103076
sync,0,146.59667064573256,78.91668086983142
sync,0,146.6133422037038,78.85002023446127
sync,0,146.64667400154855,80.01667222676814
sync,0,146.69834111773233,79.15002338473667
sync,0,146.71500135760581,79.20002390978257
sync,0,146.7650047134218,77.61668741271112
sync,0,146.8150080692378,78.58333730483439
sync,0,146.85000362745032,77.65000763335964
sync,0,146.9500103390823,76.8166790119767
sync,0,147.13500464664503,73.9000086430633
sync,0,147.2016682423345,74.93333936462984
sync,0,147.23500004017924,74.71667715412197
sync,0,147.2516715981505,74.68333673940033
sync,0,147.30333871433427,74.98333988967573
sync,0,147.386673867995,73.55000496774198
sync,0,147.4033341078685,74.01668999755248
sync,0,147.45333746368448,73.18334118209641
sync,0,147.4700090216557,73.65000601783379
sync,0,147.57166817555773,71.41666269516561
sync,0,147.58833973352898,71.433342999563
sync,0,147.62167153137372,71.95000836034627
sync,0,147.67167488718968,71.5333440496548
sync,0,147.7566738012182,73.15000076737478
sync,0,147.8066771570342,72.99999919223707
sync,0,147.85666919475244,72.03334930011381
sync,0,147.89000099259718,72.74999656700757
sync,0,147.9066725505684,72.79999709205347
sync,0,147.92334410853965,72.49999394177806
sync,0,147.94000434841314,72.88333803182101
sync,0,148.0416748204129,74.18333148894132
sync,0,148.27667248379163,77.36668478748162
sync,0,148.31000428163637,77.33334437275997
sync,0,148.32667583960762,76.7166779618849
sync,0,148.3433360794811,77.48334594789767
sync,0,148.37666787732584,77.21668321234391
sync,0,148.5283417051416,81.00000242328878
sync,0,148.59666906119887,80.49999717282977
sync,0,148.6300008590436,80.61667852731894
sync,0,148.64667241701486,81.50000767374779
sync,0,148.71501109116988,81.00000242328878
sync,0,148.7650031288881,79.20002390978257
sync,0,148.8150064847041,79.4833467556606
sync,0,148.88167008039358,81.28334546323993
sync,0,148.93333719657736,81.26668535291566
sync,0,148.9666689944221,80.46667695218125
sync,0,149.00000079226683,81.61668902823696
sync,0,149.1000075038988,79.45000634093896
sync,0,149.16833485995608,80.20001421662748
sync,0,149.18500641792733,80.23335463134912
sync,0,149.2866768899271,81.56668850319107
sync,0,149.3866722834613,83.83335204650776
sync,0,149.40334384143256,83.16666491651367
sync,0,149.94166652424727,72.13335035020562
sync,0,150.04333699624704,70.11668943211843
sync,0,150.06000855421829,70.18332987341547
sync,0,150.1100005919365,69.53334324189188
sync,0,150.12667214990776,70.73333564892039
sync,0,150.17667550572372,69.58334376693777
sync,0,150.24500286178102,67.53334243412895
sync,0,150.41167316910244,62.95001482244967
sync,0,150.44500496694718,63.5333408186031
sync,0,150.46334028528622,64.45001037975358
sync,0,150.53000388097573,63.73334291878671
sync,0,150.6650061508202,66.33332983302732
sync,0,150.56333567882047,63.68334239374081
sync,0,150.7316697465097,66.0500069871493
sync,0,150.74834130448093,65.86668519136308
sync,0,150.76500154435445,66.26666919765717
sync,0,151.05167764201468,71.06667921391744
sync,0,151.08500943985942,70.8333366990122
sync,0,151.1016696797329,70.96667816382563
sync,0,151.1683332754224,72.73335665075643
sync,0,151.18500483339363,71.5333440496548
sync,0,151.20167639136488,71.50000363493317
sync,0,151.2200003916062,72.13335035020562
sync,0,151.27000374742215,71.98334877506791
sync,0,151.37001045905413,71.11667973896333
sync,0,151.38667069892762,71.73334614983841
sync,0,151.4383378151114,70.75001595331777
sync,0,151.45500937308265,71.36666217011972
sync,0,151.47166961295613,70.71667553859612
sync,0,151.50500141080087,72.10000993548398
sync,0,151.62166836230634,74.1000107432469
sync,0,151.65667523861663,73.70000654287969
sync,0,151.6983371563981,73.56668527213937
sync,0,151.71500871436936,73.71668684727707
sync,0,151.73166895424285,73.78332728857411
sync,0,151.9000030219321,71.73334614983841
sync,0,151.91667457990334,72.21667109590004
sync,0,151.95000637774808,71.16666006993611
sync,0,151.96666661762157,71.26666112002792
sync,0,152.28667451312657,65.16667784072045
sync,0,152.4716688206893,70.08332882332367
sync,0,152.48834037866055,69.96668785698073
sync,0,152.67333468622328,65.45000068659849
sync,0,152.69000624419454,65.85000488696569
sync,0,152.80667319569997,67.56666265477747
sync,0,152.92500390757326,65.50000121164439
sync,0,153.0783414957568,66.81667497316208
sync,0,153.11167329360154,67.51666212973157
sync,0,153.14500509144628,67.26665950450207
sync,0,153.1616766494175,66.65001328770012
sync,0,153.21166868713576,67.15001853815913
sync,0,153.26333580331953,67.95000674482043
sync,0,153.29666760116427,67.20001906320502
sync,0,153.60000393869802,60.53334970399528
sync,0,153.63333573654276,60.91667359996511
sync,0,153.65000729451398,60.94999382061363
sync,0,153.75000268804823,59.13333500271005
sync,0,153.80500864306535,59.60002003252053
sync,0,153.82166888293884,59.63334025316905
sync,0,153.95667115278334,63.816663664481126
sync,0,153.9733427107546,63.666662089343426
sync,0,153.99000295062808,63.5333408186031
sync,0,154.00667450859933,63.88334449392441
sync,0,154.1416767784438,66.0500069871493
sync,0,154.29333928816183,70.35001175295055
sync,0,154.39333468169605,71.00001857854727
sync,0,154.42666647954078,71.76666637048693
sync,0,154.47833359572456,71.46666322021152
sync,0,154.5616687493853,72.89999814214528
sync,0,154.5783403073565,72.71667634635905
sync,0,154.59500054723003,73.03333960695872
sync,0,154.63000742354032,73.63334590750954
sync,0,154.6466676634138,72.96667897158855
sync,0,154.66333922138506,72.68335612571053
sync,0,154.68001077935628,72.99999919223707
sync,0,154.7800061728905,75.88334934050197
sync,0,154.79667773086175,75.83334881545606
sync,0,154.89833688476378,74.01668999755248
sync,0,154.96500048045326,74.56667557898427
sync,0,154.99834359639573,75.41666431069147
sync,0,155.06667095245302,75.18334198985934
sync,0,155.2166697018032,77.28334384771406
sync,0,155.25000149964794,76.61667691179309
sync,0,155.28500837595823,75.56666588582917
sync,0,155.31834017380297,75.98335039059376
sync,0,155.36834352961895,76.84999923262522
sync,0,155.4016753274637,76.11667166133408
sync,0,155.45166736518192,75.43334461508886
sync,0,155.5533378371817,77.30000395803833
sync,0,155.57000939515294,77.35000448308423
sync,0,155.67000478868715,78.70001865932356
sync,0,155.6366729908424,76.95000028271703
sync,0,155.6866763466584,78.65001813427766
sync,0,155.7883355005604,76.61667691179309
sync,0,155.90500245206587,78.73333887997208
sync,0,156.0233444820369,76.84999923262522
sync,0,156.19166723162837,72.93333855686691
sync,0,156.20833878959962,73.11668054672626
sync,0,156.22501034757087,72.33335245038921
sync,0,156.29167394326035,72.93333855686691
sync,0,156.3250057411051,73.26668212186397
sync,0,156.3416772990763,72.61667529626725
sync,0,156.35833753894983,72.59999499186986
sync,0,156.44333645297834,74.30001284343051
sync,0,156.4600080109496,73.73334695760133
sync,0,156.47666825082308,73.83332781362002
sync,0,156.6116705206676,71.21666059498202
sync,0,156.71334099266736,71.68334562479251
sync,0,156.73000123254084,71.8833477249761
sync,0,156.7466727905121,71.15002015368498
sync,0,156.81333638620157,71.93334825002201
sync,0,156.78000458835683,70.90001752845546
sync,0,156.8466681840463,71.2833414244253
sync,0,156.9833342142586,72.11667004580823
sync,0,157.10167624422962,70.60001437818006
sync,0,157.1183364841031,70.33333144855318
sync,0,157.15166828194785,70.98333827414989
sync,0,157.23666719597637,72.53335455057282
sync,0,157.25333875394762,72.28335192534333
sync,0,157.3050058701314,72.46667372112954
sync,0,157.33833766797613,71.71666584544103
sync,0,157.42167282163686,72.74999656700757
sync,0,157.47167617745282,70.76667606364202
sync,0,157.50500797529756,71.56666427030332
sync,0,157.57333533135485,72.25001151062168
sync,0,157.5900068893261,72.20001098557577
sync,0,157.7416693990441,70.55001385313416
sync,0,157.77500119688884,71.06667921391744
sync,0,157.91000346673334,72.21667109590004
sync,0,157.92667502470456,71.96666847067053
sync,0,157.97000070285387,72.03334930011381
sync,0,158.2566768005141,78.50001655913997
sync,0,158.29000859835887,77.98333100428357
sync,0,158.30666883823235,78.00001130868095
sync,0,158.3233403962036,77.60000710831373
sync,0,158.3400006360771,78.21667351918882
sync,0,158.35667219404834,79.25002443482848
sync,0,158.42333578973782,78.9833415052016
sync,0,158.44000734770904,78.9833415052016
sync,0,158.49167446389282,81.20000452347237
sync,0,158.5250062617376,80.85000084815107
sync,0,158.5416778197088,80.64999874796747
sync,0,158.55833805958233,81.08334336305631
sync,0,158.87833463698956,86.51667990051592
sync,0,158.94500955077677,85.96667412501101
sync,0,159.1300038583395,80.91668167759435
sync,0,159.14667541631076,81.23334493819402
sync,0,159.1800072141555,80.36667590208944
sync,0,159.196667454029,80.48335725657863
sync,0,159.265006128184,79.23334413043109
sync,0,159.29833792602875,79.53334728070651
sync,0,159.3316697238735,79.51666697630912
sync,0,159.36500152171823,79.36666540117142
sync,0,159.40000839802852,79.60000791607666
sync,0,159.41834371636756,79.96667170172223
sync,0,159.4516755142123,79.30000476580126
sync,0,159.53501066787302,78.40001550904816
sync,0,159.63666982177506,79.25002443482848
sync,0,159.70334473556227,77.73332837905406
sync,0,159.72166873580358,77.81668951289473
sync,0,159.82167544743552,79.4333462306147
sync,0,159.83833568730904,78.90002075950717
sync,0,159.85667100564808,78.70001865932356
sync,0,159.8733425636193,79.15002338473667
sync,0,159.99000951512477,81.55000819879369
sync,0,160.2100106989978,86.9666644318559
sync,0,160.22667093887128,87.00002504065067
sync,0,160.38000852705483,89.66669278433457
sync,0,160.39666876692834,88.95000512929457
sync,0,160.46334368071555,89.51669120919686
sync,0,160.48000392058907,89.56669173424277
sync,0,160.64833798827829,93.05000779491222
sync,0,160.66667330661735,92.70000411959091
sync,0,160.76666870015157,94.8166660877699
sync,0,160.88667449049038,94.88334691721319
sync,0,160.90333473036387,94.96666766290761
sync,0,160.95333808617985,94.41668208147581
sync,0,160.9866698840246,94.71668523175123
sync,0,161.0700050376853,94.68334481702958
sync,0,161.18833574955858,95.75001595331777
sync,0,161.2050073075298,95.75001595331777
sync,0,161.37334137521904,93.03334768458797
sync,0,161.39000161509256,93.03334768458797
sync,0,161.4916720870923,93.88333641629517
sync,0,161.5433392032761,94.06667840615451
sync,0,161.69501303109183,90.86666499728996
sync,0,161.77833686665483,90.76668414127127
sync,0,161.86333578068334,89.65001247993719
sync,0,161.87999602055683,89.86667469044505
sync,0,161.93167445483834,90.35001983057981
sync,0,162.0166733688669,88.24999777865196
sync,0,162.03333360874038,88.26667808304934
sync,0,162.1016722828954,88.28335838744671
sync,0,162.22666935433762,86.90002399055886
sync,0,162.3783318640556,89.88333480076932
sync,0,162.4449954597451,89.21668805892146
sync,0,162.46167833581407,89.76669383442638
sync,0,162.4966738940266,89.76669383442638
sync,0,162.5466772498426,85.91667359996511
sync,0,163.0016647789966,48.316662452836745
sync,0,163.4233318284036,9.483338678031352
sync,0,163.59167721419058,0.0
sync,0,207.9750089611039,0.0
sync,0,208.69834858767683,49.033350107876736
sync,0,209.00167360711285,66.13332773284372
sync,0,209.1016803187448,64.76667364035325
sync,0,209.69001767547323,25.216662210507863
sync,0,210.17834832056974,0.0
sync,0,255.13833714734363,0.0
sync,0,255.84334145557753,57.66667986012777
sync,0,255.9300154480716,61.41667885042411
sync,0,256.18168466942154,75.36666378564557
sync,0,256.1983449092951,75.33334356499705
sync,0,256.2333404675076,75.65000682559672
sync,0,256.2666835834501,75.25002281930263
sync,0,256.3000040631971,75.00002019407312
sync,0,256.3333471791396,75.18334198985934
sync,0,256.41667101470256,76.21667271142589
sync,0,256.450014130645,75.91666956115048
sync,0,256.4850096888576,75.90000945082622
sync,0,256.5016699287311,75.53334566518065
sync,0,256.5350130446736,76.20001260110163
sync,0,256.55167328454706,76.58335669114457
sync,0,256.5850164004895,76.08335144068556
sync,0,256.60167664036305,76.54999608234982
sync,0,256.7866822660235,73.15000076737478
sync,0,256.95500501561503,77.80000920849734
sync,0,257.106667525333,81.98333261980942
sync,0,257.123350401402,81.68332946953402
sync,0,257.1400106412755,82.0000129242068
sync,0,257.156670881149,81.81669112842057
sync,0,257.47833121892404,68.41667158055779
sync,0,257.67834464218794,63.550021123000484
sync,0,257.7133402004005,63.05001587254147
sync,0,257.8316822303715,54.48332656158748
sync,0,258.0150127775664,45.333331448553174
sync,0,258.0816763732559,44.16665926217319
sync,0,258.1150194891984,43.066667905236486
sync,0,258.1483399689454,43.70001462050894
sync,0,258.3333455946059,46.70000573511677
sync,0,258.53501146013986,49.433334114170826
sync,0,258.55167170001334,49.366673478800664
sync,0,258.58501481595584,48.68334643255543
sync,0,258.63501817177183,49.11667085357116
sync,0,258.68499889139235,49.21667190366296
sync,0,258.8200011612368,54.150003190663554
sync,0,258.93666811274227,61.333337910656574
sync,0,258.98667146855826,60.23334655371987
sync,0,259.00333170843174,60.15000561395233
sync,0,259.03667482437424,60.5666699246438
sync,0,259.0716703825868,60.350007714135934
sync,0,259.1050134985293,59.86666257400118
sync,0,259.17167709421875,59.88334287839856
sync,0,259.22333289230477,60.45000876422773
sync,0,259.25667600824727,60.10000508890643
sync,0,259.27333624812076,60.15000561395233
sync,0,259.32333960393674,60.7166714997815
sync,0,259.33999984381023,60.10000508890643
sync,0,259.3583351621493,60.133345503628064
sync,0,259.40833851796526,59.01667384229398
sync,0,259.44168163390776,59.13333500271005
sync,0,259.9966758746937,71.26666112002792
sync,0,260.0133361145672,71.25002120377678
sync,0,260.1300030660727,70.18332987341547
sync,0,260.1649986242852,70.43333249864497
sync,0,260.1816815003542,70.78333617396629
sync,0,260.2316848561702,70.18332987341547
sync,0,260.3000008941297,70.21667028813711
sync,0,260.3166837701987,69.75000545239975
sync,0,260.4500109615777,71.01667868887154
sync,0,260.7366757411402,63.86666418952703
sync,0,260.75333598101366,63.90000460424867
sync,0,260.78667909695616,64.71667311530734
sync,0,260.81999957670314,64.35000932966179
sync,0,260.8700029325191,63.800003554156866
sync,0,260.8866858085881,63.85000407920277
sync,0,260.98834496249015,64.91667521549095
sync,0,261.03834831830613,64.79999386100177
sync,0,261.08835167412207,67.01667707334568
sync,0,261.2733346635871,71.90000783530037
sync,0,261.3083528579951,71.81666689553283
sync,0,261.42501980950055,74.53333516426262
sync,0,261.44168004937404,74.31667295375476
sync,0,261.9300106944706,83.03334364577334
sync,0,261.9483460128096,83.11666439146776
sync,0,261.9650062526831,83.83335204650776
sync,0,262.0150096084991,82.75002079989531
sync,0,262.0316698483726,83.23334574595694
sync,0,262.04835272444154,83.45000795646482
sync,0,262.09833344406206,83.26666596660546
sync,0,262.34835022314195,79.783349905936
sync,0,262.381670702889,80.01667222676814
sync,0,262.4166662611015,80.88334126287272
sync,0,262.4666696169175,80.78334021278091
sync,0,262.533333212607,79.18334360538519
sync,0,262.5666763285494,80.20001421662748
sync,0,262.65167524257794,81.16668430282385
sync,0,262.77001727254896,78.86668034478552
sync,0,262.8199979921695,79.41666592621732
sync,0,262.8533411081119,80.01667222676814
sync,0,262.90501954239346,79.71666907649272
sync,0,263.14168096614,81.66668955328286
sync,0,263.175001445887,81.58334861351533
sync,0,263.3750148691509,87.85001377235787
sync,0,263.5116695812655,91.13334792691684
sync,0,263.5616729370814,90.36667994090406
sync,0,263.57833317695497,90.250018780488
sync,0,263.5950160530239,89.40000985470768
sync,0,263.64667185111,90.58334215141193
sync,0,263.69667520692593,89.56669173424277
sync,0,263.7466785627419,89.95001563021259
sync,0,263.798334360828,90.80002455599292
sync,0,263.81501723689695,89.96667574053686
sync,0,264.0333433423044,85.91667359996511
sync,0,264.1350024962065,86.56668042556181
sync,0,264.31668060113134,84.9666838181661
sync,0,264.3500010808783,84.8666827680743
sync,0,264.3666839569473,85.18334602867397
sync,0,264.5350067065388,81.25000504851828
sync,0,264.5516669464123,81.36668640300746
sync,0,264.6533487365098,82.03333314485532
sync,0,264.6700089763833,82.0500134492527
sync,0,264.72166477446933,82.46667775994416
sync,0,264.75500789041183,81.00000242328878
sync,0,264.7716681302853,81.70000977393138
sync,0,264.8050112462278,80.85000084815107
sync,0,264.8216714861013,79.81667012658453
sync,0,264.8716748419173,80.46667695218125
sync,0,264.89001016025634,80.74999979805926
sync,0,264.92335327619884,80.23335463134912
sync,0,264.9900168718883,80.11667327685994
sync,0,265.02501243010084,81.26668535291566
sync,0,265.0916760257903,81.21668482786976
sync,0,265.11001134412936,81.11668377777795
sync,0,265.12667158400285,81.23334493819402
sync,0,265.21001805576134,78.56667719451012
sync,0,265.2433385355083,79.31666487612551
sync,0,265.3783408053528,75.81666851105868
sync,0,265.3950010452263,76.00001050091802
sync,0,265.4783475169848,77.46668583757342
sync,0,265.4950077568583,77.0166811121603
sync,0,265.5133430751973,76.26667323647179
sync,0,265.5800066708868,76.40001470128523
sync,0,265.5966669107603,77.1166821622521
sync,0,265.6300100267028,76.01667061124228
sync,0,265.6466702665763,76.44999503225802
sync,0,265.8166680946333,72.30001203566758
sync,0,265.8500112105758,72.91667844654265
sync,0,265.9166748062653,73.46668422204756
sync,0,265.9333350461388,73.31668264690987
sync,0,266.0350168362363,72.49999394177806
sync,0,266.0516770761098,72.89999814214528
sync,0,266.0850201920523,72.31667214599184
sync,0,266.1366759901383,71.4833435246089
sync,0,266.1533362300118,72.21667109590004
sync,0,266.2199998257013,73.28334223218822
sync,0,266.2383351440403,72.81667739645086
sync,0,266.34667197560907,71.35002225386857
sync,0,266.39835040989055,72.54999446682396
sync,0,266.4316708896376,72.11667004580823
sync,0,266.5166698036661,71.81666689553283
sync,0,266.5666731594821,72.66667582131315
sync,0,266.5833333993556,72.53335455057282
sync,0,266.6500196312405,72.54999446682396
sync,0,266.68501518945305,71.06667921391744
sync,0,266.8516854967745,76.59999660739571
sync,0,266.8699981789181,76.4666753366554
sync,0,266.88668105498704,76.88333964734686
sync,0,266.9033412948606,76.79999870757932
sync,0,266.9533446506765,77.46668583757342
sync,0,267.0050004487626,78.45001603409406
sync,0,267.03834356470503,78.28333415455897
sync,0,267.0899993627911,77.55000658326783
sync,0,267.1233424787336,77.73332837905406
sync,0,267.15668559467605,78.06669213812422
sync,0,267.17334583454954,77.50000605822194
sync,0,267.1900060744231,77.41668531252752
sync,0,267.20666631429657,77.55000658326783
sync,0,267.2250016326356,77.70000815840554
sync,0,267.24168450870457,77.0666816372062
sync,0,267.2916652283251,78.23333362951307
sync,0,267.30834810439404,77.86669003794063
sync,0,267.3250083442676,78.73333887997208
sync,0,267.3416685841411,78.66667824460193
sync,0,267.5266742098015,80.74999979805926
sync,0,267.54333444967506,80.33335568144092
sync,0,267.560017325744,80.10001316653567
sync,0,267.5766775656175,80.36667590208944
sync,0,267.711679835462,82.83334154558973
sync,0,267.7283400753355,82.41667723489827
sync,0,267.8466821053065,83.68335047137005
sync,0,267.8966854611225,82.85002184998712
sync,0,267.9300059408695,83.26666596660546
sync,0,267.946666180743,83.26666596660546
sync,0,268.01335241262797,82.3000160744822
sync,0,268.04667289237494,82.93334259568154
sync,0,268.065008210714,82.91668248535727
sync,0,269.00499886422887,65.73334372654963
sync,0,269.08999777825744,62.93333451805229
sync,0,269.1400011340734,63.35001902281688
sync,0,269.19000448988936,64.16666733980244
sync,0,269.24000784570535,64.00000565434047
sync,0,269.2916862799869,64.11666681475654
sync,0,269.35834987567637,64.36666943998604
sync,0,269.39167035542334,63.78334344383261
sync,0,269.64501465523887,67.95000674482043
sync,0,269.67833513498584,67.80000516968272
sync,0,269.69501801105486,68.18334925972567
sync,0,269.81333740483035,69.55000335221614
sync,0,269.84668052077285,69.31668103138401
sync,0,269.8800010005198,69.25000020194074
sync,0,269.89668387658884,69.43334219180008
sync,0,269.9300043563358,70.63333459882858
sync,0,269.98168279061736,70.16668995716434
sync,0,270.03168614643334,72.26667162094594
sync,0,270.1666657800823,75.23334251490525
sync,0,270.4650108365127,80.71667957741074
sync,0,270.4816710763862,80.23335463134912
sync,0,270.6833369419202,74.1000107432469
sync,0,270.7166800578626,73.98332938875772
sync,0,270.83499945163817,71.31666164507382
sync,0,270.8516823277071,71.40002277891448
sync,0,270.98668459755163,73.60000549278789
sync,0,271.1050039913272,71.76666637048693
sync,0,271.1883504630856,70.13332934836957
sync,0,271.23833118270613,70.21667028813711
sync,0,271.2550140587751,70.15000965276695
sync,0,271.30666985686116,69.14999915184893
sync,0,271.35667321267715,69.43334219180008
sync,0,271.37333345255064,69.51668313156762
sync,0,271.3900163286196,68.93333694134107
sync,0,271.45667992430907,69.43334219180008
sync,0,271.4733401641826,69.08333851647876
sync,0,271.4900004040561,69.91668733193482
sync,0,271.7116766663947,78.03333152932947
sync,0,271.8133358202967,81.88333156971761
sync,0,272.01500168583067,87.15002661578838
sync,0,272.0483448017731,84.9166832931202
sync,0,272.1000005998592,86.08333528542707
sync,0,272.11668347592814,86.00001453973265
sync,0,272.1333437158017,86.13333581047297
sync,0,272.16668683174413,87.66667178249853
sync,0,272.21666755136465,86.40001874009985
sync,0,272.3533448996747,85.2666869684415
sync,0,272.3700051395482,85.95001401468674
sync,0,272.4200084953642,84.93334340344447
sync,0,272.6500148776395,79.26666435107961
sync,0,272.8016773873575,75.61666641087507
sync,0,273.03668636883395,70.75001595331777
sync,0,273.0716819270465,72.31667214599184
sync,0,273.08834216692,72.35001256071348
sync,0,273.18834887855195,71.00001857854727
sync,0,273.23835223436794,73.26668212186397
sync,0,273.34001138826994,73.15000076737478
sync,0,273.35667162814343,72.93333855686691
sync,0,273.3733318680169,73.61668579718527
sync,0,273.408350062425,73.76668737232298
sync,0,273.42501030229846,73.71668684727707
sync,0,273.5416772538039,75.05002071911902
sync,0,273.661671726045,74.00000969315509
sync,0,273.71167508186096,73.88332833866592
sync,0,273.76167843767695,74.60001599370591
sync,0,273.8650126700445,72.51667424617544
sync,0,273.9150160258605,73.16668107177216
sync,0,273.9483365056075,73.20000129242068
sync,0,274.101674093791,72.15001046052987
sync,0,274.1683376894805,70.88333722405808
sync,0,274.18499792935404,71.1833403743335
sync,0,274.201680805423,71.26666112002792
sync,0,274.251684161239,68.88333641629517
sync,0,274.303339959325,70.13332934836957
sync,0,274.3700035550145,71.2833414244253
sync,0,274.3866864310835,70.20001017781286
sync,0,274.421681989296,70.06668890707253
sync,0,274.4383422291695,70.33333144855318
sync,0,274.5566842591405,73.10000024232887
sync,0,274.80000072435826,80.49999717282977
sync,0,275.1533517358057,88.50000040388146
sync,0,275.1883472940183,88.01667545781983
sync,0,275.2383506498342,87.31666810717722
sync,0,275.25501088970776,88.00001534749558
sync,0,275.27167112958125,88.28335838744671
sync,0,275.2883540056502,87.4833499867123
sync,0,275.47333699511523,81.68332946953402
sync,0,275.9283471604647,38.36667913314114
sync,1,0.0016665898922369959,1.6833375471632577
sync,1,0.5400005908047021,1.6833375471632577
sync,1,0.6400016433877919,0.23332232083212506
sync,1,0.7233339675240767,0.0
sync,1,1.9683360370382486,0.0
sync,1,2.171668492464467,9.183335527755945
sync,1,2.2383349176783818,9.183335527755945
sync,1,3.0466677992309807,66.18332825788963
sync,1,3.0633336981533503,66.15000803724111
sync,1,3.1650013406286774,65.98332615770602
sync,1,3.2150018669202223,65.98332615770602
sync,1,3.265002393211767,68.53335293504698
sync,1,3.315000089978877,68.36667105551189
sync,1,3.433333631376574,68.46667210560369
sync,1,3.90166802729065,37.08334578634509
sync,1,3.968334452504565,37.06666548194771
sync,1,3.985000351426935,37.166666532039514
sync,1,4.051666776640849,37.10000589666935
sync,1,4.086667993902262,36.933344211207384
sync,1,4.119999791747001,37.000004846577546
sync,1,4.3033359979908115,46.41668288923874
sync,1,4.321668486805418,46.35000205979546
sync,1,4.455001337233248,46.03333879919579
sync,1,4.555002389816337,48.68334643255543
sync,1,4.590000777553315,48.68334643255543
sync,1,4.943334811854168,69.83332619809417
sync,1,5.060001763359628,69.58334376693777
sync,1,5.093333561204368,69.75000545239975
sync,1,5.110002289651173,69.78334586712138
sync,1,5.126668188573543,69.75000545239975
sync,1,5.195001203679695,69.43334219180008
sync,1,5.211667102602065,69.48334271684598
sync,1,5.228335831048869,69.50000282717023
sync,1,5.245001729971239,69.40000177707843
sync,1,5.363335271368936,69.13333904152466
sync,1,5.463333494427591,69.33334114170827
sync,1,5.496668121796766,69.25000020194074
sync,1,5.615001663194463,77.10000185785472
sync,1,5.665002189486008,76.98334069743866
sync,1,5.7666670024369,76.93334017239276
sync,1,6.068333920553971,76.666677436839
sync,1,6.084999819476341,76.8666795370226
sync,1,6.136666935660123,76.58335669114457
sync,1,6.153335664106928,76.54999608234982
sync,1,6.220002089320843,76.89999975767113
sync,1,6.253333887165582,76.88333964734686
sync,1,6.3550015296409095,77.28334384771406
sync,1,6.3716674285632795,77.41668531252752
sync,1,6.438333853777195,77.30000395803833
sync,1,6.573336123621696,77.1166821622521
sync,1,6.673334346680351,77.21668321234391
sync,1,6.808333787000418,77.31668426243571
sync,1,6.908334839583508,77.26668373738981
sync,1,6.960001955767289,77.13334227257637
sync,1,6.9933337536120295,77.20000290794653
sync,1,7.1766671303314045,77.81668951289473
sync,1,7.043334279903575,77.15000238290062
sync,1,7.213334937485053,77.75000868345144
sync,1,7.263335463776598,77.78332890409996
sync,1,7.280001362698968,77.85000973354325
sync,1,7.36500027672749,77.76668898784882
sync,1,7.381669005174294,77.70000815840554
sync,1,7.415000803019034,77.85000973354325
sync,1,7.431666701941404,77.85000973354325
sync,1,7.718334311028343,77.95001078363505
sync,1,7.82000195350367,78.10001235877274
sync,1,8.036667128067785,78.20001340886455
sync,1,8.171669397912286,78.33333467960487
sync,1,8.306668838232353,78.15001288381865
sync,1,8.390001162368637,77.95001078363505
sync,1,8.42500237963005,78.0166714190052
sync,1,8.55833523005788,78.21667351918882
sync,1,8.626668245164032,77.71668846280292
sync,1,8.6433341440864,77.75000868345144
sync,1,8.96333355101808,77.86669003794063
sync,1,8.996668178387255,77.93333047923767
sync,1,9.029999976231995,77.81668951289473
sync,1,9.26666705902739,77.73332837905406
sync,1,9.571667156928934,78.16667299414291
sync,1,9.638336411667284,78.75001918436946
sync,1,9.671668209512024,78.73333887997208
sync,1,10.018335884243928,78.83333993006389
sync,1,10.136669425641626,79.06666225089602
sync,1,10.355001190097978,79.283344655477
sync,1,10.371667089020347,79.26666435107961
sync,1,10.458335422465542,78.41667561937241
sync,1,10.626666660630347,78.41667561937241
sync,1,10.880002471872546,78.31667456928061
sync,1,10.996666593853572,78.40001550904816
sync,1,11.165000661542813,78.43333572969668
sync,1,11.181669389989619,78.38333520465078
sync,1,11.283334202940509,75.98335039059376
sync,1,11.366666527076795,76.05001102596393
sync,1,11.385001845415836,75.20002229425673
sync,1,11.435002371707382,76.03335091563966
sync,1,11.485002897998926,76.00001050091802
sync,1,11.518334695843667,75.43334461508886
sync,1,11.570001812027447,75.50000525045901
sync,1,11.670000035086103,75.53334566518065
sync,1,11.686668763532907,75.13334146481344
sync,1,11.755001778639059,75.23334251490525
sync,1,11.77166767756143,75.28334303995115
sync,1,11.873335320036757,72.59999499186986
sync,1,11.923335846328301,72.56667477122134
sync,1,11.956667644173042,71.21666059498202
sync,1,12.006668170464586,71.26666112002792
sync,1,12.039999968309326,71.2833414244253
sync,1,12.151667150138076,68.58335346009288
sync,1,12.253334792613401,68.6666742057873
sync,1,12.3716683340111,68.05000779491222
sync,1,12.388334232933468,68.03334768458797
sync,1,12.691667740942778,60.79999224547592
sync,1,12.708333639865147,61.21667675024051
sync,1,12.776669484495734,61.23333686056477
sync,1,12.810001282340474,59.900002988722825
sync,1,12.84333590970965,61.28333738561067
sync,1,12.910002334923563,61.38333843570248
sync,1,13.21500243282511,42.81666528000698
sync,1,13.231668331747478,42.81666528000698
sync,1,13.566667047709291,21.999988691319054
sync,1,13.583335776156096,21.999988691319054
sync,1,14.005002825563102,0.0
sync,1,28.36666720616266,0.0
sync,1,28.63500232643499,16.54999204353519
sync,1,28.651668225357362,16.666653203951252
sync,1,28.91833392621302,33.116664391467765
sync,1,28.93499982513539,33.116664391467765
sync,1,29.253332642174833,53.44999584002094
sync,1,29.421666709864073,60.899993295567725
sync,1,29.440002028203114,60.94999382061363
sync,1,29.473333826047856,61.09999539575133
sync,1,29.540003080786207,58.96667331724808
sync,1,29.556668979708576,58.51666859183497
sync,1,29.573334878630945,58.550009006556614
sync,1,29.60833609589236,58.53332870215923
sync,1,29.674999691581835,61.683341585977885
sync,1,29.691665590504208,60.7666720248274
sync,1,29.741668946320186,62.183326642363774
sync,1,29.75833484524256,62.21668725115853
sync,1,29.791666643087297,60.899993295567725
sync,1,29.84333375927108,62.01668515097493
sync,1,29.893337115087057,62.95001482244967
sync,1,29.91000301400943,62.033325067226066
sync,1,29.9266689129318,61.850003271439846
sync,1,29.94500423127084,62.333328217501474
sync,1,29.96167013019321,62.26666758213131
sync,1,29.99500192803795,62.300007996852955
sync,1,30.01166782696032,61.316677800332315
sync,1,30.0616711827763,63.06667598286573
sync,1,30.07833708169867,63.100016397587375
sync,1,30.09500298062104,62.95001482244967
sync,1,30.113332639911214,62.95001482244967
sync,1,30.146670096804822,62.10000589666935
sync,1,30.18000189464956,63.21667755800344
sync,1,30.24667114938791,65.86668519136308
sync,1,30.280002947232653,64.88333480076932
sync,1,30.431671115999524,69.18333956657057
sync,1,30.448337014921893,68.25000989509583
sync,1,30.498334711689004,69.55000335221614
sync,1,30.533335928950414,70.86667711373383
sync,1,30.583333625717525,69.86668680688892
sync,1,30.599999524639895,69.86668680688892
sync,1,30.633336981533503,71.3333419494712
sync,1,30.683334678300614,71.30002172882267
sync,1,30.751667693406766,71.65000521007086
sync,1,30.768333592329135,70.66667501355022
sync,1,30.818336948145117,71.41666269516561
sync,1,30.866670884544426,71.20002067873088
sync,1,31.101668547923147,56.38334651333172
sync,1,31.118334446845516,56.51666778407205
sync,1,31.135000345767885,56.466667259026146
sync,1,31.168337802661497,57.299995880409085
sync,1,31.218335499428605,56.849991154995976
sync,1,31.251667297273347,56.916671984439255
sync,1,31.370003668195476,58.75001110674022
sync,1,31.38666956711785,58.716670692018575
sync,1,31.486670619700938,56.083343363056315
sync,1,31.520002417545676,56.100003473380575
sync,1,31.553334215390418,55.116673276859935
sync,1,31.588335432651828,56.766670409301554
sync,1,31.6050013315742,57.38333682017662
sync,1,31.65500468739018,56.20000452347238
sync,1,31.68833648523492,56.16666410875074
sync,1,31.70500238415729,55.78334021278091
sync,1,31.72166828307966,57.09999378022548
sync,1,31.738334182002028,57.066673559576955
sync,1,31.77167163889564,56.48334756342353
sync,1,31.79000129818581,57.46667775994417
sync,1,31.80666719710818,57.449997455546786
sync,1,31.840004654001792,58.01668353544908
sync,1,31.85667055292416,57.38333682017662
sync,1,31.87333645184653,56.00000242328878
sync,1,31.906668249691272,58.81667174211038
sync,1,32.108334115225254,70.73333564892039
sync,1,32.15833747104123,68.76667525587911
sync,1,32.20999892817614,69.06667840615451
sync,1,32.24333638506975,69.25000020194074
sync,1,32.26000228399212,69.23334009161647
sync,1,32.361667096943016,67.95000674482043
sync,1,32.378332995865385,67.96666685514468
sync,1,32.39500455383663,66.71667392307027
sync,1,32.42833635168137,68.01666738019058
sync,1,32.445002250603736,67.95000674482043
sync,1,32.461668149526105,67.96666685514468
sync,1,32.49499994737084,70.25001070285876
sync,1,32.563332962477,69.51668313156762
sync,1,32.59667041937061,69.55000335221614
sync,1,32.64666811613772,68.25000989509583
sync,1,32.679999913982456,69.33334114170827
sync,1,32.6966714719537,69.35000125203253
sync,1,32.763335067643176,70.35001175295055
sync,1,32.796666865487914,70.03332829827777
sync,1,32.8483339816717,69.13333904152466
sync,1,32.86499988059407,69.88332672314006
sync,1,32.985000011884004,73.73334695760133
sync,1,33.00167156985524,73.71668684727707
sync,1,33.086670483883765,72.66667582131315
sync,1,33.18666587741799,75.58334619022655
sync,1,33.20333743538922,75.51666536078328
sync,1,33.22000333431159,75.46666483573738
sync,1,33.286666930001076,74.63333621435443
sync,1,33.303332828923445,75.85000892578032
sync,1,33.37167150307847,75.30002334434853
sync,1,33.47166689661269,77.08334174753047
sync,1,33.5066681138741,77.03334122248457
sync,1,33.52333401279647,77.05000133280883
sync,1,33.59000326753482,78.63333782988028
sync,1,33.60666916645719,78.35001498400226
sync,1,33.62333506537956,78.30001445895635
sync,1,33.70833397940808,79.20002390978257
sync,1,33.77666699451423,79.21666382603371
sync,1,33.7933328934366,78.81667981973962
sync,1,33.84333624925258,79.5833478057524
sync,1,33.86000214817495,79.60000791607666
sync,1,33.87666804709732,80.01667222676814
sync,1,33.945001062203474,79.83335043098191
sync,1,34.011670316941824,79.80001001626027
sync,1,34.06166801370893,80.64999874796747
sync,1,34.09499981155367,80.46667695218125
sync,1,34.19667028355344,80.56667800227305
sync,1,34.21333618247581,80.20001421662748
sync,1,34.263333879242914,80.69999927301336
sync,1,34.33166689434907,81.40000662365598
sync,1,34.34833279327144,81.23334493819402
sync,1,34.4649997447769,79.65000844112257
sync,1,34.51500310059288,79.75000949121437
sync,1,34.63333381246614,78.13333257942126
sync,1,34.64999971138851,78.60001760923176
sync,1,34.683337168282115,77.41668531252752
sync,1,34.75167018338827,76.68335774123638
sync,1,34.78500198123301,76.69999765748751
sync,1,34.80166788015538,77.1166821622521
sync,1,34.85167123597136,77.08334174753047
sync,1,34.95333604892225,76.43335511600688
sync,1,34.97000194784462,76.44999503225802
sync,1,35.00833634489051,76.23335301582327
sync,1,35.05333710150534,76.26667323647179
sync,1,35.08666889935008,76.23335301582327
sync,1,35.10500421768912,76.61667691179309
sync,1,35.171667813378605,76.4666753366554
sync,1,35.221671169194586,76.48335564105277
sync,1,35.255002967039324,76.84999923262522
sync,1,35.3066700832231,76.73333807220916
sync,1,35.37333367891259,76.8666795370226
sync,1,35.40667113580619,78.20001340886455
sync,1,35.473334731495676,78.15001288381865
sync,1,35.541667746601824,78.13333257942126
sync,1,35.55833364552419,78.56667719451012
sync,1,35.57499954444656,77.43334542285177
sync,1,35.625002900262544,78.16667299414291
sync,1,35.64166879918491,78.13333257942126
sync,1,35.81000286687416,80.48335725657863
sync,1,35.826668765796526,80.44999664778386
sync,1,35.87833588198031,80.53335778162453
sync,1,35.9783369345634,81.46668745309927
sync,1,36.14667100225264,81.88333156971761
sync,1,36.21333459794212,81.16668430282385
sync,1,36.24666639578686,81.21668482786976
sync,1,36.33167096886425,81.33334598828583
sync,1,36.38166866563136,80.25001474167338
sync,1,36.431666362398474,80.86668115254845
sync,1,36.46500381929208,80.85000084815107
sync,1,36.5500027333206,80.6333386376432
sync,1,36.56666863224297,80.64999874796747
sync,1,36.63333788698132,82.2000150243904
sync,1,36.66666968482606,81.88333156971761
sync,1,36.751668598854586,81.86669165346648
sync,1,36.868335550360044,81.21668482786976
sync,1,36.88500144928241,81.16668430282385
sync,1,37.00333782020455,80.08335305621141
sync,1,37.05333551697166,80.00001211644387
sync,1,37.153336569554746,79.55000739103076
sync,1,37.170002468477115,79.50000686598486
sync,1,37.236671723215466,79.783349905936
sync,1,37.253337622137835,79.75000949121437
sync,1,37.28666941998258,79.71666907649272
sync,1,37.30333531890495,79.6333483307983
sync,1,37.35500243508873,78.80001970941537
sync,1,37.38833423293347,79.51666697630912
sync,1,37.405000131855836,79.93335148107371
sync,1,37.471669386594186,79.90001106635206
sync,1,37.488335285516555,79.88335095602781
sync,1,37.5066706038556,80.08335305621141
sync,1,37.55666830062271,79.7333493808901
sync,1,37.62333755536106,79.6833488558442
sync,1,37.64000345428343,79.23334413043109
sync,1,37.70833646938958,79.5833478057524
sync,1,37.860004638156454,79.91667117667633
sync,1,37.89333643600119,79.13334308033929
sync,1,37.94333413276831,79.56666750135503
sync,1,37.99333748858428,79.5833478057524
sync,1,38.026669286429026,80.18335410630321
sync,1,38.078336402612806,79.783349905936
sync,1,38.12833409937991,79.81667012658453
sync,1,38.228335151963,79.36666540117142
sync,1,38.36333742180751,80.38335620648682
sync,1,38.48166813368077,80.31667537704354
sync,1,38.49833403260314,80.36667590208944
sync,1,38.51499993152551,80.08335305621141
sync,1,38.53167148949675,80.43335673153273
sync,1,38.58166918626386,80.18335410630321
sync,1,38.59833508518623,80.11667327685994
sync,1,38.63166688303097,80.15001369158158
sync,1,38.69999989813712,80.64999874796747
sync,1,38.71667145610836,80.61667852731894
sync,1,38.73333735503073,80.58335830667042
sync,1,38.78333505179784,80.68333916268911
sync,1,38.83333840761382,80.91668167759435
sync,1,38.86667020545856,80.83334073782682
sync,1,38.968335018409455,81.53334808846942
sync,1,38.985000917331824,81.50000767374779
sync,1,39.0350042731478,81.56668850319107
sync,1,39.15167122465326,82.51667828499006
sync,1,39.21833482034274,82.1000139742986
sync,1,39.23500071926511,82.16667460966876
sync,1,39.353337090187246,82.48333787026843
sync,1,39.42000068587672,82.76668091021958
sync,1,39.52167115787648,81.61668902823696
sync,1,39.63833810938195,82.3000160744822
sync,1,39.65500400830432,82.33333629513072
sync,1,39.721667603993794,82.03333314485532
sync,1,39.73833350291616,82.08333366990122
sync,1,39.82500183636136,82.2000150243904
sync,1,39.84166773528373,82.08333366990122
sync,1,39.89167109109971,82.13333419494712
sync,1,39.9933359040506,82.26667565976057
sync,1,40.12666875447843,81.38334651333172
sync,1,40.1433346534008,81.36668640300746
sync,1,40.228333567429324,82.36667670985237
sync,1,40.2783369232453,82.2500155494363
sync,1,40.42999943296331,82.11667408462286
sync,1,40.513334586624026,83.36666701669726
sync,1,40.548335803885436,83.28334627100284
sync,1,40.598333500652544,83.30000638132711
sync,1,40.665002755390894,82.83334154558973
sync,1,40.683338073729935,83.10002447521663
sync,1,40.90333359855409,82.85002184998712
sync,1,40.95333695437007,82.3500165995281
sync,1,41.00333465113718,82.38333682017662
sync,1,41.05333800695316,82.2500155494363
sync,1,41.07000390587553,81.88333156971761
sync,1,41.12167102205931,82.43333734522253
sync,1,41.2216720746424,82.45001764961991
sync,1,41.3866673034983,81.96669270355828
sync,1,41.50333425500376,81.93333209476351
sync,1,41.5216695733428,81.91667198443926
sync,1,41.621670625925894,81.53334808846942
sync,1,41.63833652484826,81.9500123991609
sync,1,41.69000364103204,81.38334651333172
sync,1,41.79000469361513,81.50000767374779
sync,1,41.8066705925375,81.45000714870189
sync,1,41.908335405488394,81.6500092488855
sync,1,41.92500130441076,81.25000504851828
sync,1,41.96000252167217,81.76669060337467
sync,1,41.97666842059455,81.7333299945799
sync,1,42.02666611736166,81.6500092488855
sync,1,42.07666947317764,82.1000139742986
sync,1,42.11000127102238,81.96669270355828
sync,1,42.161668387206156,81.61668902823696
sync,1,42.1950001850509,81.6500092488855
sync,1,42.27833533871162,81.68332946953402
sync,1,42.29500123763399,81.28334546323993
sync,1,42.36333425274014,81.61668902823696
sync,1,42.41333760855612,81.56668850319107
sync,1,42.44666940640086,81.63334913856123
sync,1,42.63166937301247,82.06667355957696
sync,1,42.64833527193484,82.01667303453105
sync,1,42.76667164285697,82.66667986012777
sync,1,42.86666703639119,82.400017124574
sync,1,42.88333293531356,82.3500165995281
sync,1,42.900004493284804,82.41667723489827
sync,1,42.91667039220717,81.91667198443926
sync,1,42.98500340731332,82.3000160744822
sync,1,43.08500445989642,82.38333682017662
sync,1,43.170003373924935,83.21666544155957
sync,1,43.186669272847304,83.20002552530842
sync,1,43.22000107069205,82.41667723489827
sync,1,43.28667032543039,82.51667828499006
sync,1,43.38833513838129,83.01666334137596
sync,1,43.505002089886744,82.91668248535727
sync,1,43.60666690283764,82.91668248535727
sync,1,43.7083373748374,82.26667565976057
sync,1,43.75833507160451,82.28333577008482
sync,1,43.89333734144901,81.58334861351533
sync,1,43.91000324037138,81.63334913856123
sync,1,43.92666913929375,81.6000087238396
sync,1,43.94333503821612,82.0500134492527
sync,1,44.01000429295447,82.01667303453105
sync,1,44.111669105905364,81.9500123991609
sync,1,44.21167015848845,81.56668850319107
sync,1,44.22833605741082,81.83333104467171
sync,1,44.2450019563332,82.28333577008482
sync,1,44.31167121107154,81.86669165346648
sync,1,44.42000238359138,81.81669112842057
sync,1,44.553335234019215,80.66667905236484
sync,1,44.621668249125364,80.71667957741074
sync,1,44.70500340278608,81.26668535291566
sync,1,44.72166930170845,81.21668482786976
sync,1,44.77333641789224,81.15000399842648
sync,1,44.906669268320066,82.11667408462286
sync,1,44.92500458665911,81.83333104467171
sync,1,45.05833743708694,81.6500092488855
sync,1,45.15833848967003,81.40000662365598
sync,1,45.20999994680494,81.26668535291566
sync,1,45.243337403698554,81.70000977393138
sync,1,45.29333510046566,81.61668902823696
sync,1,45.3266668983104,81.6000087238396
sync,1,45.394999913416555,81.30000557356418
sync,1,45.41167147138779,81.33334598828583
sync,1,45.430001130677965,81.35000609861008
sync,1,45.53666854283,82.45001764961991
sync,1,45.55333444175237,82.08333366990122
sync,1,45.70333885015144,82.11667408462286
sync,1,45.8216695620247,81.38334651333172
sync,1,45.85500135986944,81.41668692805337
sync,1,45.90500471568542,80.64999874796747
sync,1,45.95500241245254,80.96668220264026
sync,1,45.971668311374906,80.93334178791861
sync,1,45.988334210297275,81.11668377777795
sync,1,46.123336480141774,81.41668692805337
sync,1,46.22333753272486,81.48334756342352
sync,1,46.24000343164723,81.45000714870189
sync,1,46.25666933056961,81.38334651333172
sync,1,46.27333522949198,81.71669007832877
sync,1,46.341668244598125,81.51668797814517
sync,1,46.39167160041411,81.83333104467171
sync,1,46.441669297181214,81.80001082402319
sync,1,46.69333851853118,82.16667460966876
sync,1,46.71000441745355,82.13333419494712
sync,1,46.7933339120654,81.58334861351533
sync,1,46.82833512932681,81.91667198443926
sync,1,46.86166692717155,81.91667198443926
sync,1,46.978333878677006,82.70002027484941
sync,1,47.0783349312601,81.76669060337467
sync,1,47.09500083018247,81.80001082402319
sync,1,47.16333384528862,81.63334913856123
sync,1,47.18000540325986,81.6500092488855
sync,1,47.43166896556095,81.9500123991609
sync,1,47.46500076340569,81.43334703837762
sync,1,47.50167140008378,81.45000714870189
sync,1,47.53500319792852,81.45000714870189
sync,1,47.620002111957035,81.00000242328878
sync,1,47.63666801087941,81.01668272768616
sync,1,47.67000546777302,81.15000399842648
sync,1,47.686671366695386,80.88334126287272
sync,1,47.7366690634625,80.36667590208944
sync,1,47.77000086130724,80.80000032310517
sync,1,47.82166797749102,81.28334546323993
sync,1,47.90500313115174,81.21668482786976
sync,1,47.921669030074106,81.21668482786976
sync,1,48.00666794410263,80.85000084815107
sync,1,48.10666899668572,81.7833305196258
sync,1,48.3083348622197,81.16668430282385
sync,1,48.40833591480279,81.43334703837762
sync,1,48.42667123314183,81.46668745309927
sync,1,48.44333713206421,81.23334493819402
sync,1,48.476668929908946,81.7333299945799
sync,1,48.526666626676054,81.80001082402319
sync,1,48.5433381846473,81.48334756342352
sync,1,48.595005300831076,81.91667198443926
sync,1,48.6950006943653,82.18333471999303
sync,1,48.76166994910365,82.70002027484941
sync,1,48.77833584802602,82.18333471999303
sync,1,48.84500510276437,82.3500165995281
sync,1,49.08000276614309,82.68333997045204
sync,1,49.19833347801635,81.70000977393138
sync,1,49.2650027327547,81.71669007832877
sync,1,49.28166863167707,82.1000139742986
sync,1,49.35000164678322,82.06667355957696
sync,1,49.38333344462796,82.0500134492527
sync,1,49.43333680044394,81.53334808846942
sync,1,49.46666859828868,81.75001029897729
sync,1,49.53500161339483,81.70000977393138
sync,1,49.568339070288445,82.01667303453105
sync,1,49.61833676705555,82.0000129242068
sync,1,49.65333798431696,81.83333104467171
sync,1,49.70333568108408,81.86669165346648
sync,1,49.7866708347448,81.85001134906909
sync,1,49.803336733667166,82.2500155494363
sync,1,49.871669748773314,82.13333419494712
sync,1,49.88833564769568,82.1000139742986
sync,1,49.9716708013564,81.43334703837762
sync,1,50.00500259920115,81.45000714870189
sync,1,50.106667412152035,81.13334388810222
sync,1,50.12333331107441,81.18334441314812
sync,1,50.22500378307417,81.93333209476351
sync,1,50.24166968199654,81.88333156971761
sync,1,50.29166737876365,81.900011874115
sync,1,50.408334330269106,80.95000189824287
sync,1,50.42500022919148,81.38334651333172
sync,1,50.45833768608509,81.45000714870189
sync,1,50.510004802268874,81.36668640300746
sync,1,50.69500476888048,81.31668587796156
sync,1,50.77833426349233,81.31668587796156
sync,1,50.7950001624147,81.28334546323993
sync,1,50.811671720385945,81.41668692805337
sync,1,51.165005754686796,82.96666281633006
sync,1,51.198337552531534,82.61667933508187
sync,1,51.30000236548243,82.71668038517367
sync,1,51.433335215910255,83.83335204650776
sync,1,51.45000111483263,83.80001163178612
sync,1,51.516670369570974,83.98335362164546
sync,1,51.56833748575476,83.53334889623235
sync,1,51.6016692835995,83.76667121706447
sync,1,51.63500108144424,83.78335152146185
sync,1,51.7516680329497,82.95002290007892
sync,1,51.83500318661042,83.15002500026252
sync,1,51.85333850494946,82.73334049549793
sync,1,51.92000210063894,82.76668091021958
sync,1,51.93666799956131,82.80002132494121
sync,1,51.95333389848368,82.6500197498035
sync,1,51.98667135537729,82.58333892036023
sync,1,52.02000315322203,82.63333944540614
sync,1,52.08833616832818,82.71668038517367
sync,1,52.10500206725055,82.66667986012777
sync,1,52.18833722091127,82.6500197498035
sync,1,52.20500311983364,83.00002342512482
sync,1,52.25500081660075,82.71668038517367
sync,1,52.406668985367624,81.06668325273206
sync,1,52.44000078321236,81.01668272768616
sync,1,52.54167125521212,79.98335200611962
sync,1,52.59166895197924,80.44999664778386
sync,1,52.641666648746344,80.31667537704354
sync,1,52.691670004562326,80.30001526671929
sync,1,52.726671221823736,80.86668115254845
sync,1,52.77666891859085,80.46667695218125
sync,1,52.843338173329194,80.39999612273796
sync,1,52.86000407225157,80.83334073782682
sync,1,52.92833708735772,80.76668010245665
sync,1,52.96166888520246,80.90000137319697
sync,1,53.02833813994081,80.58335830667042
sync,1,53.1300029528917,80.01667222676814
sync,1,53.16333475073644,80.05001264148977
sync,1,53.26333580331953,80.26667485199764
sync,1,53.398338073164034,81.71669007832877
sync,1,53.4150039720864,81.30000557356418
sync,1,53.44833576993114,81.30000557356418
sync,1,53.550000582882035,82.18333471999303
sync,1,53.73333678912584,82.11667408462286
sync,1,53.78500390530962,82.48333787026843
sync,1,53.81833570315437,82.38333682017662
sync,1,53.936666415027624,82.21667513471466
sync,1,53.986669770843605,80.78334021278091
sync,1,54.02000156868834,81.06668325273206
sync,1,54.13833793961048,81.26668535291566
sync,1,54.18833563637759,81.68332946953402
sync,1,54.238333333144695,81.6500092488855
sync,1,54.288336688960676,81.7333299945799
sync,1,54.3733356029892,81.83333104467171
sync,1,54.40666740083394,81.7833305196258
sync,1,54.42333895880518,81.81669112842057
sync,1,54.47333665557229,82.28333577008482
sync,1,54.5083378728337,82.23333524503892
sync,1,54.67500252110627,81.85001134906909
sync,1,54.69333783944531,81.900011874115
sync,1,54.72666963729005,82.26667565976057
sync,1,54.7600014351348,81.88333156971761
sync,1,54.843336588795516,81.93333209476351
sync,1,54.860002487717885,81.68332946953402
sync,1,54.928335502824034,81.7833305196258
sync,1,54.9450014017464,81.80001082402319
sync,1,55.04500245432949,83.30000638132711
sync,1,55.130001368358016,83.33334679604874
sync,1,55.246668319863474,83.46666806678907
sync,1,55.26333421878584,83.45000795646482
sync,1,55.36500469078561,82.88334207063563
sync,1,55.51500344013581,82.73334049549793
sync,1,55.56667055631959,81.9500123991609
sync,1,55.60000235416433,82.3000160744822
sync,1,55.68333750782505,82.3500165995281
sync,1,55.70000340674742,82.31667618480647
sync,1,55.73333520459216,82.31667618480647
sync,1,55.75000110351453,82.0000129242068
sync,1,55.801668219698314,82.23333524503892
sync,1,55.95333638846518,82.6500197498035
sync,1,56.05333744104827,82.26667565976057
sync,1,56.186670291476105,82.3000160744822
sync,1,56.25500330658225,82.33333629513072
sync,1,56.28833510442699,81.83333104467171
sync,1,56.33833846024297,82.11667408462286
sync,1,56.35500435916534,82.11667408462286
sync,1,56.438333853777195,81.58334861351533
sync,1,56.454999752699564,81.6500092488855
sync,1,56.505003108515545,81.23334493819402
sync,1,56.538334906360284,80.81668062750255
sync,1,56.55500080528265,81.26668535291566
sync,1,56.573336123621694,81.26668535291566
sync,1,56.67333717620479,81.70000977393138
sync,1,56.740000771894266,81.7833305196258
sync,1,56.756666670816635,81.48334756342352
sync,1,56.77333822878788,81.91667198443926
sync,1,56.82666910533946,81.58334861351533
sync,1,56.92667015792255,81.53334808846942
sync,1,56.96000195576729,81.51668797814517
sync,1,56.97666785468966,81.83333104467171
sync,1,57.04333710942801,81.80001082402319
sync,1,57.195005278194884,81.68332946953402
sync,1,57.24500297496199,80.85000084815107
sync,1,57.2950006717291,81.08334336305631
sync,1,57.31167222970034,80.96668220264026
sync,1,57.363333686835254,81.10000347338058
sync,1,57.496672196311955,82.16667460966876
sync,1,57.56333579200143,81.56668850319107
sync,1,57.530003994156694,82.33333629513072
sync,1,57.59666758984617,81.61668902823696
sync,1,57.68167216292356,81.56668850319107
sync,1,57.71500396076831,81.48334756342352
sync,1,57.748335758613045,81.55000819879369
sync,1,57.831670912273765,82.2000150243904
sync,1,57.8650027101185,82.18333471999303
sync,1,58.00166874033081,82.18333471999303
sync,1,58.08500389399153,82.2000150243904
sync,1,58.135001590758634,81.93333209476351
sync,1,58.22000050478716,81.11668377777795
sync,1,58.2366720627584,81.13334388810222
sync,1,58.336667456292616,81.53334808846942
sync,1,58.43666850887571,81.40000662365598
sync,1,58.48833562505949,80.90000137319697
sync,1,58.52166742290423,81.06668325273206
sync,1,58.58833667764258,81.6500092488855
sync,1,58.62166847548732,81.53334808846942
sync,1,58.89000359575965,80.85000084815107
sync,1,58.991668408710545,80.53335778162453
sync,1,59.075003562371265,80.54999769787567
sync,1,59.14333657747741,80.74999979805926
sync,1,59.2433376300605,81.9500123991609
sync,1,59.26000352898288,81.91667198443926
sync,1,59.411671697749746,82.33333629513072
sync,1,59.428337596672115,82.01667303453105
sync,1,59.46166939451685,82.50001817466581
sync,1,59.47833529343923,82.46667775994416
sync,1,59.528338649255204,82.28333577008482
sync,1,59.54500454817758,82.21667513471466
sync,1,59.57833634602232,82.26667565976057
sync,1,59.61166814386706,82.76668091021958
sync,1,59.66167149968304,82.51667828499006
sync,1,59.69500329752778,81.76669060337467
sync,1,59.76333631263393,81.900011874115
sync,1,59.84667146629465,82.0000129242068
sync,1,59.91333506198413,82.50001817466581
sync,1,59.946666859828866,82.43333734522253
sync,1,59.98000431672248,82.50001817466581
sync,1,60.06833641053547,81.9500123991609
sync,1,60.08500230945784,81.98333261980942
sync,1,60.31999997283656,82.03333314485532
sync,1,60.43666692434203,80.76668010245665
sync,1,60.453338482313264,81.08334336305631
sync,1,60.486670280158,80.69999927301336
sync,1,60.50333617908038,80.73333968773501
sync,1,60.63833844892488,79.70000896616847
sync,1,60.7233373629534,80.66667905236484
sync,1,60.74000326187577,80.64999874796747
sync,1,60.85667021338123,79.76666960153862
sync,1,61.008338382148104,79.76666960153862
sync,1,61.07500197783758,80.33335568144092
sync,1,61.10833377568232,80.28335515639502
sync,1,61.226670146604455,79.30000476580126
sync,1,61.27666784337156,79.30000476580126
sync,1,61.310005300265175,78.25001393391045
sync,1,61.36000299703228,78.90002075950717
sync,1,61.37666889595465,78.88334045510979
sync,1,61.39333479487702,78.60001760923176
sync,1,61.42667225177063,78.85002023446127
sync,1,61.561668862566265,80.16667380190583
sync,1,61.578334761488634,79.81667012658453
sync,1,61.628338117304615,80.25001474167338
sync,1,61.645004016226984,80.15001369158158
sync,1,61.74500506881007,80.23335463134912
sync,1,61.863335780683336,81.15000399842648
sync,1,61.963336833266425,80.68333916268911
sync,1,62.0300004289559,80.80000032310517
sync,1,62.120001942185574,80.91668167759435
sync,1,62.23666889369103,81.88333156971761
sync,1,62.28833600987481,81.86669165346648
sync,1,62.37167116353553,83.11666439146776
sync,1,62.38833706245791,83.08334417081925
sync,1,62.421668860302645,83.36666701669726
sync,1,62.47167221611863,83.21666544155957
sync,1,62.57333702906951,83.20002552530842
sync,1,62.6733380816526,83.85001215683202
sync,1,62.791668793525865,83.86667226715628
sync,1,62.891669846108954,82.93334259568154
sync,1,62.90833574503133,82.96666281633006
sync,1,62.95833344179844,82.81668143526548
sync,1,62.97500499976967,83.26666596660546
sync,1,63.04333801487583,82.93334259568154
sync,1,63.21167208256507,82.60001922475762
sync,1,63.513339000682144,82.21667513471466
sync,1,63.59666849529399,82.33333629513072
sync,1,63.731670765138496,81.45000714870189
sync,1,63.79833436082797,81.51668797814517
sync,1,63.91500131233343,82.46667775994416
sync,1,64.15000463476102,83.06666386642186
sync,1,64.26166898706533,82.56667881003597
sync,1,64.2783348859877,82.58333892036023
sync,1,64.34500414072606,82.68333997045204
sync,1,64.38000535798747,83.05002395017073
sync,1,64.43000305475458,82.76668091021958
sync,1,64.44666895367695,82.76668091021958
sync,1,64.54667000626004,82.1500144993445
sync,1,64.61333926099839,82.11667408462286
sync,1,64.73166997287166,82.98334312072744
sync,1,64.74833587179403,82.86668196031138
sync,1,64.84833692437711,82.86668196031138
sync,1,65.15166760286199,83.01666334137596
sync,1,65.16833916083323,82.66667986012777
sync,1,65.2350027565227,82.86668196031138
sync,1,65.30167201126106,83.36666701669726
sync,1,65.31833791018343,83.35000690637301
sync,1,65.45333452097906,83.35000690637301
sync,1,65.55333557356215,84.2166759424776
sync,1,65.7716673380185,84.299996688172
sync,1,65.85500249167922,83.85001215683202
sync,1,65.94000140570773,83.86667226715628
sync,1,66.14000351087392,83.5500090065566
sync,1,66.26333682194833,83.40000743141891
sync,1,66.37000423410036,82.85002184998712
sync,1,66.38667013302273,82.83334154558973
sync,1,66.4033360319451,82.51667828499006
sync,1,66.45333372871221,82.85002184998712
sync,1,66.60500189747908,82.86668196031138
sync,1,66.63833935437269,82.58333892036023
sync,1,66.70500295006218,82.60001922475762
sync,1,66.72167450803342,82.55001869971171
sync,1,66.77166654575166,82.63333944540614
sync,1,66.7883381037229,82.6500197498035
sync,1,66.87333701775142,83.16666491651367
sync,1,66.99000396925688,83.10002447521663
sync,1,67.00667552722811,83.08334417081925
sync,1,67.02333576710161,83.16666491651367
sync,1,67.0733391229176,83.23334574595694
sync,1,67.08999936279109,83.18334522091105
sync,1,67.17499827681962,82.55001869971171
sync,1,67.29166522832507,83.35000690637301
sync,1,67.32500834426756,83.15002500026252
sync,1,67.3583401421123,83.16666491651367
sync,1,67.42666749816958,83.66667016697268
sync,1,67.47667085398557,83.65001005664841
sync,1,67.60999804536452,83.53334889623235
sync,1,67.62833336370356,83.35000690637301
sync,1,67.69500827749079,83.38334732109465
sync,1,67.7800071915193,83.31666649165136
sync,1,67.88000258505352,82.85002184998712
sync,1,67.99666953655898,82.90002237503302
sync,1,68.09834000855875,82.45001764961991
sync,1,68.19833540209297,82.81668143526548
sync,1,68.28333431612148,82.81668143526548
sync,1,68.38500478812125,82.41667723489827
sync,1,68.53666729783924,82.43333734522253
sync,1,68.60334221162647,82.36667670985237
sync,1,68.62000245149997,82.43333734522253
sync,1,68.63667400947121,82.41667723489827
sync,1,68.70500136552849,82.85002184998712
sync,1,68.72167292349974,82.81668143526548
sync,1,68.80500807716045,82.96666281633006
sync,1,68.82166831703395,83.38334732109465
sync,1,68.83833987500519,82.95002290007892
sync,1,68.87333543321773,82.95002290007892
sync,1,68.93999902890721,82.95002290007892
sync,1,68.95667058687846,82.6500197498035
sync,1,69.02333418256794,82.68333997045204
sync,1,69.15833645241244,83.5000084815107
sync,1,69.17500801038368,83.53334889623235
sync,1,69.24167160607315,83.18334522091105
sync,1,69.25833184594666,83.21666544155957
sync,1,69.37499879745212,83.30000638132711
sync,1,69.4250021532681,83.61666964192678
sync,1,69.44167371123933,83.21666544155957
sync,1,69.52667262526786,83.10002447521663
sync,1,69.62666801880208,82.38333682017662
sync,1,69.82833388433606,82.28333577008482
sync,1,69.91166903799677,82.76668091021958
sync,1,69.94666459620932,81.900011874115
sync,1,70.01333950999654,82.21667513471466
sync,1,70.18167357768579,82.16667460966876
sync,1,70.23166561540403,82.48333787026843
sync,1,70.2650087313465,82.2500155494363
sync,1,70.31500076906474,82.18333471999303
sync,1,70.36666788524852,82.43333734522253
sync,1,70.38333944321977,82.11667408462286
sync,1,70.39999968309327,82.11667408462286
sync,1,70.45334187774259,81.88333156971761
sync,1,70.50333391546083,81.9500123991609
sync,1,70.52000547343206,81.96669270355828
sync,1,70.5533372712768,81.76669060337467
sync,1,70.57000882924805,82.23333524503892
sync,1,70.60334062709279,82.33333629513072
sync,1,70.65500774327657,82.26667565976057
sync,1,70.78833493465552,82.21667513471466
sync,1,70.94000876247127,82.11667408462286
sync,1,71.05833947434454,82.98334312072744
sync,1,71.09167127218927,82.95002290007892
sync,1,71.19166666572349,82.06667355957696
sync,1,71.27500181938422,82.400017124574
sync,1,71.29167337735545,82.28333577008482
sync,1,71.32500517520019,81.45000714870189
sync,1,71.39333253125747,81.50000767374779
sync,1,71.44333588707346,82.0500134492527
sync,1,71.49333924288943,81.96669270355828
sync,1,71.52667104073417,81.98333261980942
sync,1,71.54333128060767,82.31667618480647
sync,1,71.6100061943949,82.21667513471466
sync,1,71.62666643426839,81.7833305196258
sync,1,71.67833355045218,82.1500144993445
sync,1,71.71166534829692,82.2500155494363
sync,1,71.84500385777362,80.90000137319697
sync,1,71.99666636749161,80.98334231296451
sync,1,72.08000152115234,80.48335725657863
sync,1,72.09667307912358,80.53335778162453
sync,1,72.11333331899708,81.05000294833468
sync,1,72.1800082327843,80.59999822292157
sync,1,72.19666847265779,80.93334178791861
sync,1,72.26500714681282,80.86668115254845
sync,1,72.28166738668632,80.86668115254845
sync,1,72.29833894465756,80.54999769787567
sync,1,72.3316707425023,81.35000609861008
sync,1,72.39999809855958,81.33334598828583
sync,1,72.4666730123468,80.93334178791861
sync,1,72.50166857055935,80.96668220264026
sync,1,72.63667084040384,80.78334021278091
sync,1,72.70333443609333,81.20000452347237
sync,1,72.72000599406456,81.15000399842648
sync,1,72.73666623393807,81.15000399842648
sync,1,72.85500826390907,82.55001869971171
sync,1,72.87166850378256,82.53333839531433
sync,1,72.98833545528802,82.55001869971171
sync,1,73.02166725313276,82.56667881003597
sync,1,73.05667412944305,83.01666334137596
sync,1,73.09000592728779,82.70002027484941
sync,1,73.14000928310377,82.3000160744822
sync,1,73.1733410809485,82.38333682017662
sync,1,73.22500819713228,82.78334102054383
sync,1,73.25833999497704,82.75002079989531
sync,1,73.30833203269526,82.61667933508187
sync,1,73.41000250469503,83.16666491651367
sync,1,73.42667406266627,83.18334522091105
sync,1,73.49333765835576,83.93335309659956
sync,1,73.5266694562005,83.90001268187793
sync,1,73.6100046098612,82.88334207063563
sync,1,73.62666484973471,82.90002237503302
sync,1,73.72833532173448,83.16666491651367
sync,1,73.81167047539519,83.05002395017073
sync,1,74.01333634092917,82.58333892036023
sync,1,74.06333969674515,82.0500134492527
sync,1,74.0966714945899,82.31667618480647
sync,1,74.13166705280243,82.6500197498035
sync,1,74.16499885064718,82.08333366990122
sync,1,74.26500556227913,82.03333314485532
sync,1,74.44999986984188,81.50000767374779
sync,1,74.53499878387039,81.11668377777795
sync,1,74.61999769789892,82.01667303453105
sync,1,74.6533408138414,81.98333261980942
sync,1,74.75499996774342,81.50000767374779
sync,1,74.89000223758792,81.01668272768616
sync,1,74.9566658332774,81.11668377777795
sync,1,75.10667590072535,81.75001029897729
sync,1,75.15666793844358,81.70000977393138
sync,1,75.19167481475387,82.33333629513072
sync,1,75.25833841044334,82.23333524503892
sync,1,75.41000092016135,82.1500144993445
sync,1,75.42667247813259,82.1500144993445
sync,1,75.44333271800609,81.83333104467171
sync,1,75.47666451585083,82.2000150243904
sync,1,75.57833498785058,82.6500197498035
sync,1,75.62833834366657,82.68333997045204
sync,1,75.69500193935605,82.41667723489827
sync,1,75.71167349732728,82.46667775994416
sync,1,75.84666444907405,82.56667881003597
sync,1,76.01499851676328,83.00002342512482
sync,1,76.04834163270577,82.98334312072744
sync,1,76.19834038205597,82.2500155494363
sync,1,76.21500062192948,82.3000160744822
sync,1,76.36667444974522,82.48333787026843
sync,1,76.3833346896187,82.41667723489827
sync,1,76.41666648746346,82.41667723489827
sync,1,76.4333380454347,82.11667408462286
sync,1,76.4499982853082,82.45001764961991
sync,1,76.48500516161847,82.43333734522253
sync,1,76.50166540149198,82.50001817466581
sync,1,76.5683403152792,82.43333734522253
sync,1,76.63500391096868,82.36667670985237
sync,1,76.70334258512369,82.83334154558973
sync,1,76.73667438296843,82.80002132494121
sync,1,76.80333797865792,82.56667881003597
sync,1,76.81999821853141,82.51667828499006
sync,1,76.90500845065768,82.0000129242068
sync,1,76.92166869053118,82.01667303453105
sync,1,76.97167204634715,81.98333261980942
sync,1,77.07334251834692,81.30000557356418
sync,1,77.25667306554186,82.03333314485532
sync,1,77.2750083838809,82.01667303453105
sync,1,77.2916686237544,82.0000129242068
sync,1,77.35833221944388,81.71669007832877
sync,1,77.39167533538637,81.75001029897729
sync,1,77.44166737310461,81.81669112842057
sync,1,77.45833893107584,82.11667408462286
sync,1,77.51000604725962,82.03333314485532
sync,1,77.62667299876509,81.25000504851828
sync,1,77.69500035482237,81.30000557356418
sync,1,77.81166730632782,80.39999612273796
sync,1,77.82833886429907,80.44999664778386
sync,1,77.91333777832759,80.88334126287272
sync,1,77.92999801820109,80.86668115254845
sync,1,77.98000137401706,80.90000137319697
sync,1,78.03000472983305,81.20000452347237
sync,1,78.04666496970654,80.86668115254845
sync,1,78.06333652767779,80.86668115254845
sync,1,78.09666832552253,81.05000294833468
sync,1,78.1466716813385,80.95000189824287
sync,1,78.21499903739578,81.01668272768616
sync,1,78.34833754687249,81.18334441314812
sync,1,78.4483329404067,80.78334021278091
sync,1,78.46666825874576,80.73333968773501
sync,1,78.51667161456173,80.33335568144092
sync,1,78.5666749703777,80.34999559769206
sync,1,78.5833352102512,80.78334021278091
sync,1,78.64999880594068,80.38335620648682
sync,1,78.66667036391193,80.39999612273796
sync,1,78.83833195233677,81.70000977393138
sync,1,78.95667398230778,81.16668430282385
sync,1,79.05666937584199,81.21668482786976
sync,1,79.17500008771526,81.86669165346648
sync,1,79.20833188556,81.83333104467171
sync,1,79.24167500150247,81.38334651333172
sync,1,79.29166703922071,81.53334808846942
sync,1,79.30833859719196,81.53334808846942
sync,1,79.3416703950367,81.03334283801041
sync,1,79.41167282955952,81.23334493819402
sync,1,79.49500798322025,81.31668587796156
sync,1,79.59666713712227,82.18333471999303
sync,1,79.6133386950935,82.16667460966876
sync,1,79.629998934967,82.1500144993445
sync,1,79.64667049293824,82.46667775994416
sync,1,79.71333408862772,82.36667670985237
sync,1,79.83166480050099,82.41667723489827
sync,1,79.8983397142882,81.86669165346648
sync,1,79.9149999541617,82.16667460966876
sync,1,79.99999886819023,82.26667565976057
sync,1,80.0333419841327,82.2000150243904
sync,1,80.13333737766692,81.98333261980942
sync,1,80.21667253132765,81.25000504851828
sync,1,80.23500784966669,81.6500092488855
sync,1,80.30167144535616,81.51668797814517
sync,1,80.3350032432009,81.71669007832877
sync,1,80.35167480117215,82.0500134492527
sync,1,80.40166683889039,81.51668797814517
sync,1,80.41833839686163,81.6500092488855
sync,1,80.48666575291891,81.6000087238396
sync,1,80.50333731089015,81.6000087238396
sync,1,80.57000090657962,81.15000399842648
sync,1,80.60500778288991,81.18334441314812
sync,1,80.80499856995836,81.21668482786976
sync,1,80.84833556620538,81.20000452347237
sync,1,80.92166552146381,81.91667198443926
sync,1,80.9550086374063,81.85001134906909
sync,1,81.08833582878525,81.25000504851828
sync,1,81.10500738675648,80.90000137319697
sync,1,81.15667450294028,80.93334178791861
sync,1,81.25666989647449,81.58334861351533
sync,1,81.45833576200847,82.11667408462286
sync,1,81.47500731997971,81.81669112842057
sync,1,81.52499935769795,81.88333156971761
sync,1,81.57500271351394,82.23333524503892
sync,1,81.60833451135868,82.16667460966876
sync,1,81.67499810704815,82.28333577008482
sync,1,81.77666857904792,81.48334756342352
sync,1,81.97833444458189,81.70000977393138
sync,1,82.01166624242664,81.6500092488855
sync,1,82.02833780039788,81.68332946953402
sync,1,82.07834115621385,82.3500165995281
sync,1,82.11167295405859,82.33333629513072
sync,1,82.14666851227113,82.36667670985237
sync,1,82.21333210796062,82.63333944540614
sync,1,82.2466752239031,82.55001869971171
sync,1,82.2633354637766,82.56667881003597
sync,1,82.38000241528206,81.80001082402319
sync,1,82.6833387528158,82.11667408462286
sync,1,82.75166610887308,82.53333839531433
sync,1,82.76833766684432,82.51667828499006
sync,1,82.8183410226603,82.55001869971171
sync,1,82.90166485822328,81.86669165346648
sync,1,82.92500277576347,81.88333156971761
sync,1,82.9700035323783,81.83333104467171
sync,1,83.07167400437807,81.58334861351533
sync,1,83.1050058022228,81.6000087238396
sync,1,83.18834095588353,82.06667355957696
sync,1,83.29000010978555,82.1000139742986
sync,1,83.406667061291,82.91668248535727
sync,1,83.42333861926225,82.88334207063563
sync,1,83.54166933113551,83.01666334137596
sync,1,83.60833292682499,83.05002395017073
sync,1,83.71000339882475,82.68333997045204
sync,1,83.72667495679599,82.68333997045204
sync,1,83.76000675464073,83.11666439146776
sync,1,83.80999879235897,82.80002132494121
sync,1,83.84334190830145,82.400017124574
sync,1,83.87667370614619,82.75002079989531
sync,1,83.92666574386443,82.93334259568154
sync,1,83.96167262017471,82.81668143526548
sync,1,84.02833621586419,83.08334417081925
sync,1,84.09499981155368,82.66667986012777
sync,1,84.11167136952491,82.68333997045204
sync,1,84.16167472534089,82.70002027484941
sync,1,84.24667363936942,82.33333629513072
sync,1,84.26333387924292,82.38333682017662
sync,1,84.33000879303013,82.45001764961991
sync,1,84.41333262859311,81.7333299945799
sync,1,84.43000418656436,81.7833305196258
sync,1,84.51500310059288,81.7333299945799
sync,1,84.63167005209833,81.38334651333172
sync,1,84.71500520575906,81.43334703837762
sync,1,84.73166544563256,81.36668640300746
sync,1,84.78166880144853,81.31668587796156
sync,1,84.83333591763231,82.01667303453105
sync,1,84.86666771547706,81.48334756342352
sync,1,84.8833392734483,81.43334703837762
sync,1,84.8999995133218,81.6500092488855
sync,1,84.91667107129304,81.66668955328286
sync,1,85.00333374568936,81.03334283801041
sync,1,85.05333710150533,81.01668272768616
sync,1,85.07000865947658,81.45000714870189
sync,1,85.13833601553387,81.13334388810222
sync,1,85.18833937134984,81.10000347338058
sync,1,85.25500296703932,81.40000662365598
sync,1,85.33833812070004,81.06668325273206
sync,1,85.35499836057355,81.10000347338058
sync,1,85.4400085926998,81.71669007832877
sync,1,85.4566688325733,81.70000977393138
sync,1,85.50667218838929,81.76669060337467
sync,1,85.60833134229131,80.59999822292157
sync,1,85.62500290026254,80.61667852731894
sync,1,85.64167445823378,80.6333386376432
sync,1,85.65833469810728,81.01668272768616
sync,1,85.72499829379676,80.95000189824287
sync,1,85.75834140973924,81.05000294833468
sync,1,85.86000056364126,80.74999979805926
sync,1,85.8766721216125,80.76668010245665
sync,1,85.91000391945725,81.35000609861008
sync,1,85.96000727527323,81.23334493819402
sync,1,85.99333907311797,81.25000504851828
sync,1,86.09500954511773,81.88333156971761
sync,1,86.21166517852545,81.48334756342352
sync,1,86.24667205483573,81.05000294833468
sync,1,86.29667541065172,81.36668640300746
sync,1,86.36333900634119,81.30000557356418
sync,1,86.48166971821445,80.00001211644387
sync,1,86.54833331390394,79.95001159139797
sync,1,86.58166511174868,80.74999979805926
sync,1,86.66500026540939,80.71667957741074
sync,1,86.81667409322513,81.05000294833468
sync,1,86.83333433309863,81.03334283801041
sync,1,86.88333768891461,80.73333968773501
sync,1,86.91666948675936,80.30001526671929
sync,1,86.96667284257533,80.6333386376432
sync,1,87.06833199647735,80.6333386376432
sync,1,87.12167419112667,80.66667905236484
sync,1,87.15500598897142,80.05001264148977
sync,1,87.20499802668967,80.31667537704354
sync,1,87.23834114263214,80.46667695218125
sync,1,87.28833318035038,80.34999559769206
sync,1,87.39000365235015,80.43335673153273
sync,1,87.5066706038556,81.80001082402319
sync,1,87.52334216182685,81.7833305196258
sync,1,87.54000240170033,81.7333299945799
sync,1,87.62500131572887,82.33333629513072
sync,1,87.69167622951608,82.3000160744822
sync,1,87.7916716230503,81.28334546323993
sync,1,87.82666718126285,81.28334546323993
sync,1,87.89334209505006,80.93334178791861
sync,1,87.91000233492356,81.25000504851828
sync,1,88.01000904655552,81.71669007832877
sync,1,88.0616761627393,81.7333299945799
sync,1,88.0783364026128,81.41668692805337
sync,1,88.12833975842878,81.45000714870189
sync,1,88.17833179614702,82.11667408462286
sync,1,88.22833515196301,82.01667303453105
sync,1,88.24500670993424,82.0000129242068
sync,1,88.31333406599153,82.58333892036023
sync,1,88.34666586383626,82.51667828499006
sync,1,88.498339691652,82.43333734522253
sync,1,88.64833844100221,82.45001764961991
sync,1,88.66499868087571,82.08333366990122
sync,1,88.71500203669169,82.6500197498035
sync,1,88.76666915287547,82.63333944540614
sync,1,88.85000430653619,83.43334784614055
sync,1,88.86667586450743,83.41666754174317
sync,1,88.88333610438093,83.15002500026252
sync,1,88.95167477853595,83.16666491651367
sync,1,89.07000549040922,83.21666544155957
sync,1,89.12000884622519,83.5000084815107
sync,1,89.15334064406993,83.46666806678907
sync,1,89.17166464431124,83.45000795646482
sync,1,89.28834291391443,83.00002342512482
sync,1,89.45500190313814,83.00002342512482
sync,1,89.48833370098288,83.10002447521663
sync,1,89.54000081716666,82.98334312072744
sync,1,89.67333932664336,82.93334259568154
sync,1,89.77333472017757,83.31666649165136
sync,1,89.80666651802231,83.28334627100284
sync,1,89.8416733943326,83.38334732109465
sync,1,89.89166543205084,83.38334732109465
sync,1,89.90833699002208,83.63334994632416
sync,1,89.97500058571156,83.5500090065566
sync,1,90.04167549949878,83.53334889623235
sync,1,90.09166753721702,83.13334469586515
sync,1,90.1266744135273,83.18334522091105
sync,1,90.19333800921677,83.16666491651367
sync,1,90.24334136503276,83.66667016697268
sync,1,90.2766731628775,83.25002605035432
sync,1,90.34333675856698,83.15002500026252
sync,1,90.37833231677952,83.10002447521663
sync,1,90.411675432722,83.21666544155957
sync,1,90.92999903682988,83.08334417081925
sync,1,91.0149979508584,82.63333944540614
sync,1,91.04834106680089,82.66667986012777
sync,1,91.11500466249036,83.01666334137596
sync,1,91.1316762204616,83.00002342512482
sync,1,91.1483364603351,82.98334312072744
sync,1,91.16500801830634,82.66667986012777
sync,1,91.23333537436362,82.71668038517367
sync,1,91.25000693233487,82.66667986012777
sync,1,91.35500492507023,83.20002552530842
sync,1,91.40500828088621,83.15002500026252
sync,1,91.59000258844895,82.73334049549793
sync,1,91.62333438629369,82.76668091021958
sync,1,91.64000594426493,82.33333629513072
sync,1,91.70666953995442,82.50001817466581
sync,1,91.84167180979891,82.53333839531433
sync,1,91.90999916585619,81.68332946953402
sync,1,91.94334228179868,81.83333104467171
sync,1,92.02666611736166,82.31667618480647
sync,1,92.11000127102237,82.31667618480647
sync,1,92.16166838720616,82.31667618480647
sync,1,92.26167509883811,82.73334049549793
sync,1,92.34667401286664,82.66667986012777
sync,1,92.43000916652736,82.75002079989531
sync,1,92.4800012042456,82.86668196031138
sync,1,92.58000791587756,83.33334679604874
sync,1,92.68166706977958,83.78335152146185
sync,1,92.78167378141154,82.98334312072744
sync,1,92.83166581912978,82.96666281633006
sync,1,92.84833737710102,82.68333997045204
sync,1,92.88166917494576,83.48334837118645
sync,1,92.9000044932848,83.5000084815107
sync,1,92.96666808897429,83.16666491651367
sync,1,92.98333964694552,83.23334574595694
sync,1,93.31833270385846,83.05002395017073
sync,1,93.40500669635253,83.08334417081925
sync,1,93.50666585025455,82.66667986012777
sync,1,93.55666920607052,82.56667881003597
sync,1,93.64000435973125,82.0500134492527
sync,1,93.70833171578853,82.08333366990122
sync,1,93.72500327375977,82.60001922475762
sync,1,93.79166686944924,82.400017124574
sync,1,93.94166561879945,83.00002342512482
sync,1,94.01000429295448,82.83334154558973
sync,1,94.06000764877045,82.83334154558973
sync,1,94.07666788864395,82.86668196031138
sync,1,94.16000304230467,82.95002290007892
sync,1,94.17667460027592,82.88334207063563
sync,1,94.21167015848846,82.55001869971171
sync,1,94.26167351430443,82.60001922475762
sync,1,94.41333602402244,82.76668091021958
sync,1,94.44666782186718,83.18334522091105
sync,1,94.49667117768315,83.13334469586515
sync,1,94.56333477337263,83.18334522091105
sync,1,94.58000633134388,83.63334994632416
sync,1,94.64833368740116,83.31666649165136
sync,1,94.73166884106188,83.20002552530842
sync,1,94.78167219687786,83.75001110674022
sync,1,94.8150039947226,83.23334574595694
sync,1,94.9500062645671,83.28334627100284
sync,1,95.05000165810132,82.51667828499006
sync,1,95.16833236997458,82.48333787026843
sync,1,95.18500392794581,82.0500134492527
sync,1,95.25334260210084,82.2500155494363
sync,1,95.30333463981908,82.1500144993445
sync,1,95.40334135145105,81.61668902823696
sync,1,95.48834026547956,81.23334493819402
sync,1,95.50500050535307,81.26668535291566
sync,1,95.62334253532407,81.30000557356418
sync,1,95.64000277519757,81.6500092488855
sync,1,95.70666637088705,81.61668902823696
sync,1,95.80667308251901,81.6000087238396
sync,1,95.85666512023724,82.1500144993445
sync,1,95.87333667820849,82.1000139742986
sync,1,95.97500715020824,81.58334861351533
sync,1,96.07500254374247,82.31667618480647
sync,1,96.0916741017137,82.33333629513072
sync,1,96.19166949524792,81.35000609861008
sync,1,96.22666505346047,81.900011874115
sync,1,96.27666840927645,81.81669112842057
sync,1,96.31000020712119,81.35000609861008
sync,1,96.36000356293717,81.51668797814517
sync,1,96.47667051444263,82.2500155494363
sync,1,96.57834098644238,81.7333299945799
sync,1,96.62833302416063,81.63334913856123
sync,1,96.66167614010311,81.70000977393138
sync,1,96.8133386498211,81.86669165346648
sync,1,96.82999888969461,81.83333104467171
sync,1,96.8633420056371,81.7833305196258
sync,1,96.91333404335533,81.86669165346648
sync,1,97.06500787117108,82.01667303453105
sync,1,97.08166811104458,81.98333261980942
sync,1,97.09833966901581,82.0000129242068
sync,1,97.19833506255003,83.01666334137596
sync,1,97.21500662052128,82.98334312072744
sync,1,97.2649986582395,82.96666281633006
sync,1,97.28167021621076,83.06666386642186
sync,1,97.3000055345498,83.5000084815107
sync,1,97.35167265073358,83.26666596660546
sync,1,97.36833289060708,82.81668143526548
sync,1,97.4350078043943,82.90002237503302
sync,1,97.70333726561776,83.5000084815107
sync,1,97.82166797749102,83.25002605035432
sync,1,97.90500313115174,82.68333997045204
sync,1,97.97166672684122,83.16666491651367
sync,1,97.98833828481246,83.15002500026252
sync,1,98.07333719884099,83.08334417081925
sync,1,98.09000875681222,83.11666439146776
sync,1,98.24167126653022,83.21666544155957
sync,1,98.37500977600692,83.20002552530842
sync,1,98.39167001588042,83.66667016697268
sync,1,98.4583336115699,83.63334994632416
sync,1,98.47500516954115,83.63334994632416
sync,1,98.56000408356967,83.38334732109465
sync,1,98.61000743938564,83.51666859183497
sync,1,98.71166659328766,82.3000160744822
sync,1,98.72833815125891,82.33333629513072
sync,1,98.76166994910365,82.400017124574
sync,1,98.77834150707488,82.50001817466581
sync,1,98.79500174694839,82.43333734522253
sync,1,98.81167330491962,82.0500134492527
sync,1,98.86166534263786,82.63333944540614
sync,1,99.0633425262696,82.61667933508187
sync,1,99.11333456398783,82.400017124574
sync,1,99.14666636183257,82.43333734522253
sync,1,99.23000151549329,82.3500165995281
sync,1,99.33167198749305,81.85001134906909
sync,1,99.36500378533779,82.13333419494712
sync,1,99.43166738102727,82.1500144993445
sync,1,99.464999178872,81.70000977393138
sync,1,99.515002534688,81.98333261980942
sync,1,99.60833156865326,82.0000129242068
sync,1,99.6250031266245,81.66668955328286
sync,1,99.67667024280829,82.28333577008482
sync,1,99.71000204065302,82.2500155494363
sync,1,99.72667359862426,82.81668143526548
sync,1,99.79333719431374,82.58333892036023
sync,1,99.81000875228499,82.31667618480647
sync,1,99.82666899215849,82.75002079989531
sync,1,99.86000079000323,82.75002079989531
sync,1,99.99500305984772,82.68333997045204
sync,1,100.0450064156637,82.36667670985237
sync,1,100.07833821350845,82.41667723489827
sync,1,100.13000532969222,82.66667986012777
sync,1,100.14666556956573,82.6500197498035
sync,1,100.28000407904243,81.18334441314812
sync,1,100.31333587688717,81.21668482786976
sync,1,100.3466676747319,81.70000977393138
sync,1,100.39833479091568,81.35000609861008
sync,1,100.41500634888693,81.35000609861008
sync,1,100.44833814673167,80.98334231296451
sync,1,100.49834150254765,81.13334388810222
sync,1,100.59833689608186,81.18334441314812
sync,1,100.61500845405311,81.20000452347237
sync,1,100.63166869392661,81.50000767374779
sync,1,100.68333581011039,81.15000399842648
sync,1,100.7666709637711,81.31668587796156
sync,1,100.80000276161584,81.20000452347237
sync,1,100.81833807995488,81.48334756342352
sync,1,100.86834143577087,81.21668482786976
sync,1,100.91833347348911,81.06668325273206
sync,1,100.96833682930509,80.49999717282977
sync,1,101.00166862714983,80.51667747722715
sync,1,101.01834018512108,80.83334073782682
sync,1,101.05333574333362,80.49999717282977
sync,1,101.07000730130486,80.49999717282977
sync,1,101.1033390991496,80.48335725657863
sync,1,101.15334245496557,79.96667170172223
sync,1,101.1866742528103,80.46667695218125
sync,1,101.20499825305161,80.48335725657863
sync,1,101.28833340671234,81.00000242328878
sync,1,101.30500496468358,80.96668220264026
sync,1,101.42333567655683,81.31668587796156
sync,1,101.48999927224631,81.96669270355828
sync,1,101.5250061485566,81.9500123991609
sync,1,101.57500950437257,81.70000977393138
sync,1,101.68000749710794,81.11668377777795
sync,1,101.85833544510173,81.75001029897729
sync,1,101.87667076344079,81.7333299945799
sync,1,101.92667411925676,81.68332946953402
sync,1,101.94333435913026,81.76669060337467
sync,1,102.01000927291747,82.56667881003597
sync,1,102.02666951279097,82.13333419494712
sync,1,102.06000131063571,82.3000160744822
sync,1,102.22833537832496,83.43334784614055
sync,1,102.43000124385894,83.66667016697268
sync,1,102.51333639751967,83.25002605035432
sync,1,102.59833531154818,83.45000795646482
sync,1,102.68167046520891,84.00001373196972
sync,1,102.76666937923743,83.20002552530842
sync,1,102.78334093720866,83.21666544155957
sync,1,103.01833860058738,83.15002500026252
sync,1,103.03499884046089,83.60000953160251
sync,1,103.08500219627686,83.13334469586515
sync,1,103.20333290815013,83.10002447521663
sync,1,103.27000782193736,83.03334364577334
sync,1,103.37166697583937,82.78334102054383
sync,1,103.65666799503407,82.75002079989531
sync,1,103.69167487134435,82.50001817466581
sync,1,103.70833511121785,82.90002237503302
sync,1,103.7250066691891,83.10002447521663
sync,1,103.74166690906259,82.6500197498035
sync,1,103.78834274414297,82.90002237503302
sync,1,103.80500298401647,82.90002237503302
sync,1,103.8216745419877,82.73334049549793
sync,1,103.8883381376772,82.78334102054383
sync,1,104.09000400321118,82.85002184998712
sync,1,104.14000735902715,83.26666596660546
sync,1,104.15666759890065,83.25002605035432
sync,1,104.21000979354997,82.80002132494121
sync,1,104.24334159139471,82.81668143526548
sync,1,104.27667338923945,82.86668196031138
sync,1,104.38667398117596,82.400017124574
sync,1,104.45333757686545,82.36667670985237
sync,1,104.47000913483669,82.2500155494363
sync,1,104.48666937471019,82.75002079989531
sync,1,104.53667273052616,82.3000160744822
sync,1,104.68833524024417,82.18333471999303
sync,1,104.80500219174962,83.01666334137596
sync,1,104.82167374972087,83.01666334137596
sync,1,104.83833398959436,83.20002552530842
sync,1,104.90667266374939,83.06666386642186
sync,1,105.0066680572836,83.01666334137596
sync,1,105.05833517346738,82.400017124574
sync,1,105.09166697131214,82.48333787026843
sync,1,105.17500212497285,82.400017124574
sync,1,105.25833727863358,82.86668196031138
sync,1,105.29333283684612,82.83334154558973
sync,1,105.40999978835157,83.46666806678907
sync,1,105.49499870238009,83.61666964192678
sync,1,105.59500541401205,84.11667489238579
sync,1,105.69667588601182,83.60000953160251
sync,1,105.79667127954603,83.60000953160251
sync,1,105.85000215609762,83.5500090065566
sync,1,105.8733400736378,83.63334994632416
sync,1,105.94000366932728,83.26666596660546
sync,1,105.95667522729853,83.30000638132711
sync,1,106.02500258335581,83.28334627100284
sync,1,106.04167414132705,83.90001268187793
sync,1,106.10833773701653,83.5500090065566
sync,1,106.12500929498776,83.56666911688087
sync,1,106.22500468852199,82.93334259568154
sync,1,106.40999899608472,83.11666439146776
sync,1,106.47833767023975,83.00002342512482
sync,1,106.54500126592923,82.6500197498035
sync,1,106.56167282390047,82.66667986012777
sync,1,106.61167617971645,82.66667986012777
sync,1,106.71333533361847,83.16666491651367
sync,1,106.88000564093991,82.78334102054383
sync,1,106.91333743878465,83.16666491651367
sync,1,106.96334079460064,82.81668143526548
sync,1,107.13167486228987,82.21667513471466
sync,1,107.20000221834715,82.90002237503302
sync,1,107.2166737763184,82.46667775994416
sync,1,107.30000892997911,82.33333629513072
sync,1,107.45167143969712,81.6000087238396
sync,1,107.48500323754186,81.70000977393138
sync,1,107.5016747955131,81.96669270355828
sync,1,107.56833839120257,81.900011874115
sync,1,107.63500198689206,81.6500092488855
sync,1,107.77000425673656,80.15001369158158
sync,1,107.7866758147078,80.46667695218125
sync,1,107.83666785242605,80.20001421662748
sync,1,107.92666936565571,79.65000844112257
sync,1,107.9533348039315,79.66666855144682
sync,1,107.97000636190273,79.30000476580126
sync,1,108.02167347808653,79.70000896616847
sync,1,108.088337073776,79.70000896616847
sync,1,108.13834042959198,80.51667747722715
sync,1,108.18833246731022,80.25001474167338
sync,1,108.22333934362051,80.21667432695173
sync,1,108.239999583494,80.61667852731894
sync,1,108.30667449728122,80.51667747722715
sync,1,108.34000629512596,80.58335830667042
sync,1,108.35666653499946,80.44999664778386
sync,1,108.3733380929707,80.43335673153273
sync,1,108.45833700699923,79.91667117667633
sync,1,108.5250006026887,80.18335410630321
sync,1,108.59333927684372,80.16667380190583
sync,1,108.66000287253321,79.56666750135503
sync,1,108.69333467037795,79.6833488558442
sync,1,108.82833694022244,81.03334283801041
sync,1,108.8616687380672,80.78334021278091
sync,1,108.92833233375667,81.31668587796156
sync,1,108.94500389172791,81.30000557356418
sync,1,108.96167544969914,81.28334546323993
sync,1,108.97999944994045,81.63334913856123
sync,1,109.04667436372767,81.61668902823696
sync,1,109.09666640144592,81.56668850319107
sync,1,109.19667311307786,81.20000452347237
sync,1,109.2816720271064,81.06668325273206
sync,1,109.31500382495113,81.01668272768616
sync,1,109.34833562279587,81.08334336305631
sync,1,109.46500257430134,81.75001029897729
sync,1,109.49833437214608,81.46668745309927
sync,1,109.55000148832985,81.55000819879369
sync,1,109.65000819996182,81.9500123991609
sync,1,109.7333320355248,82.68333997045204
sync,1,109.75000359349603,82.66667986012777
sync,1,109.81834226765105,82.33333629513072
sync,1,109.83500250752455,82.3500165995281
sync,1,109.91833766118528,82.63333944540614
sync,1,109.95166945903001,82.58333892036023
sync,1,110.05500369139757,82.53333839531433
sync,1,110.19000596124208,81.05000294833468
sync,1,110.20666620111558,81.05000294833468
sync,1,110.22333775908682,81.40000662365598
sync,1,110.2733411149028,80.91668167759435
sync,1,110.35834002893132,81.06668325273206
sync,1,110.37500026880483,80.66667905236484
sync,1,110.44167518259204,80.78334021278091
sync,1,110.67667284597076,81.30000557356418
sync,1,110.76167175999929,80.80000032310517
sync,1,110.77833199987279,80.81668062750255
sync,1,110.79500355784403,81.13334388810222
sync,1,110.81167511581526,80.68333916268911
sync,1,110.84500691366,80.68333916268911
sync,1,110.96167386516547,80.58335830667042
sync,1,111.06333301906749,80.53335778162453
sync,1,111.19667152854419,82.2500155494363
sync,1,111.21334308651542,82.23333524503892
sync,1,111.2650102026992,82.16667460966876
sync,1,111.36500559623343,82.86668196031138
sync,1,111.46667606823318,83.05002395017073
sync,1,111.58334301973865,83.05002395017073
sync,1,111.68333841327286,82.85002184998712
sync,1,111.70000997124411,83.31666649165136
sync,1,111.7683373273014,82.93334259568154
sync,1,111.80166912514613,82.56667881003597
sync,1,111.81834068311737,83.00002342512482
sync,1,111.83500092299087,83.00002342512482
sync,1,111.91999983701939,82.98334312072744
sync,1,111.95334295296188,82.61667933508187
sync,1,112.00333499068012,82.68333997045204
sync,1,112.12334078101891,82.85002184998712
sync,1,112.22333617455314,82.38333682017662
sync,1,112.39167024224238,82.3500165995281
sync,1,112.40834180021362,82.58333892036023
sync,1,112.4750053959031,82.43333734522253
sync,1,112.50833719374783,82.400017124574
sync,1,112.57667586790286,81.93333209476351
sync,1,112.59333610777637,81.9500123991609
sync,1,112.6266679056211,82.0500134492527
sync,1,112.64333946359234,81.85001134906909
sync,1,112.65999970346584,81.86669165346648
sync,1,112.7600064150978,81.25000504851828
sync,1,112.86000180863202,81.91667198443926
sync,1,112.8950086849423,82.0000129242068
sync,1,112.94500072266054,81.61668902823696
sync,1,112.97833252050528,81.91667198443926
sync,1,113.07833923213724,81.900011874115
sync,1,113.12834258795323,81.53334808846942
sync,1,113.14500282782672,81.88333156971761
sync,1,113.3466686933607,81.93333209476351
sync,1,113.38000049120544,81.85001134906909
sync,1,113.41500736751573,81.93333209476351
sync,1,113.44833916536047,82.03333314485532
sync,1,113.51500276104994,81.51668797814517
sync,1,113.53167431902118,81.9500123991609
sync,1,113.56500611686593,82.01667303453105
sync,1,113.63166971255541,81.31668587796156
sync,1,113.66667658886568,81.55000819879369
sync,1,113.7666719823999,82.3000160744822
sync,1,113.9016742522444,82.26667565976057
sync,1,113.96833784793388,82.66667986012777
sync,1,113.98500940590513,82.6500197498035
sync,1,114.08500479943935,82.70002027484941
sync,1,114.17667007303682,83.06666386642186
sync,1,114.32334130165141,83.01666334137596
sync,1,114.35667309949615,82.98334312072744
sync,1,114.47500381136942,82.31667618480647
sync,1,114.50833560921416,82.81668143526548
sync,1,114.55833896503013,82.73334049549793
sync,1,114.59167076287487,82.75002079989531
sync,1,114.65833435856436,83.40000743141891
sync,1,114.6916661564091,83.33334679604874
sync,1,114.74333327259288,83.30000638132711
sync,1,114.84333998422484,82.43333734522253
sync,1,114.86000022409833,82.45001764961991
sync,1,114.91000357991432,82.56667881003597
sync,1,114.96000693573029,82.48333787026843
sync,1,114.9766671756038,82.45001764961991
sync,1,115.0950092055748,81.46668745309927
sync,1,115.17833304113778,81.55000819879369
sync,1,115.19500459910901,81.48334756342352
sync,1,115.29499999264324,80.58335830667042
sync,1,115.31333531098228,80.59999822292157
sync,1,115.36333866679826,80.46667695218125
sync,1,115.43000226248773,81.16668430282385
sync,1,115.46333406033247,80.81668062750255
sync,1,115.69834304180894,81.06668325273206
sync,1,115.78166687737192,79.90001106635206
sync,1,115.8150099933144,79.96667170172223
sync,1,115.8316702331879,79.91667117667633
sync,1,115.84834179115914,80.28335515639502
sync,1,115.91500538684862,80.26667485199764
sync,1,115.9666725030324,80.30001526671929
sync,1,115.9833327429059,80.00001211644387
sync,1,116.00000430087714,80.46667695218125
sync,1,116.09999969441137,81.05000294833468
sync,1,116.18333484807208,80.95000189824287
sync,1,116.20000640604331,81.00000242328878
sync,1,116.33833619662343,82.01667303453105
sync,1,116.44000666862318,82.1000139742986
sync,1,116.45666690849669,82.11667408462286
sync,1,116.49001002443917,82.46667775994416
sync,1,116.54000206215741,82.400017124574
sync,1,116.60834073631243,82.33333629513072
sync,1,116.62500097618593,82.36667670985237
sync,1,116.7250076878179,81.26668535291566
sync,1,116.86000995766238,82.83334154558973
sync,1,116.89334175550714,82.90002237503302
sync,1,116.92667355335188,82.75002079989531
sync,1,116.94333379322538,82.75002079989531
sync,1,116.97666559107012,82.43333734522253
sync,1,117.0116724673804,82.78334102054383
sync,1,117.12833941888586,82.78334102054383
sync,1,117.22833481242007,82.400017124574
sync,1,117.26166661026481,82.38333682017662
sync,1,117.38000864023581,81.61668902823696
sync,1,117.39666888010932,81.6500092488855
sync,1,117.43000067795406,81.55000819879369
sync,1,117.48000403377003,81.41668692805337
sync,1,117.49667559174128,80.95000189824287
sync,1,117.56333918743076,81.00000242328878
sync,1,117.63166654348804,80.88334126287272
sync,1,117.73333701548779,81.76669060337467
sync,1,117.76666881333254,81.7833305196258
sync,1,117.86667552496449,81.43334703837762
sync,1,117.91666756268273,81.48334756342352
sync,1,118.03500959265374,81.88333156971761
sync,1,118.05166983252724,81.86669165346648
sync,1,118.13500498618797,81.76669060337467
sync,1,118.1683367840327,82.0500134492527
sync,1,118.18667210237174,81.68332946953402
sync,1,118.27000725603246,81.05000294833468
sync,1,118.37166640993448,81.71669007832877
sync,1,118.4550015635952,81.9500123991609
sync,1,118.50500491941118,81.81669112842057
sync,1,118.9250082084504,83.18334522091105
sync,1,119.02666736235241,82.06667355957696
sync,1,119.11000251601313,82.18333471999303
sync,1,119.12667407398436,82.23333524503892
sync,1,119.19333766967385,81.55000819879369
sync,1,119.21000922764509,82.0000129242068
sync,1,119.26167634382887,82.71668038517367
sync,1,119.31166838154711,82.61667933508187
sync,1,119.3616717373631,82.66667986012777
sync,1,119.46166713089731,82.18333471999303
sync,1,119.49499892874205,82.18333471999303
sync,1,119.51333424708109,82.45001764961991
sync,1,119.58000916086831,82.2500155494363
sync,1,119.73167167058631,82.2500155494363
sync,1,119.83166706412054,81.33334598828583
sync,1,119.89834197790775,81.38334651333172
sync,1,119.93167377575249,81.31668587796156
sync,1,120.00000113180977,82.400017124574
sync,1,120.03333292965452,82.11667408462286
sync,1,120.05000448762576,82.08333366990122
sync,1,120.13333964128647,81.30000557356418
sync,1,120.14999988115997,81.40000662365598
sync,1,120.20166699734375,81.76669060337467
sync,1,120.28500215100448,81.56668850319107
sync,1,120.33500550682045,81.41668692805337
sync,1,120.36833730466519,81.46668745309927
sync,1,120.44000349955581,81.86669165346648
sync,1,120.45667505752706,81.85001134906909
sync,1,120.59000224890602,80.93334178791861
sync,1,120.70833296077929,80.83334073782682
sync,1,120.74167607672176,80.73333968773501
sync,1,120.84167147025599,81.70000977393138
sync,1,120.85834302822722,81.63334913856123
sync,1,120.99333397997398,81.41668692805337
sync,1,121.02667709591647,81.25000504851828
sync,1,121.04333733578997,81.56668850319107
sync,1,121.11167600994499,82.13333419494712
sync,1,121.12833624981849,82.11667408462286
sync,1,121.24500320132394,82.78334102054383
sync,1,121.27833499916869,82.73334049549793
sync,1,121.33000211535247,82.21667513471466
sync,1,121.36333391319721,82.28333577008482
sync,1,121.46334062482917,82.2500155494363
sync,1,121.54667577848988,83.01666334137596
sync,1,121.56333601836339,82.78334102054383
sync,1,121.58000757633462,82.80002132494121
sync,1,121.6483349323919,83.26666596660546
sync,1,121.68166673023664,81.85001134906909
sync,1,121.73167008605263,81.9500123991609
sync,1,121.84833703755808,81.900011874115
sync,1,121.93333595158661,81.41668692805337
sync,1,121.96666774943135,81.66668955328286
sync,1,122.01667110524733,81.71669007832877
sync,1,122.1350018171206,81.03334283801041
sync,1,122.23500852875256,81.03334283801041
sync,1,122.27000408696509,80.95000189824287
sync,1,122.28667564493634,81.00000242328878
sync,1,122.32000744278108,81.6000087238396
sync,1,122.38667103847055,81.51668797814517
sync,1,122.51000434954496,81.41668692805337
sync,1,122.60667222234358,81.53334808846942
sync,1,122.67333581803305,80.98334231296451
sync,1,122.6900073760043,82.31667618480647
sync,1,122.75667097169378,81.55000819879369
sync,1,122.85834144369353,81.55000819879369
sync,1,122.94167659735426,81.7833305196258
sync,1,122.95833683722776,81.70000977393138
sync,1,123.02500043291724,81.13334388810222
sync,1,123.04167199088847,81.31668587796156
sync,1,123.14334246288824,81.85001134906909
sync,1,123.22666629845122,81.91667198443926
sync,1,123.24333785642246,81.88333156971761
sync,1,123.2600094143937,81.88333156971761
sync,1,123.36166856829573,80.71667957741074
sync,1,123.37834012626696,80.73333968773501
sync,1,123.56333443382971,80.44999664778386
sync,1,123.58000599180095,80.53335778162453
sync,1,123.61333778964568,80.51667747722715
sync,1,123.66334114546166,81.01668272768616
sync,1,123.6983367036742,80.95000189824287
sync,1,123.71500826164545,80.64999874796747
sync,1,123.76500029936369,81.20000452347237
sync,1,123.81500365517967,81.20000452347237
sync,1,123.91667412717943,80.46667695218125
sync,1,123.95000592502417,80.43335673153273
sync,1,124.01666952071365,80.95000189824287
sync,1,124.03334107868488,80.78334021278091
sync,1,124.05000131855839,80.78334021278091
sync,1,124.18500358840289,79.6833488558442
sync,1,124.2683387420636,79.71666907649272
sync,1,124.30167053990834,80.58335830667042
sync,1,124.36833413559783,80.53335778162453
sync,1,124.45333304962635,80.41667642713534
sync,1,124.47000460759759,80.74999979805926
sync,1,124.53666820328706,80.71667957741074
sync,1,124.6883420311028,80.68333916268911
sync,1,124.75666938716009,81.31668587796156
sync,1,124.79000118500484,80.90000137319697
sync,1,124.84166830118862,80.91668167759435
sync,1,124.94167501282058,81.35000609861008
sync,1,124.99334212900436,81.35000609861008
sync,1,125.06000572469384,81.900011874115
sync,1,125.09333752253858,81.7833305196258
sync,1,125.11000908050981,81.76669060337467
sync,1,125.12666932038331,81.900011874115
sync,1,125.14334087835455,81.900011874115
sync,1,125.16000111822805,81.900011874115
sync,1,125.27834314819906,82.61667933508187
sync,1,125.3283351859173,82.01667303453105
sync,1,125.36166698376203,82.36667670985237
sync,1,125.42834189754926,81.83333104467171
sync,1,125.44500213742276,81.40000662365598
sync,1,125.51334081157778,81.45000714870189
sync,1,125.63000776308324,81.43334703837762
sync,1,125.69667135877272,81.23334493819402
sync,1,125.71334291674395,81.25000504851828
sync,1,125.91500878227794,81.98333261980942
sync,1,125.96500081999618,81.6500092488855
sync,1,126.00000769630647,81.70000977393138
sync,1,126.0333394941512,81.71669007832877
sync,1,126.04999973402471,81.31668587796156
sync,1,126.11667464781192,81.55000819879369
sync,1,126.25167691765643,81.68332946953402
sync,1,126.28500871550116,81.55000819879369
sync,1,126.30166895537467,82.01667303453105
sync,1,126.37000762952968,81.7333299945799
sync,1,126.40333942737443,81.86669165346648
sync,1,126.50333482090865,82.81668143526548
sync,1,126.55333817672462,82.45001764961991
sync,1,126.60334153254061,82.48333787026843
sync,1,126.63833709075315,82.400017124574
sync,1,126.65500864872439,82.60001922475762
sync,1,126.70500068644263,82.63333944540614
sync,1,126.7383438023851,82.51667828499006
sync,1,126.77333936059765,82.0500134492527
sync,1,126.82334271641363,82.13333419494712
sync,1,126.84000295628714,82.16667460966876
sync,1,126.94000966791909,81.16668430282385
sync,1,126.95666990779259,81.46668745309927
sync,1,127.02500858194762,81.41668692805337
sync,1,127.05834037979236,81.36668640300746
sync,1,127.12500397548183,82.01667303453105
sync,1,127.15833577332657,81.96669270355828
sync,1,127.19166757117131,81.85001134906909
sync,1,127.29333804317108,81.7333299945799
sync,1,127.39333343670529,82.28333577008482
sync,1,127.47834366883156,82.13333419494712
sync,1,127.5283357065498,82.16667460966876
sync,1,127.62834241818176,82.63333944540614
sync,1,127.84666852358923,83.21666544155957
sync,1,127.94667523522119,84.08335467173727
sync,1,128.06500594709445,84.05001425701562
sync,1,128.13166954278392,83.65001005664841
sync,1,128.14834110075518,83.70001058169431
sync,1,128.16500134062866,83.68335047137005
sync,1,128.20000821693895,82.85002184998712
sync,1,128.26667181262843,82.90002237503302
sync,1,128.30000361047317,82.88334207063563
sync,1,128.40167408247294,81.98333261980942
sync,1,128.41833432234645,82.03333314485532
sync,1,128.5350012738519,82.03333314485532
sync,1,128.6533433038229,80.95000189824287
sync,1,128.73666713938587,80.93334178791861
sync,1,128.89000472756942,80.80000032310517
sync,1,129.00833543944267,80.00001211644387
sync,1,129.02500699741393,80.01667222676814
sync,1,129.04166723728744,79.70000896616847
sync,1,129.0916705931034,79.80001001626027
sync,1,129.10834215107465,80.13335358125731
sync,1,129.1416739489194,79.6333483307983
sync,1,129.19334106510317,79.40000581589305
sync,1,129.2266728629479,79.96667170172223
sync,1,129.29333645863738,79.90001106635206
sync,1,129.34333981445337,80.26667485199764
sync,1,129.44501028645314,80.95000189824287
sync,1,129.54500567998736,80.36667590208944
sync,1,129.61333303604462,79.80001001626027
sync,1,129.64667615198712,79.90001106635206
sync,1,129.68000794983186,80.39999612273796
sync,1,129.73167506601564,80.34999559769206
sync,1,129.74833530588913,80.31667537704354
sync,1,129.78166710373387,79.95001159139797
sync,1,129.83167045954985,79.96667170172223
sync,1,129.8483420175211,80.01667222676814
sync,1,129.88167381536584,79.96667170172223
sync,1,129.89833405523933,79.61666802640093
sync,1,129.93334093154962,80.23335463134912
sync,1,129.9500011714231,79.90001106635206
sync,1,130.21834195074433,80.83334073782682
sync,1,130.26833398846256,81.18334441314812
sync,1,130.30167710440503,80.98334231296451
sync,1,130.45167585375523,80.95000189824287
sync,1,130.55333500765727,81.56668850319107
sync,1,130.63667016131797,82.68333997045204
sync,1,130.70333375700747,82.56667881003597
sync,1,130.75333711282343,81.96669270355828
sync,1,130.788332671036,82.36667670985237
sync,1,130.8716678246967,82.43333734522253
sync,1,130.90499962254145,82.46667775994416
sync,1,131.0066700945412,83.23334574595694
sync,1,131.02334165251244,83.21666544155957
sync,1,131.05667345035718,83.21666544155957
sync,1,131.12333704604666,82.55001869971171
sync,1,131.17334040186265,82.63333944540614
sync,1,131.2916711137359,82.6500197498035
sync,1,131.30834267170715,82.50001817466581
sync,1,131.3416744695519,82.71668038517367
sync,1,131.35833470942538,82.70002027484941
sync,1,131.52500501674683,82.56667881003597
sync,1,131.55833681459157,82.58333892036023
sync,1,131.67666752646483,81.40000662365598
sync,1,131.7266708822808,81.30000557356418
sync,1,131.82666627581503,81.98333261980942
sync,1,131.91167650794128,81.71669007832877
sync,1,132.0633390176593,81.81669112842057
sync,1,132.14667417132,82.61667933508187
sync,1,132.16333441119352,82.60001922475762
sync,1,132.28000136269895,82.73334049549793
sync,1,132.29833668103802,82.3000160744822
sync,1,132.3650002767275,82.56667881003597
sync,1,132.41666739291128,82.68333997045204
sync,1,132.46667074872724,82.85002184998712
sync,1,132.4833423066985,82.63333944540614
sync,1,132.568341220727,82.58333892036023
sync,1,132.61833325844526,83.13334469586515
sync,1,132.66833661426122,83.06666386642186
sync,1,132.68500817223247,83.5000084815107
sync,1,132.75333552828977,83.20002552530842
sync,1,132.82001044207698,83.20002552530842
sync,1,132.83667068195047,82.88334207063563
sync,1,132.90333427763994,83.15002500026252
sync,1,133.00666851000753,83.16666491651367
sync,1,133.09166742403605,82.78334102054383
sync,1,133.10833898200727,82.80002132494121
sync,1,133.141670779852,82.81668143526548
sync,1,133.2083343755415,82.01667303453105
sync,1,133.24167749148398,82.03333314485532
sync,1,133.29333328957003,82.0500134492527
sync,1,133.31000484754125,82.50001817466581
sync,1,133.37666844323076,82.3000160744822
sync,1,133.42667179904672,82.23333524503892
sync,1,133.4783389152305,81.85001134906909
sync,1,133.51167071307523,82.08333366990122
sync,1,133.59500586673596,82.11667408462286
sync,1,133.69500126027017,81.58334861351533
sync,1,133.7633399344252,82.0000129242068
sync,1,133.79667173226994,81.98333261980942
sync,1,133.84667508808593,82.3000160744822
sync,1,133.86333532795942,82.26667565976057
sync,1,133.98000227946488,81.41668692805337
sync,1,133.99667383743613,81.43334703837762
sync,1,134.01333407730962,81.03334283801041
sync,1,134.0650011934934,81.35000609861008
sync,1,134.14833634715413,81.46668745309927
sync,1,134.2149999428436,82.16667460966876
sync,1,134.23167150081485,81.83333104467171
sync,1,134.31667041484337,81.71669007832877
sync,1,134.41667712647532,81.900011874115
sync,1,134.43333736634884,81.91667198443926
sync,1,134.51833628037735,82.3000160744822
sync,1,134.53500783834858,82.28333577008482
sync,1,134.5516680782221,81.9500123991609
sync,1,134.60167143403808,81.96669270355828
sync,1,134.70334190603782,82.45001764961991
sync,1,134.8366690974168,82.50001817466581
sync,1,134.85334065538802,82.2000150243904
sync,1,134.903344011204,82.50001817466581
sync,1,134.9200042510775,82.55001869971171
sync,1,135.01500836350831,82.96666281633006
sync,1,135.03833496295078,83.35000690637301
sync,1,135.10667363710579,83.33334679604874
sync,1,135.22500434897907,83.41666754174317
sync,1,135.2416759069503,83.08334417081925
sync,1,135.27500770479503,83.45000795646482
sync,1,135.29166794466855,83.43334784614055
sync,1,135.37500309832924,83.45000795646482
sync,1,135.476673570329,83.01666334137596
sync,1,135.56167248435753,83.03334364577334
sync,1,135.64500763801826,83.40000743141891
sync,1,135.6633429563573,83.08334417081925
sync,1,135.73000655204677,83.15002500026252
sync,1,135.86500882189128,83.16666491651367
sync,1,135.91500085960953,83.60000953160251
sync,1,135.93167241758076,83.56666911688087
sync,1,136.08333492729878,81.40000662365598
sync,1,136.11666672514352,81.33334598828583
sync,1,136.16667008095948,80.59999822292157
sync,1,136.23333367664895,80.68333916268911
sync,1,136.30167235080398,81.11668377777795
sync,1,136.3850075044647,79.11666277594192
sync,1,136.41833930230945,79.53334728070651
sync,1,136.4516711001542,79.56666750135503
sync,1,136.55334157215395,78.00001130868095
sync,1,136.65333696568817,77.96669108803243
sync,1,136.77000391719363,78.45001603409406
sync,1,136.78667547516486,78.45001603409406
sync,1,136.8883346290669,77.166682687298
sync,1,136.92166642691163,77.166682687298
sync,1,136.93833798488288,75.76666798601278
sync,1,136.98834134069884,77.13334227257637
sync,1,137.00500158057235,77.10000185785472
sync,1,137.02167313854358,77.55000658326783
sync,1,137.0383333784171,76.28335354086917
sync,1,137.05666869675613,76.666677436839
sync,1,137.07334025472738,76.63335721619048
sync,1,137.12500737091116,76.74999818253342
sync,1,137.14166761078465,76.78333859725505
sync,1,137.1583391687559,77.10000185785472
sync,1,137.17501072672712,76.28335354086917
sync,1,137.20834252457186,76.69999765748751
sync,1,137.27500612026137,76.666677436839
sync,1,137.32667323644515,75.50000525045901
sync,1,137.36000503428988,76.18335249077737
sync,1,137.39333683213462,77.46668583757342
sync,1,137.42666862997936,76.48335564105277
sync,1,137.47833574616314,73.98332938875772
sync,1,137.51166754400788,75.55000577550491
sync,1,137.52833910197913,75.53334566518065
sync,1,137.61333801600765,74.23333201398722
sync,1,137.68000161169712,74.23333201398722
sync,1,137.7983436416681,71.8833477249761
sync,1,137.81500388154163,71.8833477249761
sync,1,137.83167543951285,72.83333750677511
sync,1,137.89833903520233,71.98334877506791
sync,1,137.98333794923087,72.49999394177806
sync,1,138.0000095072021,72.44999341673217
sync,1,138.0166697470756,71.78334667488431
sync,1,138.05000154492035,71.83334719993022
sync,1,138.0833333427651,73.11668054672626
sync,1,138.13333669858108,72.20001098557577
sync,1,138.1666684964258,72.18335087525152
sync,1,138.2183356126096,72.98333908191282
sync,1,138.25166741045433,72.76667687140495
sync,1,138.31834232424154,69.13333904152466
sync,1,138.7216740553095,40.98334635177914
sync,1,138.738334295183,40.98334635177914
sync,1,139.28833725486555,0.0
sync,1,158.79333572296105,0.05000052504590113
sync,1,159.70500849593006,71.78334667488431
sync,1,159.94000615930878,80.85000084815107
sync,1,159.97333795715352,79.83335043098191
sync,1,160.01833871376837,79.88335095602781
sync,1,160.09334374749233,79.83335043098191
sync,1,160.11000398736584,79.36666540117142
sync,1,160.12667554533706,80.00001211644387
sync,1,160.14333578521058,79.98335200611962
sync,1,160.1600073431818,80.43335673153273
sync,1,160.17666758305532,79.6833488558442
sync,1,160.2100106989978,79.70000896616847
sync,1,160.2283346992391,79.66666855144682
sync,1,160.2783380550551,78.9833415052016
sync,1,160.2950096130263,80.06667275181404
sync,1,160.32834141087105,80.08335305621141
sync,1,160.48000392058907,77.81668951289473
sync,1,160.5650028346176,77.90001025858915
sync,1,160.68333354649084,77.71668846280292
sync,1,160.75000846027805,79.25002443482848
sync,1,160.76666870015157,79.23334413043109
sync,1,160.8516676141801,77.66668793775702
sync,1,160.8683391721513,77.70000815840554
sync,1,160.90333473036387,77.81668951289473
sync,1,160.97000964415108,76.3666742865636
sync,1,160.9866698840246,77.41668531252752
sync,1,161.1216721538691,77.58334699798948
sync,1,161.17167550968506,77.166682687298
sync,1,161.18833574955858,77.88332995419177
sync,1,161.23833910537454,77.88332995419177
sync,1,161.25667442371358,78.55001708418585
sync,1,161.32333801940308,78.13333257942126
sync,1,161.3400095773743,78.10001235877274
sync,1,161.49333584746012,80.49999717282977
sync,1,161.5433392032761,80.05001264148977
sync,1,161.67833015502285,80.16667380190583
sync,1,161.77833686665483,79.51666697630912
sync,1,161.86333578068334,80.86668115254845
sync,1,161.87999602055683,80.74999979805926
sync,1,161.89833133889587,80.81668062750255
sync,1,161.91501421496486,80.80000032310517
sync,1,161.98167781065433,82.1000139742986
sync,1,162.0166733688669,81.96669270355828
sync,1,162.12501020043558,81.36668640300746
sync,1,162.1416704403091,81.6500092488855
sync,1,162.1583306801826,82.06667355957696
sync,1,162.2100091144641,81.55000819879369
sync,1,162.27667271015358,81.46668745309927
sync,1,162.31166826836613,81.85001134906909
sync,1,162.36167162418212,81.70000977393138
sync,1,162.4283352198716,81.63334913856123
sync,1,162.5633374897161,79.90001106635206
sync,1,162.6649966436181,78.21667351918882
sync,1,162.73168287550308,78.25001393391045
sync,1,162.8500022692786,78.88334045510979
sync,1,162.88499782749113,78.40001550904816
sync,1,162.93500118330712,78.43333572969668
sync,1,163.07000345315163,78.61667771955602
sync,1,163.1366670488411,79.10002285969077
sync,1,163.1533499249101,78.76667929469373
sync,1,163.20500572299613,78.71667876964783
sync,1,163.2550090788121,79.26666435107961
sync,1,163.2883295585591,79.18334360538519
sync,1,163.35666823271413,78.88334045510979
sync,1,163.4400147044726,77.35000448308423
sync,1,163.4733351842196,77.48334594789767
sync,1,163.69168392582256,80.85000084815107
sync,1,163.70834416569605,80.80000032310517
sync,1,163.7599999637821,80.76668010245665
sync,1,163.77668283985108,80.83334073782682
sync,1,163.82666355947157,80.86668115254845
sync,1,163.86000667541404,80.74999979805926
sync,1,163.87666691528756,81.18334441314812
sync,1,163.92834534956907,80.76668010245665
sync,1,163.99500894525855,80.74999979805926
sync,1,164.01166918513204,80.80000032310517
sync,1,164.02832942500555,80.81668062750255
sync,1,164.1283361366375,80.26667485199764
sync,1,164.14499637651102,80.25001474167338
sync,1,164.16333169485006,80.59999822292157
sync,1,164.20668000919483,80.20001421662748
sync,1,164.22334024906831,80.20001421662748
sync,1,164.24000048894183,80.18335410630321
sync,1,164.34168227903933,78.83333993006389
sync,1,164.37833027952192,79.1666633009878
sync,1,164.4450165114069,80.6333386376432
sync,1,164.49667230949294,80.39999612273796
sync,1,164.5799961450559,80.34999559769206
sync,1,164.7149984149004,79.08334255529338
sync,1,164.7316812909694,79.06666225089602
sync,1,164.78166201058988,79.41666592621732
sync,1,164.81500512653238,79.35002548492028
sync,1,164.96666763625038,79.85001054130616
sync,1,165.0516665502789,79.35002548492028
sync,1,165.10166990609488,79.95001159139797
sync,1,165.15167326191084,79.91667117667633
sync,1,165.20167661772683,80.05001264148977
sync,1,165.25333241581288,80.43335673153273
sync,1,165.30333577162887,80.41667642713534
sync,1,165.31999601150235,80.36667590208944
sync,1,165.36999936731834,81.53334808846942
sync,1,165.42167780159986,81.46668745309927
sync,1,165.45499828134686,81.50000767374779
sync,1,165.50500163716285,81.7833305196258
sync,1,165.53834475310532,81.76669060337467
sync,1,165.5550049929788,81.30000557356418
sync,1,165.6050083487948,81.75001029897729
sync,1,165.62166858866829,82.1000139742986
sync,1,165.67334702294983,81.7333299945799
sync,1,165.69000726282331,81.38334651333172
sync,1,165.7233503787658,81.93333209476351
sync,1,165.7566708585128,81.43334703837762
sync,1,165.7733310983863,81.43334703837762
sync,1,165.7900139744553,81.08334336305631
sync,1,165.85833001241483,81.16668430282385
sync,1,165.95833672404677,81.21668482786976
sync,1,165.9749969639203,80.80000032310517
sync,1,166.01001515832832,81.25000504851828
sync,1,166.0433356380753,81.00000242328878
sync,1,166.24500150360927,80.44999664778386
sync,1,166.2616617434828,80.00001211644387
sync,1,166.3400056160401,80.06667275181404
sync,1,166.54167148157407,80.10001316653567
sync,1,166.5583317214476,80.10001316653567
sync,1,166.6600135115451,80.54999769787567
sync,1,166.75999758698157,81.88333156971761
sync,1,166.77668046305055,81.55000819879369
sync,1,166.79334070292404,81.53334808846942
sync,1,166.8266838188665,81.93333209476351
sync,1,166.87833961695256,81.86669165346648
sync,1,166.97834632858454,81.88333156971761
sync,1,167.07833040402102,82.60001922475762
sync,1,167.14666907817602,82.60001922475762
sync,1,167.246675789808,83.00002342512482
sync,1,167.26333602968148,82.98334312072744
sync,1,167.34833494371,83.78335152146185
sync,1,167.36499518358352,83.76667121706447
sync,1,167.56668368531297,83.70001058169431
sync,1,167.618339483399,83.75001110674022
sync,1,167.65168259934148,83.68335047137005
sync,1,167.6850030790885,83.35000690637301
sync,1,167.73500643490448,83.45000795646482
sync,1,167.76834955084695,83.36666701669726
sync,1,167.85334846487547,83.71667069201858
sync,1,167.95333254031195,83.60000953160251
sync,1,167.97001541638093,83.00002342512482
sync,1,168.03833145434047,83.05002395017073
sync,1,168.27334043581695,82.98334312072744
sync,1,168.57501301298288,83.13334469586515
sync,1,168.9633369464474,80.96668220264026
sync,1,168.9799971863209,81.01668272768616
sync,1,168.99668006238988,81.6000087238396
sync,1,169.06334365807936,81.53334808846942
sync,1,169.19834592792387,81.35000609861008
sync,1,169.31501287942933,81.01668272768616
sync,1,169.53501406330236,80.49999717282977
sync,1,169.58501741911832,79.81667012658453
sync,1,169.61833789886532,79.86667065163043
sync,1,169.63667321720436,79.88335095602781
sync,1,169.73667992883634,80.59999822292157
sync,1,169.82167884286486,80.61667852731894
sync,1,169.92166291830134,81.00000242328878
sync,1,170.0733480642148,81.21668482786976
sync,1,170.1566718997778,80.90000137319697
sync,1,170.17333213965128,80.91668167759435
sync,1,170.2416708138063,81.05000294833468
sync,1,170.25833105367983,80.59999822292157
sync,1,170.3249946493693,80.61667852731894
sync,1,170.54166831250672,80.96668220264026
sync,1,170.5583285523802,80.98334231296451
sync,1,170.64167502413866,81.80001082402319
sync,1,170.65833526401218,81.7333299945799
sync,1,170.67667058235122,81.68332946953402
sync,1,170.6933308222247,81.7333299945799
sync,1,170.77667729398317,82.21667513471466
sync,1,170.84334088967265,82.1000139742986
sync,1,170.91000448536212,82.400017124574
sync,1,170.92833980370116,82.38333682017662
sync,1,170.94500004357468,82.3500165995281
sync,1,171.02834651533314,82.85002184998712
sync,1,171.09666255329267,82.76668091021958
sync,1,171.19666926492465,83.15002500026252
sync,1,171.23001238086712,83.15002500026252
sync,1,171.24834769920616,83.48334837118645
sync,1,171.31501129489564,83.20002552530842
sync,1,171.41499537033212,83.26666596660546
sync,1,171.51500208196407,82.70002027484941
sync,1,171.61668387206157,82.61667933508187
sync,1,171.7350032658371,81.76669060337467
sync,1,171.8533452958081,81.83333104467171
sync,1,171.9200088914976,81.83333104467171
sync,1,172.00333272706055,81.28334546323993
sync,1,172.02001560312954,81.30000557356418
sync,1,172.13833499690506,81.43334703837762
sync,1,172.25500194841052,81.41668692805337
sync,1,172.288345064353,82.18333471999303
sync,1,172.34000086243904,81.61668902823696
sync,1,172.40833953659407,81.61668902823696
sync,1,172.42499977646756,81.33334598828583
sync,1,172.44168265253654,81.7833305196258
sync,1,172.47500313228355,81.75001029897729
sync,1,172.55667452557645,81.75001029897729
sync,1,172.60667788139244,81.80001082402319
sync,1,172.62333812126596,81.56668850319107
sync,1,172.67501655554747,81.86669165346648
sync,1,172.69167679542096,81.900011874115
sync,1,172.70833703529448,81.6000087238396
sync,1,172.75834039111044,82.16667460966876
sync,1,172.85999954501247,82.11667408462286
sync,1,173.02834493079945,81.900011874115
sync,1,173.06166541054645,81.43334703837762
sync,1,173.11166876636244,81.45000714870189
sync,1,173.31333463189642,81.21668482786976
sync,1,173.3799982275859,81.81669112842057
sync,1,173.39668110365488,81.50000767374779
sync,1,173.43000158340186,81.43334703837762
sync,1,173.4983402575569,81.7833305196258
sync,1,173.5150004974304,81.46668745309927
sync,1,173.68334588321738,81.75001029897729
sync,1,173.70000612309087,81.28334546323993
sync,1,173.76666971878035,81.53334808846942
sync,1,173.8016652769929,81.46668745309927
sync,1,173.91833222849837,80.34999559769206
sync,1,173.93501510456733,80.30001526671929
sync,1,173.96833558431433,80.93334178791861
sync,1,174.03667425846936,80.76668010245665
sync,1,174.05333449834285,80.90000137319697
sync,1,174.11999809403235,80.80000032310517
sync,1,174.15334120997483,80.86668115254845
sync,1,174.18666168972183,80.80000032310517
sync,1,174.2366650455378,80.43335673153273
sync,1,174.27168323994582,80.53335778162453
sync,1,174.28834347981933,80.58335830667042
sync,1,174.30500371969282,79.18334360538519
sync,1,174.3716673153823,79.20002390978257
sync,1,174.38835019145128,79.20002390978257
sync,1,174.45501378714076,79.6333483307983
sync,1,174.47167402701427,79.3833457055688
sync,1,174.5066695852268,79.35002548492028
sync,1,174.5566729410428,79.76666960153862
sync,1,174.59499601999093,79.7333493808901
sync,1,174.62333653673227,79.75000949121437
sync,1,174.67333989254826,79.4333462306147
sync,1,174.70668300849073,79.50000686598486
sync,1,174.80834216239273,80.06667275181404
sync,1,174.82500240226625,79.81667012658453
sync,1,174.84166264213974,80.25001474167338
sync,1,174.85834551820872,80.25001474167338
sync,1,174.9083488740247,80.73333968773501
sync,1,174.9250091138982,80.71667957741074
sync,1,174.96000467211076,81.06668325273206
sync,1,175.01000802792672,81.01668272768616
sync,1,175.04332850767372,81.01668272768616
sync,1,175.0933318634897,81.70000977393138
sync,1,175.14501029777122,81.38334651333172
sync,1,175.16167053764474,81.38334651333172
sync,1,175.2616772492767,80.6333386376432
sync,1,175.2949977290237,80.44999664778386
sync,1,175.31168060509268,80.39999612273796
sync,1,175.3466761633052,81.83333104467171
sync,1,175.3966795191212,81.38334651333172
sync,1,175.63166586440218,81.28334546323993
sync,1,175.68166922021814,81.50000767374779
sync,1,175.7166647784307,81.38334651333172
sync,1,175.80001125018916,81.41668692805337
sync,1,175.81667149006265,80.95000189824287
sync,1,175.88501016421768,81.16668430282385
sync,1,175.96833399978067,81.00000242328878
sync,1,176.00167711572314,81.03334283801041
sync,1,176.10333626962515,80.91668167759435
sync,1,176.11999650949866,80.98334231296451
sync,1,176.13667938556765,81.01668272768616
sync,1,176.15333962544113,80.95000189824287
sync,1,176.16999986531465,80.59999822292157
sync,1,176.1866827413836,81.05000294833468
sync,1,176.2200032211306,80.88334126287272
sync,1,176.33834525110163,81.7333299945799
sync,1,176.35500549097512,81.70000977393138
sync,1,176.3883486069176,81.80001082402319
sync,1,176.4383293265381,82.13333419494712
sync,1,176.47167244248058,81.900011874115
sync,1,176.49000776081962,81.85001134906909
sync,1,176.5066680006931,82.1500144993445
sync,1,176.5566713565091,81.71669007832877
sync,1,176.6783409072157,81.81669112842057
sync,1,176.82500081773256,82.06667355957696
sync,1,176.84168369380154,82.53333839531433
sync,1,176.85834393367503,82.0500134492527
sync,1,176.90834728949102,82.18333471999303
sync,1,177.07834511754805,82.56667881003597
sync,1,177.14500871323756,82.56667881003597
sync,1,177.261675664743,83.51666859183497
sync,1,177.28001098308204,83.5500090065566
sync,1,177.31333146282904,83.18334522091105
sync,1,177.36333481864503,83.25002605035432
sync,1,177.531680204432,83.41666754174317
sync,1,177.5483404443055,83.90001268187793
sync,1,177.615004039995,83.68335047137005
sync,1,177.733346069966,83.65001005664841
sync,1,177.83500522386802,83.51666859183497
sync,1,177.8516654637415,83.5000084815107
sync,1,177.8683483398105,83.98335362164546
sync,1,177.93501193549997,83.80001163178612
sync,1,178.20334139672343,83.48334837118645
sync,1,178.28834031075195,83.43334784614055
sync,1,178.32168342669445,83.85001215683202
sync,1,178.35500390644142,83.81667174211037
sync,1,178.4716708579469,82.33333629513072
sync,1,178.49000617628593,82.6500197498035
sync,1,178.54000953210192,82.2000150243904
sync,1,178.5900128879179,82.21667513471466
sync,1,178.6066731277914,82.3500165995281
sync,1,178.65832892587744,82.21667513471466
sync,1,178.79000367498634,82.23333524503892
sync,1,178.9066706264918,82.23333524503892
sync,1,178.95667398230776,81.86669165346648
sync,1,178.99166954052032,81.9500123991609
sync,1,179.09167625215227,81.9500123991609
sync,1,179.1600149263073,81.96669270355828
sync,1,179.27668187781276,81.08334336305631
sync,1,179.3449979157723,81.08334336305631
sync,1,179.37834103171477,80.98334231296451
sync,1,179.49500798322023,82.33333629513072
sync,1,179.54666378130628,82.28333577008482
sync,1,179.64667049293826,82.71668038517367
sync,1,179.81501587872523,82.76668091021958
sync,1,179.84833635847224,81.93333209476351
sync,1,179.91667503262724,81.9500123991609
sync,1,179.96667838844323,82.11667408462286
sync,1,179.98333862831672,81.85001134906909
sync,1,180.1683442539772,81.6000087238396
sync,1,180.28501120548268,82.45001764961991
sync,1,180.43667371520067,82.56667881003597
sync,1,180.5216726292292,82.21667513471466
sync,1,180.55501574517166,82.3500165995281
sync,1,180.69167045728622,82.31667618480647
sync,1,180.70833069715974,82.43333734522253
sync,1,180.72501357322872,82.01667303453105
sync,1,180.82667272713073,81.86669165346648
sync,1,180.94001215790058,82.45001764961991
sync,1,180.99166795598663,82.41667723489827
sync,1,181.0916746676186,82.71668038517367
sync,1,181.1083349074921,82.73334049549793
sync,1,181.2100166975896,83.08334417081925
sync,1,181.3783394471811,82.88334207063563
sync,1,181.46166328274407,82.2500155494363
sync,1,181.49500639868657,82.36667670985237
sync,1,181.56166999437605,82.68333997045204
sync,1,181.5800053127151,82.6500197498035
sync,1,181.76333585991003,83.23334574595694
sync,1,182.05000063947253,83.85001215683202
sync,1,182.0666835155415,83.80001163178612
sync,1,182.20166314919052,83.81667174211037
sync,1,182.318330100696,83.01666334137596
sync,1,182.4033290147245,83.5000084815107
sync,1,182.4200118907935,83.01666334137596
sync,1,182.48667548648297,83.38334732109465
sync,1,182.55333908217244,83.26666596660546
sync,1,182.65499823607448,82.80002132494121
sync,1,182.67168111214346,82.81668143526548
sync,1,182.75500494770642,82.48333787026843
sync,1,182.7716651875799,82.50001817466581
sync,1,182.82334362186145,82.48333787026843
sync,1,182.90666745742442,82.1000139742986
sync,1,182.92833029649907,82.1000139742986
sync,1,183.0166793674587,81.45000714870189
sync,1,183.04999984720567,81.50000767374779
sync,1,183.21834523299268,80.56667800227305
sync,1,183.23500547286616,80.90000137319697
sync,1,183.28500882868215,81.26668535291566
sync,1,183.32000438689468,81.20000452347237
sync,1,183.42001109852666,81.20000452347237
sync,1,183.50333493408962,81.75001029897729
sync,1,183.60501672418712,80.80000032310517
sync,1,183.68834055975012,80.86668115254845
sync,1,183.75667923390512,81.20000452347237
sync,1,183.77333947377863,81.18334441314812
sync,1,183.8066825897211,81.18334441314812
sync,1,183.8233428295946,80.83334073782682
sync,1,183.8900064252841,81.15000399842648
sync,1,183.94166222337012,81.20000452347237
sync,1,184.02500869512858,81.96669270355828
sync,1,184.05832917487558,81.93333209476351
sync,1,184.07501205094457,82.03333314485532
sync,1,184.09167229081808,81.55000819879369
sync,1,184.16001096497308,81.61668902823696
sync,1,184.1933314447201,81.88333156971761
sync,1,184.21001432078907,81.46668745309927
sync,1,184.22667456066256,81.48334756342352
sync,1,184.26001767660506,81.31668587796156
sync,1,184.29333815635206,81.38334651333172
sync,1,184.32668127229454,81.50000767374779
sync,1,184.34334151216802,81.16668430282385
sync,1,184.41168018632305,81.26668535291566
sync,1,184.44500066607006,80.91668167759435
sync,1,184.49500402188602,80.93334178791861
sync,1,184.51166426175953,80.93334178791861
sync,1,184.61167097339148,82.36667670985237
sync,1,184.7300130033625,82.26667565976057
sync,1,184.81333683892547,81.93333209476351
sync,1,184.82999707879898,82.26667565976057
sync,1,184.88000043461494,82.16667460966876
sync,1,184.98168222471244,81.20000452347237
sync,1,185.01500270445945,81.15000399842648
sync,1,185.0899964200857,80.38335620648682
sync,1,185.12333953602817,80.48335725657863
sync,1,185.1583350942407,80.41667642713534
sync,1,185.27500204574616,81.36668640300746
sync,1,185.34166564143564,81.38334651333172
sync,1,185.44334743153314,82.06667355957696
sync,1,185.64501329706712,82.03333314485532
sync,1,185.7950007283196,82.400017124574
sync,1,185.81168360438858,82.38333682017662
sync,1,185.86166432400907,82.23333524503892
sync,1,185.8799996423481,82.38333682017662
sync,1,185.8966825184171,82.41667723489827
sync,1,185.99666659385358,83.33334679604874
sync,1,186.06333018954305,83.33334679604874
sync,1,186.23167557533003,83.96667331724808
sync,1,186.24833581520355,83.91667279220218
sync,1,186.3483425268355,83.20002552530842
sync,1,186.433341440864,83.18334522091105
sync,1,186.66835042234047,81.96669270355828
sync,1,186.73501401802994,81.93333209476351
sync,1,186.81833785359294,81.30000557356418
sync,1,186.83499809346642,81.45000714870189
sync,1,186.8850014492824,81.48334756342352
sync,1,186.95334012343744,81.15000399842648
sync,1,186.97000036331093,81.18334441314812
sync,1,187.0366639590004,81.25000504851828
sync,1,187.0533468350694,81.70000977393138
sync,1,187.12501302996003,81.66668955328286
sync,1,187.26001529980454,81.7833305196258
sync,1,187.35999937524102,82.55001869971171
sync,1,187.4950016450855,82.68333997045204
sync,1,187.51168452115448,82.38333682017662
sync,1,187.561665240775,82.76668091021958
sync,1,187.680007270746,83.65001005664841
sync,1,187.71335038668846,83.61666964192678
sync,1,187.73001062656198,83.28334627100284
sync,1,187.78001398237794,83.80001163178612
sync,1,187.89833337615346,83.83335204650776
sync,1,187.93167649209596,84.15001530710742
sync,1,187.96499697184294,83.78335152146185
sync,1,188.01500032765892,83.75001110674022
sync,1,188.09834679941739,83.30000638132711
sync,1,188.1150070392909,83.35000690637301
sync,1,188.2333490692619,83.43334784614055
sync,1,188.33333314469837,83.10002447521663
sync,1,188.39999674038785,83.06666386642186
sync,1,188.50167853048535,82.73334049549793
sync,1,188.53499901023235,83.01666334137596
sync,1,188.58500236604834,82.96666281633006
sync,1,188.60166260592183,82.90002237503302
sync,1,188.68668415614584,82.01667303453105
sync,1,188.70334439601933,82.06667355957696
sync,1,188.90333518308776,82.41667723489827
sync,1,188.93833074130032,82.400017124574
sync,1,188.9883340971163,82.81668143526548
sync,1,189.03833745293227,82.75002079989531
sync,1,189.0900158872138,82.60001922475762
sync,1,189.1066761270873,83.01666334137596
sync,1,189.18334492117907,82.98334312072744
sync,1,189.25666355833977,83.00002342512482
sync,1,189.34166247236828,83.33334679604874
sync,1,189.42500894412674,83.40000743141891
sync,1,189.44166918400023,83.71667069201858
sync,1,189.47501229994273,83.15002500026252
sync,1,189.56001121397125,82.60001922475762
sync,1,189.57667145384474,82.61667933508187
sync,1,189.6766781654767,82.68333997045204
sync,1,189.72833396356273,83.08334417081925
sync,1,189.76167707950523,83.05002395017073
sync,1,189.8450009150682,83.30000638132711
sync,1,189.87834403101067,83.33334679604874
sync,1,189.8966793493497,83.28334627100284
sync,1,189.9966634247862,82.95002290007892
sync,1,190.08000989654465,83.00002342512482
sync,1,190.14667349223416,83.11666439146776
sync,1,190.18001660817663,83.05002395017073
sync,1,190.4316631933311,83.05002395017073
sync,1,190.4483460694001,82.1000139742986
sync,1,190.50000186748613,83.05002395017073
sync,1,190.6166688189916,83.25002605035432
sync,1,190.6333290588651,83.23334574595694
sync,1,190.70001529075006,83.70001058169431
sync,1,190.71667553062355,83.68335047137005
sync,1,190.81833468452558,83.65001005664841
sync,1,190.88499828021506,83.36666701669726
sync,1,190.90168115628404,83.43334784614055
sync,1,190.98668007031256,83.80001163178612
sync,1,191.02000055005956,83.78335152146185
sync,1,191.07000390587552,84.10001478206152
sync,1,191.10334702181802,84.06667436733989
sync,1,191.15335037763398,83.66667016697268
sync,1,191.1700106175075,83.70001058169431
sync,1,191.2616645730072,83.36666701669726
sync,1,191.45835047553552,83.23334574595694
sync,1,191.50833119515605,84.16667541743169
sync,1,191.54167431109852,83.91667279220218
sync,1,191.6933368208165,83.88335257155366
sync,1,191.77668329257497,83.25002605035432
sync,1,191.7933435324485,83.28334627100284
sync,1,192.07833323354544,83.40000743141891
sync,1,192.1449968292349,83.43334784614055
sync,1,192.2466786193324,84.08335467173727
sync,1,192.3133422150219,83.61666964192678
sync,1,192.3300024548954,83.63334994632416
sync,1,192.36334557083788,83.65001005664841
sync,1,192.44666940640087,83.23334574595694
sync,1,192.5316683204294,83.38334732109465
sync,1,192.54832856030288,83.56666911688087
sync,1,192.56501143637186,83.16666491651367
sync,1,192.61501479218785,82.3500165995281
sync,1,192.68167838787733,82.400017124574
sync,1,192.69833862775081,82.36667670985237
sync,1,192.7816624633138,82.98334312072744
sync,1,192.79999778165285,82.96666281633006
sync,1,192.96666808897427,83.01666334137596
sync,1,193.01667144479026,82.41667723489827
sync,1,193.08333504047974,82.46667775994416
sync,1,193.13501347476125,82.31667618480647
sync,1,193.16833395450826,82.400017124574
sync,1,193.25168042626672,82.36667670985237
sync,1,193.26834066614023,82.81668143526548
sync,1,193.3350042618297,82.58333892036023
sync,1,193.44166601493288,82.58333892036023
sync,1,193.54334780503038,82.56667881003597
sync,1,193.56000804490387,82.48333787026843
sync,1,193.67667499640933,83.65001005664841
sync,1,193.72667835222532,83.68335047137005
sync,1,193.87834086194331,82.46667775994416
sync,1,193.9450044576328,82.45001764961991
sync,1,193.9616646975063,82.48333787026843
sync,1,193.97834757357526,82.50001817466581
sync,1,194.11334984341977,83.28334627100284
sync,1,194.18001343910925,83.28334627100284
sync,1,194.28167259301128,82.63333944540614
sync,1,194.29833283288477,82.6500197498035
sync,1,194.39833954451674,83.36666701669726
sync,1,194.41499978439023,83.31666649165136
sync,1,194.43333510272927,83.30000638132711
sync,1,194.48333845854526,82.91668248535727
sync,1,194.51668157448773,82.93334259568154
sync,1,194.75166791976872,83.01666334137596
sync,1,194.85167463140067,83.85001215683202
sync,1,194.90167798721666,83.95001320692383
sync,1,195.01999738099218,82.96666281633006
sync,1,195.18834276677916,82.88334207063563
sync,1,195.23834612259515,83.18334522091105
sync,1,195.25500636246863,82.88334207063563
sync,1,195.27166660234215,82.70002027484941
sync,1,195.28834947841113,83.01666334137596
sync,1,195.3216699581581,82.98334312072744
sync,1,195.45999974873823,82.76668091021958
sync,1,195.5433462204967,82.41667723489827
sync,1,195.5766667002437,82.43333734522253
sync,1,195.7116689700882,82.41667723489827
sync,1,195.76167232590416,82.0500134492527
sync,1,195.79501544184666,82.2000150243904
sync,1,195.8633314798062,82.2000150243904
sync,1,195.93001771169116,81.85001134906909
sync,1,195.94667795156465,82.2000150243904
sync,1,195.99668130738064,81.80001082402319
sync,1,196.01334154725413,82.0500134492527
sync,1,196.03000178712765,82.0500134492527
sync,1,196.09666538281712,82.400017124574
sync,1,196.1133482588861,82.38333682017662
sync,1,196.16500405697212,82.26667565976057
sync,1,196.2650107686041,81.36668640300746
sync,1,196.36501748023605,81.96669270355828
sync,1,196.41499819985654,81.66668955328286
sync,1,196.45001639426457,81.900011874115
sync,1,196.46667663413808,81.900011874115
sync,1,196.56668334577003,82.68333997045204
sync,1,196.71834585548802,82.76668091021958
sync,1,196.75166633523503,83.11666439146776
sync,1,196.78500945117753,82.98334312072744
sync,1,196.8350128069935,82.45001764961991
sync,1,196.8683332867405,82.48333787026843
sync,1,196.88501616280948,82.78334102054383
sync,1,196.93667196089552,82.2500155494363
sync,1,196.970015076838,82.28333577008482
sync,1,197.0199957964585,82.70002027484941
sync,1,197.053338912401,82.66667986012777
sync,1,197.154998066303,82.1000139742986
sync,1,197.17168094237198,82.08333366990122
sync,1,197.27166501780846,83.00002342512482
sync,1,197.28834789387744,82.86668196031138
sync,1,197.37334680790596,82.80002132494121
sync,1,197.42335016372195,83.13334469586515
sync,1,197.44001040359544,83.11666439146776
sync,1,197.5400171152274,82.66667986012777
sync,1,197.5733375949744,82.63333944540614
sync,1,197.65833650900294,81.66668955328286
sync,1,197.67499674887642,81.7833305196258
sync,1,197.77500346050837,81.7333299945799
sync,1,197.86000237453692,82.38333682017662
sync,1,197.8933454904794,81.98333261980942
sync,1,197.9266659702264,82.0000129242068
sync,1,197.96000908616887,82.51667828499006
sync,1,198.01001244198486,82.46667775994416
sync,1,198.02667268185834,82.46667775994416
sync,1,198.04500800019738,82.18333471999303
sync,1,198.09501135601337,82.51667828499006
sync,1,198.32999770129436,83.05002395017073
sync,1,198.4300044129263,82.55001869971171
sync,1,198.46499997113884,82.58333892036023
sync,1,198.5483464428973,83.00002342512482
sync,1,198.56500668277081,82.96666281633006
sync,1,198.5816669226443,82.98334312072744
sync,1,198.66501339440276,83.46666806678907
sync,1,198.68167363427628,83.46666806678907
sync,1,198.70000895261532,83.18334522091105
sync,1,198.7666725483048,83.20002552530842
sync,1,198.88333949981026,83.20002552530842
sync,1,198.95167817396526,83.61666964192678
sync,1,198.96833841383878,83.60000953160251
sync,1,199.20334739531523,83.85001215683202
sync,1,199.3366745866942,83.80001163178612
sync,1,199.40501326084922,84.2166759424776
sync,1,199.4216735007227,84.13335519678317
sync,1,199.52168021235468,83.73335099641595
sync,1,199.65833492446924,83.73335099641595
sync,1,199.7583416361012,84.36667751761529
sync,1,199.8766836660722,84.38335782201267
sync,1,199.97834281997422,83.63334994632416
sync,1,200.1116700113532,83.60000953160251
sync,1,200.17833360704267,82.98334312072744
sync,1,200.37999947257666,82.08333366990122
sync,1,200.41334258851913,82.16667460966876
sync,1,200.44666306826613,82.2500155494363
sync,1,200.46334594433512,82.55001869971171
sync,1,200.51500174242113,82.2000150243904
sync,1,200.6816720497426,82.28333577008482
sync,1,200.76501852150105,82.400017124574
sync,1,200.78167876137454,81.9500123991609
sync,1,200.85001743552957,82.0000129242068
sync,1,200.88333791527657,82.0000129242068
sync,1,200.98334462690852,82.73334049549793
sync,1,201.00000486678204,82.71668038517367
sync,1,201.168350252569,82.53333839531433
sync,1,201.28666964634454,83.76667121706447
sync,1,201.5050183879475,83.51666859183497
sync,1,201.5383388676945,83.80001163178612
sync,1,201.58834222351047,83.66667016697268
sync,1,201.72334449335497,83.53334889623235
sync,1,201.80666832891797,83.28334627100284
sync,1,201.90835011901547,82.3500165995281
sync,1,202.04167731039442,82.3000160744822
sync,1,202.0583375502679,82.31667618480647
sync,1,202.12667622442294,81.88333156971761
sync,1,202.14333646429642,82.11667408462286
sync,1,202.15999670416994,82.1000139742986
sync,1,202.17667958023893,82.18333471999303
sync,1,202.2600034158019,81.76669060337467
sync,1,202.2766636556754,81.80001082402319
sync,1,202.34334988756035,81.88333156971761
sync,1,202.46166928133587,80.91668167759435
sync,1,202.4783295212094,80.93334178791861
sync,1,202.56167599296785,80.18335410630321
sync,1,202.57833623284134,80.20001421662748
sync,1,202.59667155118038,80.23335463134912
sync,1,202.64667490699637,79.88335095602781
sync,1,202.68001802293884,79.95001159139797
sync,1,202.72999874255933,79.96667170172223
sync,1,202.74668161862832,80.01667222676814
sync,1,202.7966849744443,80.18335410630321
sync,1,202.91500436821983,81.48334756342352
sync,1,203.06666687793782,81.45000714870189
sync,1,203.1166702337538,81.85001134906909
sync,1,203.15001334969628,81.6500092488855
sync,1,203.18333382944328,81.28334546323993
sync,1,203.21667694538576,81.6500092488855
sync,1,203.26668030120175,81.75001029897729
sync,1,203.30000078094875,80.90000137319697
sync,1,203.35167921523026,80.93334178791861
sync,1,203.43500305079326,81.36668640300746
sync,1,203.48500640660922,81.40000662365598
sync,1,203.5516700022987,80.93334178791861
sync,1,203.5683302421722,81.33334598828583
sync,1,203.60167335811468,81.30000557356418
sync,1,203.63666891632724,81.63334913856123
sync,1,203.6700120322697,81.25000504851828
sync,1,203.82334962045326,81.11668377777795
sync,1,204.00833260991826,81.10000347338058
sync,1,204.05833596573424,80.59999822292157
sync,1,204.09167908167672,80.61667852731894
sync,1,204.26000183126823,80.68333916268911
sync,1,204.2933449472107,80.34999559769206
sync,1,204.3100051870842,80.73333968773501
sync,1,204.3266654269577,81.15000399842648
sync,1,204.39335165884265,81.13334388810222
sync,1,204.41001189871616,81.15000399842648
sync,1,204.52833129249169,82.61667933508187
sync,1,204.54501416856067,82.58333892036023
sync,1,204.62833800412363,82.60001922475762
sync,1,204.64667332246268,82.41667723489827
sync,1,204.68001643840515,82.75002079989531
sync,1,204.71333691815215,82.76668091021958
sync,1,204.81499607205419,81.9500123991609
sync,1,204.93166302355965,82.0000129242068
sync,1,204.9483458996286,81.91667198443926
sync,1,205.01668457378364,81.85001134906909
sync,1,205.06666529340413,82.38333682017662
sync,1,205.10000840934663,82.3500165995281
sync,1,205.1333515252891,82.31667618480647
sync,1,205.16834708350163,82.43333734522253
sync,1,205.18500732337515,82.41667723489827
sync,1,205.3016742748806,83.15002500026252
sync,1,205.35167763069657,83.18334522091105
sync,1,205.38667318890913,83.11666439146776
sync,1,205.4200163048516,83.10002447521663
sync,1,205.5033401404146,82.6500197498035
sync,1,205.52000038028808,82.66667986012777
sync,1,205.6383424102591,82.68333997045204
sync,1,205.6550026501326,82.85002184998712
sync,1,205.67166289000608,82.43333734522253
sync,1,205.68834576607506,82.46667775994416
sync,1,205.72166624582206,82.45001764961991
sync,1,205.73834912189105,82.86668196031138
sync,1,205.78832984151154,82.45001764961991
sync,1,205.80501271758052,82.46667775994416
sync,1,205.821672957454,82.91668248535727
sync,1,205.8916640738791,82.85002184998712
sync,1,205.99167078551108,82.60001922475762
sync,1,206.07501725726954,82.3000160744822
sync,1,206.16001617129805,82.2500155494363
sync,1,206.41166275645253,81.88333156971761
sync,1,206.445005872395,81.40000662365598
sync,1,206.495009228211,81.70000977393138
sync,1,206.5800081422395,81.63334913856123
sync,1,206.64667173792898,81.30000557356418
sync,1,206.6633319778025,81.43334703837762
sync,1,206.68001485387148,81.48334756342352
sync,1,206.77999892930796,82.01667303453105
sync,1,206.98166479484195,82.0500134492527
sync,1,207.0816715064739,82.6500197498035
sync,1,207.18333066037593,82.70002027484941
sync,1,207.20001353644489,82.26667565976057
sync,1,207.2666771321344,82.36667670985237
sync,1,207.36668384376634,82.43333734522253
sync,1,207.51834635348433,83.20002552530842
sync,1,207.53500659335785,82.91668248535727
sync,1,207.5850099491738,82.95002290007892
sync,1,207.62000550738637,83.25002605035432
sync,1,207.67000886320233,83.16666491651367
sync,1,207.73667245889183,83.10002447521663
sync,1,207.7866758147078,83.41666754174317
sync,1,207.8199962944548,83.33334679604874
sync,1,207.88833496860983,83.40000743141891
sync,1,208.01000451931642,82.3000160744822
sync,1,208.02666475918994,82.3000160744822
sync,1,208.14333171069538,81.41668692805337
sync,1,208.21001794258035,81.36668640300746
sync,1,208.22667818245384,81.76669060337467
sync,1,208.29501685660887,81.70000977393138
sync,1,208.3633328945684,81.66668955328286
sync,1,208.38001577063739,81.7833305196258
sync,1,208.53000320188985,81.75001029897729
sync,1,208.5483385202289,81.28334546323993
sync,1,208.61500211591837,81.51668797814517
sync,1,208.69834858767683,81.50000767374779
sync,1,208.81666798145235,81.30000557356418
sync,1,208.9166746930843,80.59999822292157
sync,1,209.0516769629288,82.03333314485532
sync,1,209.1016803187448,81.98333261980942
sync,1,209.11834055861829,81.61668902823696
sync,1,209.1350007984918,82.03333314485532
sync,1,209.16999635670433,82.0000129242068
sync,1,209.21999971252032,82.01667303453105
sync,1,209.2366825885893,82.06667355957696
sync,1,209.45500869399677,82.11667408462286
sync,1,209.53833252955977,81.61668902823696
sync,1,209.57167564550224,82.13333419494712
sync,1,209.62167900131823,82.08333366990122
sync,1,209.75668127116273,82.08333366990122
sync,1,209.7900017509097,81.70000977393138
sync,1,209.8233448668522,81.88333156971761
sync,1,209.90666870241517,82.56667881003597
sync,1,209.92335157848416,82.50001817466581
sync,1,209.95834713669672,82.56667881003597
sync,1,210.01000293478273,82.21667513471466
sync,1,210.04334605072523,82.23333524503892
sync,1,210.0933494065412,82.23333524503892
sync,1,210.1100096464147,82.3000160744822
sync,1,210.12834496475375,82.3000160744822
sync,1,210.14500520462724,82.66667986012777
sync,1,210.21166880031672,82.61667933508187
sync,1,210.2783323960062,82.60001922475762
sync,1,210.36333131003474,82.01667303453105
sync,1,210.3800141861037,82.03333314485532
sync,1,210.4633380216667,81.6500092488855
sync,1,210.47999826154017,81.68332946953402
sync,1,210.56334473329863,82.1500144993445
sync,1,210.58000497317215,82.1500144993445
sync,1,210.5983402915112,81.86669165346648
sync,1,210.66500388720067,81.98333261980942
sync,1,210.85000951286116,82.06667355957696
sync,1,210.91667310855064,81.45000714870189
sync,1,210.9500162244931,81.55000819879369
sync,1,211.11833897408462,81.51668797814517
sync,1,211.21999812798663,81.68332946953402
sync,1,211.2366810040556,81.33334598828583
sync,1,211.2866843598716,81.41668692805337
sync,1,211.37000819543456,81.93333209476351
sync,1,211.38666843530808,81.900011874115
sync,1,211.55501382109506,82.3500165995281
sync,1,211.58833430084206,81.80001082402319
sync,1,211.63833765665802,81.96669270355828
sync,1,211.69001609093957,81.93333209476351
sync,1,211.79000016637605,80.80000032310517
sync,1,211.890006878008,81.50000767374779
sync,1,211.9416853122895,81.53334808846942
sync,1,211.99166603191003,80.71667957741074
sync,1,212.0250091478525,81.20000452347237
sync,1,212.1433511778235,81.20000452347237
sync,1,212.24333525325997,81.18334441314812
sync,1,212.3283341672885,81.48334756342352
sync,1,212.361677283231,81.51668797814517
sync,1,212.44500111879395,81.13334388810222
sync,1,212.4799966770065,81.21668482786976
sync,1,212.58000338863846,80.64999874796747
sync,1,212.59666362851198,81.13334388810222
sync,1,212.64666698432794,80.58335830667042
sync,1,212.7133305800174,80.48335725657863
sync,1,212.78166925417244,81.56668850319107
sync,1,212.83167260998843,81.50000767374779
sync,1,212.84833284986192,81.50000767374779
sync,1,212.8650157259309,81.86669165346648
sync,1,212.91667152401695,81.53334808846942
sync,1,212.95001463995942,81.41668692805337
sync,1,212.96667487983294,81.06668325273206
sync,1,213.0000179957754,81.88333156971761
sync,1,213.05167379386145,81.9500123991609
sync,1,213.1516805054934,79.85001054130616
sync,1,213.18667606370596,79.88335095602781
sync,1,213.20333630357945,79.783349905936
sync,1,213.37168168936643,79.26666435107961
sync,1,213.4383452850559,79.61666802640093
sync,1,213.45500552492942,79.60000791607666
sync,1,213.4883486408719,79.55000739103076
sync,1,213.53835199668788,80.06667275181404
sync,1,213.5733475549004,79.71666907649272
sync,1,213.6066680346474,79.783349905936
sync,1,213.69001450640587,80.49999717282977
sync,1,213.72333498615288,80.44999664778386
sync,1,213.89168037193986,80.66667905236484
sync,1,213.99166444737634,81.43334703837762
sync,1,214.05835067926128,81.31668587796156
sync,1,214.11000647734733,83.16666491651367
sync,1,214.16000983316331,83.05002395017073
sync,1,214.22499835038727,83.13334469586515
sync,1,214.24168122645622,82.60001922475762
sync,1,214.29333702454227,83.08334417081925
sync,1,214.39334373617424,83.08334417081925
sync,1,214.47834265020276,81.48334756342352
sync,1,214.49500289007625,81.50000767374779
sync,1,214.56166648576573,81.45000714870189
sync,1,214.59500960170823,81.91667198443926
sync,1,214.6450129575242,81.80001082402319
sync,1,214.7966754672422,81.58334861351533
sync,1,214.8133357071157,81.58334861351533
sync,1,214.9150174972132,81.36668640300746
sync,1,215.13334360262067,81.28334546323993
sync,1,215.1500038424942,81.6500092488855
sync,1,215.21834251664922,81.51668797814517
sync,1,215.2350027565227,81.55000819879369
sync,1,215.2516629963962,82.13333419494712
sync,1,215.31834922828116,81.83333104467171
sync,1,215.40334814230968,81.70000977393138
sync,1,215.48667197787267,83.33334679604874
sync,1,215.50333221774616,82.78334102054383
sync,1,215.5716708919012,82.86668196031138
sync,1,215.58833113177468,82.80002132494121
sync,1,215.65501736365965,82.93334259568154
sync,1,215.7233334016192,82.98334312072744
sync,1,215.82334011325116,82.28333577008482
sync,1,215.8583356714637,82.3500165995281
sync,1,215.91166654801526,82.41667723489827
sync,1,216.01167325964724,82.66667986012777
sync,1,216.03000857798628,82.38333682017662
sync,1,216.09667217367576,82.45001764961991
sync,1,216.13001528961823,82.400017124574
sync,1,216.29168299773852,79.76666960153862
sync,1,216.30834323761204,79.81667012658453
sync,1,216.32500347748552,79.83335043098191
sync,1,216.41000239151404,80.26667485199764
sync,1,216.42668526758303,80.00001211644387
sync,1,216.4933488632725,80.10001316653567
sync,1,216.51000910314602,80.10001316653567
sync,1,216.56166490123206,80.68333916268911
sync,1,216.59500801717454,80.61667852731894
sync,1,216.628351133117,80.68333916268911
sync,1,216.661671612864,80.58335830667042
sync,1,216.74667052689253,80.54999769787567
sync,1,216.863337478398,81.50000767374779
sync,1,216.89833303661052,81.50000767374779
sync,1,216.9983397482425,80.95000189824287
sync,1,217.03333530645503,80.88334126287272
sync,1,217.133342018087,81.20000452347237
sync,1,217.1500022579605,81.23334493819402
sync,1,217.3016647676785,83.41666754174317
sync,1,217.31834764374747,83.40000743141891
sync,1,217.4200067976495,83.18334522091105
sync,1,217.436667037523,83.46666806678907
sync,1,217.50333063321247,83.41666754174317
sync,1,217.83999876859096,82.75002079989531
sync,1,217.90668500047593,82.71668038517367
sync,1,217.94000548022294,83.13334469586515
sync,1,217.95834079856198,82.66667986012777
sync,1,217.97500103843547,82.68333997045204
sync,1,218.05834751019393,82.6500197498035
sync,1,218.0750077500674,82.43333734522253
sync,1,218.14334642422244,82.53333839531433
sync,1,218.19334978003843,82.38333682017662
sync,1,218.2766736156014,82.71668038517367
sync,1,218.2933338554749,82.70002027484941
sync,1,218.3100167315439,82.75002079989531
sync,1,218.39334056710686,82.3000160744822
sync,1,218.41000080698038,82.33333629513072
sync,1,218.44334392292285,82.33333629513072
sync,1,218.47666440266985,82.16667460966876
sync,1,218.52834283695137,82.21667513471466
sync,1,218.68000534666936,82.3500165995281
sync,1,218.76335181842782,82.70002027484941
sync,1,218.9650176839618,82.36667670985237
sync,1,219.01499840358233,82.80002132494121
sync,1,219.05001659799035,82.78334102054383
sync,1,219.09999731761084,82.95002290007892
sync,1,219.1666835494958,82.50001817466581
sync,1,219.18499623163936,82.51667828499006
sync,1,219.20167910770834,82.55001869971171
sync,1,219.28667802173686,82.28333577008482
sync,1,219.30333826161035,82.31667618480647
sync,1,219.3866847333688,82.01667303453105
sync,1,219.37000185729983,82.48333787026843
sync,1,219.40334497324233,82.03333314485532
sync,1,219.48834388727084,82.2500155494363
sync,1,219.52166436701785,82.16667460966876
sync,1,219.55500748296032,81.38334651333172
sync,1,219.6216710786498,81.46668745309927
sync,1,219.86000758086186,81.36668640300746
sync,1,219.89335069680433,81.00000242328878
sync,1,219.94333141642485,81.23334493819402
sync,1,220.11167680221183,81.33334598828583
sync,1,220.14499728195884,81.63334913856123
sync,1,220.1950006377748,81.56668850319107
sync,1,220.21168351384378,81.53334808846942
sync,1,220.24667907205634,81.85001134906909
sync,1,220.2966824278723,81.66668955328286
sync,1,220.31334266774581,81.6500092488855
sync,1,220.39666650330878,82.03333314485532
sync,1,220.41500182164782,82.0000129242068
sync,1,220.54334905002113,82.01667303453105
sync,1,220.64333312545762,82.85002184998712
sync,1,220.6766762414001,82.88334207063563
sync,1,220.7783353953021,82.08333366990122
sync,1,220.89500234680756,82.58333892036023
sync,1,220.92834546275006,82.2500155494363
sync,1,220.99668413690506,82.11667408462286
sync,1,221.03000461665206,82.16667460966876
sync,1,221.08168305093358,82.2500155494363
sync,1,221.0983432908071,81.80001082402319
sync,1,221.16500688649657,81.91667198443926
sync,1,221.40001586797302,82.28333577008482
sync,1,221.43501142618558,82.71668038517367
sync,1,221.50167502187506,82.70002027484941
sync,1,221.56833861756454,82.33333629513072
sync,1,221.68668064753552,81.26668535291566
sync,1,221.786664722972,81.98333261980942
sync,1,221.803347599041,81.9500123991609
sync,1,221.90500675294302,80.44999664778386
sync,1,221.9216669928165,80.81668062750255
sync,1,222.0900123786035,80.83334073782682
sync,1,222.106672618477,81.23334493819402
sync,1,222.15667597429297,80.71667957741074
sync,1,222.225014648448,80.66667905236484
sync,1,222.32499872388448,79.76666960153862
sync,1,222.34168159995346,79.80001001626027
sync,1,222.37500207970047,79.83335043098191
sync,1,222.39168495576945,79.75000949121437
sync,1,222.46000099372898,79.65000844112257
sync,1,222.47668386979797,79.71666907649272
sync,1,222.49334410967145,79.75000949121437
sync,1,222.52000954794724,79.6333483307983
sync,1,222.54334746548744,79.25002443482848
sync,1,222.59335082130343,79.55000739103076
sync,1,222.64500661938948,80.56667800227305
sync,1,222.72833045495244,80.51667747722715
sync,1,222.83001224504994,80.61667852731894
sync,1,222.9300189566819,82.06667355957696
sync,1,222.9633394364289,82.0500134492527
sync,1,223.06499859033093,82.23333524503892
sync,1,223.11500194614692,81.91667198443926
sync,1,223.1483450620894,82.01667303453105
sync,1,223.16668038042843,82.01667303453105
sync,1,223.2500042159914,82.51667828499006
sync,1,223.2666644558649,82.50001817466581
sync,1,223.4683303213989,83.06666386642186
sync,1,223.48501319746788,83.05002395017073
sync,1,223.51833367721488,82.6500197498035
sync,1,223.55167679315736,83.18334522091105
sync,1,223.7383348610879,82.2000150243904
sync,1,223.77333041930044,82.23333524503892
sync,1,223.89167244927143,82.13333419494712
sync,1,224.07667807493192,81.31668587796156
sync,1,224.0933383148054,81.63334913856123
sync,1,224.17833722883395,81.13334388810222
sync,1,224.21168034477643,81.21668482786976
sync,1,224.24500082452343,81.10000347338058
sync,1,224.2616837005924,81.08334336305631
sync,1,224.2950041803394,81.43334703837762
sync,1,224.32999973855195,81.20000452347237
sync,1,224.50334772354006,81.18334441314812
sync,1,224.5216830418791,81.55000819879369
sync,1,224.57166376149962,81.10000347338058
sync,1,224.7266764281487,81.83333104467171
sync,1,224.77833222623474,81.7333299945799
sync,1,224.79501510230372,81.70000977393138
sync,1,224.8949991777402,81.38334651333172
sync,1,224.97999809176872,81.51668797814517
sync,1,224.9966809678377,81.56668850319107
sync,1,225.0300014475847,81.46668745309927
sync,1,225.0466843236537,81.40000662365598
sync,1,225.1483434775557,82.23333524503892
sync,1,225.16500371742922,82.16667460966876
sync,1,225.31501378487715,82.1500144993445
sync,1,225.40001269890567,82.36667670985237
sync,1,225.45001605472166,82.08333366990122
sync,1,225.48333653446863,81.6500092488855
sync,1,225.53333989028462,81.7333299945799
sync,1,225.5500001301581,81.7333299945799
sync,1,225.60167856443965,82.16667460966876
sync,1,225.63499904418666,81.98333261980942
sync,1,225.82000466984712,82.83334154558973
sync,1,225.87168310412864,82.80002132494121
sync,1,225.90500358387564,82.90002237503302
sync,1,225.92166382374916,82.96666281633006
sync,1,225.95500693969163,82.83334154558973
sync,1,226.00501029550762,82.45001764961991
sync,1,226.04000585372015,82.56667881003597
sync,1,226.19166836343814,82.90002237503302
sync,1,226.20835123950712,82.88334207063563
sync,1,226.24167171925413,82.90002237503302
sync,1,226.29167507507012,82.43333734522253
sync,1,226.32667063328265,82.45001764961991
sync,1,226.4433375847881,82.81668143526548
sync,1,226.45999782466163,82.75002079989531
sync,1,226.52833649881663,83.15002500026252
sync,1,226.6116829705751,82.75002079989531
sync,1,226.6283432104486,82.91668248535727
sync,1,226.6450034503221,82.83334154558973
sync,1,226.74333508348852,82.33333629513072
sync,1,226.7933384393045,81.98333261980942
sync,1,226.87833735333302,82.06667355957696
sync,1,226.9450009490225,81.96669270355828
sync,1,226.97834406496497,82.0500134492527
sync,1,227.07835077659695,82.43333734522253
sync,1,227.11334633480948,82.48333787026843
sync,1,227.21333041024596,81.80001082402319
sync,1,227.26333376606195,81.85001134906909
sync,1,227.34833268009046,82.28333577008482
sync,1,227.6000019014404,82.2000150243904
sync,1,227.6666654971299,81.61668902823696
sync,1,227.68334837319887,82.01667303453105
sync,1,227.78668260556645,82.1000139742986
sync,1,227.80334284543994,82.38333682017662
sync,1,227.854998643526,81.86669165346648
sync,1,227.98834847110044,81.88333156971761
sync,1,228.00500871097393,81.900011874115
sync,1,228.12335074094491,81.00000242328878
sync,1,228.2233348163814,81.68332946953402
sync,1,228.3250166064789,81.63334913856123
sync,1,228.42500068191538,80.28335515639502
sync,1,228.5433427118864,80.18335410630321
sync,1,228.56000295175988,80.25001474167338
sync,1,228.6783449817309,81.28334546323993
sync,1,228.72834833754686,81.25000504851828
sync,1,228.8266799707133,80.44999664778386
sync,1,228.8433402105868,80.46667695218125
sync,1,228.8600004504603,80.86668115254845
sync,1,228.91000380627628,80.54999769787567
sync,1,228.92666404614977,80.23335463134912
sync,1,228.9950027203048,80.28335515639502
sync,1,229.02834583624727,80.21667432695173
sync,1,229.11166967181026,81.10000347338058
sync,1,229.12832991168375,81.05000294833468
sync,1,229.19666858583878,80.69999927301336
sync,1,229.21335146190776,80.74999979805926
sync,1,229.23001170178125,80.78334021278091
sync,1,229.31333553734424,80.25001474167338
sync,1,229.39833445137276,81.38334651333172
sync,1,229.53333672121727,81.21668482786976
sync,1,229.58501515549878,81.21668482786976
sync,1,229.68499923093526,80.61667852731894
sync,1,229.7516854628202,80.64999874796747
sync,1,229.87000485659573,81.45000714870189
sync,1,229.90334797253823,81.81669112842057
sync,1,229.92000821241172,81.75001029897729
sync,1,230.02166736631375,82.2000150243904
sync,1,230.08833096200323,81.16668430282385
sync,1,230.14000939628474,81.23334493819402
sync,1,230.15666963615826,81.53334808846942
sync,1,230.20667299197422,81.03334283801041
sync,1,230.24001610791672,80.95000189824287
sync,1,230.2733365876637,81.51668797814517
sync,1,230.32333994347968,81.50000767374779
sync,1,230.3916786176347,81.33334598828583
sync,1,230.4083388575082,81.43334703837762
sync,1,230.47500245319767,81.06668325273206
sync,1,230.4416819734507,81.50000767374779
sync,1,230.50834556914018,81.08334336305631
sync,1,230.8533438244554,81.86669165346648
sync,1,230.94499777995512,81.91667198443926
sync,1,231.0116840118401,80.98334231296451
sync,1,231.0450044915871,81.00000242328878
sync,1,231.1466636454891,81.96669270355828
sync,1,231.16334652155808,81.9500123991609
sync,1,231.1800067614316,81.96669270355828
sync,1,231.23001011724756,82.50001817466581
sync,1,231.26333059699456,82.16667460966876
sync,1,231.38167262696558,82.03333314485532
sync,1,231.39833286683907,82.01667303453105
sync,1,231.51499981834453,83.08334417081925
sync,1,231.53333513668358,82.68333997045204
sync,1,231.55001801275256,82.68333997045204
sync,1,231.56667825262605,82.400017124574
sync,1,231.63334184831552,82.53333839531433
sync,1,231.95167466535497,82.66667986012777
sync,1,232.02001333951,83.58334942127826
sync,1,232.053333819257,83.5000084815107
sync,1,232.11999741494648,83.53334889623235
sync,1,232.23666436645195,82.3000160744822
sync,1,232.27000748239442,82.75002079989531
sync,1,232.32166328048046,82.70002027484941
sync,1,232.5216767037444,82.41667723489827
sync,1,232.5733325018304,82.88334207063563
sync,1,232.6066756177729,82.58333892036023
sync,1,232.64001873371538,82.58333892036023
sync,1,232.72334256927837,82.2000150243904
sync,1,232.74000280915186,82.21667513471466
sync,1,232.79000616496785,82.21667513471466
sync,1,232.87500507899637,81.85001134906909
sync,1,232.89166531886985,81.86669165346648
sync,1,232.90834819493884,81.93333209476351
sync,1,232.92833595554794,81.900011874115
sync,1,233.06333822539244,81.06668325273206
sync,1,233.1466846971509,80.23335463134912
sync,1,233.16334493702442,80.54999769787567
sync,1,233.1800051768979,80.59999822292157
sync,1,233.28166433079994,81.36668640300746
sync,1,233.3650108025584,81.35000609861008
sync,1,233.4333494767134,81.55000819879369
sync,1,233.4666699564604,81.63334913856123
sync,1,233.5166733122764,81.53334808846942
sync,1,233.53333355214988,81.51668797814517
sync,1,233.59999714783936,80.56667800227305
sync,1,233.65000050365535,80.78334021278091
sync,1,233.70167893793686,80.71667957741074
sync,1,233.81834588944233,80.16667380190583
sync,1,233.85166636918933,80.48335725657863
sync,1,233.90166972500532,80.39999612273796
sync,1,233.98501619676378,80.53335778162453
sync,1,234.2383378603838,82.0500134492527
sync,1,234.27168097632628,82.0000129242068
sync,1,234.47334684186026,81.61668902823696
sync,1,234.74167630308372,82.85002184998712
sync,1,234.52335019767622,81.56668850319107
sync,1,234.79333210116977,82.55001869971171
sync,1,234.81001497723875,82.51667828499006
sync,1,234.87667857292823,82.01667303453105
sync,1,234.89333881280172,82.0500134492527
sync,1,234.99499796670375,82.0000129242068
sync,1,235.0950046783357,81.50000767374779
sync,1,235.19501138996765,81.48334756342352
sync,1,235.22833186971465,81.08334336305631
sync,1,235.2800103039962,81.18334441314812
sync,1,235.34667389968567,81.03334283801041
sync,1,235.36333413955916,81.05000294833468
sync,1,235.46334085119113,81.40000662365598
sync,1,235.48000109106462,81.38334651333172
sync,1,235.53167952534614,80.61667852731894
sync,1,235.58168288116212,80.86668115254845
sync,1,235.5983431210356,80.86668115254845
sync,1,235.61500336090913,81.26668535291566
sync,1,235.6816669565986,81.20000452347237
sync,1,235.71501007254108,81.20000452347237
sync,1,235.7316703124146,81.11668377777795
sync,1,235.76666587062712,81.06668325273206
sync,1,235.8000089865696,80.98334231296451
sync,1,235.8666725822591,81.45000714870189
sync,1,236.0183350919771,81.05000294833468
sync,1,236.10168156373555,81.63334913856123
sync,1,236.11834180360904,81.58334861351533
sync,1,236.20166563917203,81.21668482786976
sync,1,236.2350087551145,81.6000087238396
sync,1,236.27000431332704,81.08334336305631
sync,1,236.30334742926954,81.21668482786976
sync,1,236.40333150470602,80.95000189824287
sync,1,236.47167017886102,80.98334231296451
sync,1,236.48833041873453,80.58335830667042
sync,1,236.521673534677,81.23334493819402
sync,1,236.55501665061948,80.81668062750255
sync,1,236.62168024630898,80.91668167759435
sync,1,236.72166432174544,80.59999822292157
sync,1,236.89000970753244,81.31668587796156
sync,1,236.92333018727942,81.23334493819402
sync,1,236.9733335430954,80.76668010245665
sync,1,237.00667665903788,80.95000189824287
sync,1,237.0750153331929,80.96668220264026
sync,1,237.17667448709494,80.43335673153273
sync,1,237.21167004530747,80.44999664778386
sync,1,237.31167675693945,81.31668587796156
sync,1,237.32833699681294,80.78334021278091
sync,1,237.3950005925024,81.05000294833468
sync,1,237.44667902678393,81.13334388810222
sync,1,237.47999950653093,81.03334283801041
sync,1,237.49668238259991,81.05000294833468
sync,1,237.5633459782894,81.86669165346648
sync,1,237.61334933410538,81.80001082402319
sync,1,237.6483448923179,81.88333156971761
sync,1,237.74835160394989,82.28333577008482
sync,1,237.9166743535414,82.31667618480647
sync,1,237.99999818910436,83.11666439146776
sync,1,238.03334130504683,83.01666334137596
sync,1,238.13500045894887,83.05002395017073
sync,1,238.15168333501785,82.75002079989531
sync,1,238.18500381476485,83.18334522091105
sync,1,238.20166405463834,83.18334522091105
sync,1,238.25166741045433,83.11666439146776
sync,1,238.3183310061438,82.66667986012777
sync,1,238.3350138822128,83.00002342512482
sync,1,238.68834225746477,81.63334913856123
sync,1,238.78834896909672,80.88334126287272
sync,1,238.80500920897023,80.90000137319697
sync,1,238.8883330445332,81.00000242328878
sync,1,238.97333195856172,80.6333386376432
sync,1,239.0733386701937,80.64999874796747
sync,1,239.12334202600968,80.23335463134912
sync,1,239.15668514195215,80.56667800227305
sync,1,239.24666401898634,80.51667747722715
sync,1,239.26334689505532,80.23335463134912
sync,1,239.2800071349288,80.64999874796747
sync,1,239.3300104907448,80.30001526671929
sync,1,239.3800138465608,80.54999769787567
sync,1,239.43001720237675,79.81667012658453
sync,1,239.46333768212375,79.83335043098191
sync,1,239.4816730004628,79.85001054130616
sync,1,239.61500019184174,80.73333968773501
sync,1,239.63168306791073,80.73333968773501
sync,1,239.64834330778424,80.21667432695173
sync,1,239.71500690347372,80.61667852731894
sync,1,239.7483500194162,80.68333916268911
sync,1,239.81666605737573,81.08334336305631
sync,1,239.8333489334447,81.06668325273206
sync,1,239.9000125291342,80.93334178791861
sync,1,239.9166727690077,81.23334493819402
sync,1,239.9333330088812,80.85000084815107
sync,1,239.96835120328922,80.85000084815107
sync,1,240.0683352787257,80.83334073782682
sync,1,240.08501815479468,80.33335568144092
sync,1,240.15333419275422,80.59999822292157
sync,1,240.1700170688232,80.61667852731894
sync,1,240.18667730869672,80.23335463134912
sync,1,240.2533409043862,80.28335515639502
sync,1,240.33666473994916,80.96668220264026
sync,1,240.37000785589163,80.91668167759435
sync,1,240.38666809576515,80.54999769787567
sync,1,240.4050034141042,81.30000557356418
sync,1,240.43834653004666,80.96668220264026
sync,1,240.52167036560965,80.91668167759435
sync,1,240.63833731711512,80.83334073782682
sync,1,240.72333623114363,81.61668902823696
sync,1,240.74001910721262,81.38334651333172
sync,1,240.84167826111462,81.28334546323993
sync,1,240.85833850098814,81.38334651333172
sync,1,240.87499874086163,80.98334231296451
sync,1,241.06000436652212,81.38334651333172
sync,1,241.0766646063956,81.26668535291566
sync,1,241.16001107815407,81.86669165346648
sync,1,241.17667131802756,81.43334703837762
sync,1,241.2283497523091,81.86669165346648
sync,1,241.36167694368805,81.86669165346648
sync,1,241.39499742343506,81.46668745309927
sync,1,241.43001561784308,81.83333104467171
sync,1,241.44667585771657,82.23333524503892
sync,1,241.51333945340605,82.1500144993445
sync,1,241.52999969327956,81.98333261980942
sync,1,241.5966859251645,82.06667355957696
sync,1,241.68168483919303,82.16667460966876
sync,1,241.7483484348825,80.95000189824287
sync,1,241.7816689146295,81.21668482786976
sync,1,241.88167562626148,81.25000504851828
sync,1,241.94833922195096,81.71669007832877
sync,1,241.96499946182445,81.63334913856123
sync,1,242.06668125192195,81.56668850319107
sync,1,242.16666532735843,80.68333916268911
sync,1,242.1833482034274,80.68333916268911
sync,1,242.2000084433009,81.10000347338058
sync,1,242.21666868317442,80.64999874796747
sync,1,242.2500117991169,80.64999874796747
sync,1,242.3683311928924,80.74999979805926
sync,1,242.4683379045244,81.18334441314812
sync,1,242.50168102046686,81.21668482786976
sync,1,242.51834126034035,80.78334021278091
sync,1,242.58667993449538,80.93334178791861
sync,1,242.60334017436887,80.93334178791861
sync,1,242.68666400993186,80.33335568144092
sync,1,242.73666736574785,81.56668850319107
sync,1,242.78834580002936,81.48334756342352
sync,1,242.93833323128183,81.43334703837762
sync,1,243.05500018278727,80.34999559769206
sync,1,242.9716763472243,81.48334756342352
sync,1,243.1066786170688,80.54999769787567
sync,1,243.22334556857427,81.33334598828583
sync,1,243.30666940413724,81.20000452347237
sync,1,243.3633504376199,81.01668272768616
sync,1,243.4633345130564,80.00001211644387
sync,1,243.52999810874587,80.48335725657863
sync,1,243.5983367829009,80.41667642713534
sync,1,243.61501965896986,80.46667695218125
sync,1,243.73166397427985,81.00000242328878
sync,1,243.7983502061648,80.96668220264026
sync,1,243.90000936006683,80.59999822292157
sync,1,243.91666959994032,80.6333386376432
sync,1,243.9333524760093,80.33335568144092
sync,1,243.9833331956298,80.44999664778386
sync,1,244.06833210965834,81.21668482786976
sync,1,244.08501498572733,80.93334178791861
sync,1,244.10167522560081,80.91668167759435
sync,1,244.1516785814168,81.31668587796156
sync,1,244.18667413962933,81.26668535291566
sync,1,244.20333437950285,81.26668535291566
sync,1,244.23667749544532,81.63334913856123
sync,1,244.26999797519233,81.38334651333172
sync,1,244.28668085126128,80.98334231296451
sync,1,244.35334444695079,81.03334283801041
sync,1,244.4550036008528,81.66668955328286
sync,1,244.48834671679526,81.6500092488855
sync,1,244.74001593814523,81.00000242328878
sync,1,244.77333641789224,81.08334336305631
sync,1,244.8066795338347,80.80000032310517
sync,1,244.82333977370823,81.13334388810222
sync,1,244.8566828896507,80.88334126287272
sync,1,244.92334648534018,80.85000084815107
sync,1,244.99001008102965,80.39999612273796
sync,1,245.00667032090317,80.43335673153273
sync,1,245.0250056392422,80.81668062750255
sync,1,245.07500899505817,80.33335568144092
sync,1,245.0916692349317,80.59999822292157
sync,1,245.12501235087416,80.58335830667042
sync,1,245.17501570669015,80.01667222676814
sync,1,245.2250190625061,80.03335253116552
sync,1,245.24167930237962,79.71666907649272
sync,1,245.2916826581956,80.31667537704354
sync,1,245.4800158045917,80.25001474167338
sync,1,245.57999988002817,80.95000189824287
sync,1,245.61334299597064,81.36668640300746
sync,1,245.69834190999916,81.23334493819402
sync,1,245.78166574556215,81.30000557356418
sync,1,245.79834862163113,81.33334598828583
sync,1,245.86666465959067,81.70000977393138
sync,1,245.88334753565965,81.68332946953402
sync,1,245.95001113134913,81.76669060337467
sync,1,246.06833052512465,82.56667881003597
sync,1,246.08501340119363,82.53333839531433
sync,1,246.10167364106712,82.68333997045204
sync,1,246.11833388094064,82.68333997045204
sync,1,246.1516769968831,82.6500197498035
sync,1,246.1683372367566,83.11666439146776
sync,1,246.23667591091163,82.80002132494121
sync,1,246.25333615078512,82.81668143526548
sync,1,246.3533428624171,83.21666544155957
sync,1,246.42000645810657,83.26666596660546
sync,1,246.5216656120086,83.33334679604874
sync,1,246.55500872795108,83.28334627100284
sync,1,246.58835184389355,83.35000690637301
sync,1,246.62167232364055,82.88334207063563
sync,1,246.67167567945654,83.05002395017073
sync,1,246.7549995150195,82.98334312072744
sync,1,246.82333818917454,82.2000150243904
sync,1,246.856681305117,82.45001764961991
sync,1,246.890001784864,82.48333787026843
sync,1,246.9566653805535,82.06667355957696
sync,1,246.97334825662247,82.08333366990122
sync,1,247.02335161243846,82.13333419494712
sync,1,247.04001185231195,82.06667355957696
sync,1,247.091667650398,82.0000129242068
sync,1,247.19167436202994,82.53333839531433
sync,1,247.20833460190346,82.53333839531433
sync,1,247.31001639200096,81.66668955328286
sync,1,247.54667781574747,81.53334808846942
sync,1,247.57999829549448,81.6000087238396
sync,1,247.69666524699994,80.51667747722715
sync,1,247.71500056533898,80.51667747722715
sync,1,247.74834368128145,80.18335410630321
sync,1,247.78166416102846,80.25001474167338
sync,1,247.84835039291343,80.95000189824287
sync,1,247.8816708726604,80.93334178791861
sync,1,247.9150139886029,80.91668167759435
sync,1,248.0166731425049,81.30000557356418
sync,1,248.0666764983209,81.40000662365598
sync,1,248.10001961426337,81.06668325273206
sync,1,248.1500003338839,81.08334336305631
sync,1,248.16668320995285,81.11668377777795
sync,1,248.23334680564236,80.61667852731894
sync,1,248.25000704551584,80.91668167759435
sync,1,248.28500260372837,80.81668062750255
sync,1,248.38500931536035,80.49999717282977
sync,1,248.47000822938887,80.71667957741074
sync,1,248.53667182507834,80.34999559769206
sync,1,248.55333206495186,80.36667590208944
sync,1,248.58835025935986,80.34999559769206
sync,1,248.70501721086532,81.85001134906909
sync,1,248.72167745073884,81.81669112842057
sync,1,248.73833769061233,82.1000139742986
sync,1,248.7716808065548,81.53334808846942
sync,1,248.87333996045683,80.76668010245665
sync,1,248.97334667208878,80.71667957741074
sync,1,249.07500582599081,80.53335778162453
sync,1,249.1083489419333,80.88334126287272
sync,1,249.15835229774927,80.86668115254845
sync,1,249.17501253762276,80.85000084815107
sync,1,249.30833972900174,82.31667618480647
sync,1,249.40999888290375,82.3000160744822
sync,1,249.46000223871974,81.75001029897729
sync,1,249.4933453546622,82.06667355957696
sync,1,249.76334989435122,81.6500092488855
sync,1,249.7800101342247,81.26668535291566
sync,1,249.81333061397171,82.18333471999303
sync,1,249.8300134900407,81.83333104467171
sync,1,249.8466737299142,81.7833305196258
sync,1,249.8633339697877,82.06667355957696
sync,1,249.92999756547718,81.85001134906909
sync,1,249.96334068141965,81.80001082402319
sync,1,250.03167935557468,81.26668535291566
sync,1,250.0649998353217,81.30000557356418
sync,1,250.13168606720663,81.26668535291566
sync,1,250.14834630708015,81.30000557356418
sync,1,250.2483530187121,81.21668482786976
sync,1,250.36667241248762,79.60000791607666
sync,1,250.38333265236113,79.61666802640093
sync,1,250.4333360081771,79.66666855144682
sync,1,250.51668247993555,80.16667380190583
sync,1,250.6183416338376,80.10001316653567
sync,1,250.71834834546954,79.61666802640093
sync,1,250.75166882521654,79.6333483307983
sync,1,250.88667109506105,80.91668167759435
sync,1,250.9700175668195,80.90000137319697
sync,1,250.986677806693,81.18334441314812
sync,1,251.05501648084802,81.08334336305631
sync,1,251.08833696059503,81.13334388810222
sync,1,251.1216800765375,81.05000294833468
sync,1,251.22333923043954,81.01668272768616
sync,1,251.256682346382,81.05000294833468
sync,1,251.306685702198,82.56667881003597
sync,1,251.37334929788747,82.0500134492527
sync,1,251.59167540329494,81.83333104467171
sync,1,251.62501851923741,81.88333156971761
sync,1,251.65833899898442,82.2000150243904
sync,1,251.71334495400154,82.13333419494712
sync,1,251.73000519387506,82.23333524503892
sync,1,251.78000854969105,82.16667460966876
sync,1,251.89667550119648,81.05000294833468
sync,1,251.9650141753515,80.96668220264026
sync,1,252.064998250788,80.44999664778386
sync,1,252.13333692494302,80.44999664778386
sync,1,252.1499971648165,80.49999717282977
sync,1,252.3183425506035,80.61667852731894
sync,1,252.41834926223547,81.11668377777795
sync,1,252.43500950210895,81.16668430282385
sync,1,252.50167309779843,80.43335673153273
sync,1,252.53501621374093,80.61667852731894
sync,1,252.68667872345893,80.49999717282977
sync,1,252.7700025590219,80.68333916268911
sync,1,252.78668543509087,80.64999874796747
sync,1,252.90335238659634,82.0000129242068
sync,1,252.97166842455587,82.01667303453105
sync,1,253.07167513618785,82.58333892036023
sync,1,253.17333429008985,82.70002027484941
sync,1,253.19001716615884,82.56667881003597
sync,1,253.25668076184832,82.66667986012777
sync,1,253.3566648372848,82.80002132494121
sync,1,253.40834327156634,82.46667775994416
sync,1,253.4416863875088,82.48333787026843
sync,1,253.55835333901427,83.26666596660546
sync,1,253.64167717457724,83.15002500026252
sync,1,253.6766727327898,83.26666596660546
sync,1,253.72667608860576,83.01666334137596
sync,1,253.768349324485,83.05002395017073
sync,1,253.89667391666282,83.01666334137596
sync,1,253.98167283069134,82.60001922475762
sync,1,253.99833307056483,82.6500197498035
sync,1,254.13168289813927,82.98334312072744
sync,1,254.19834649382875,82.400017124574
sync,1,254.23334205204128,82.48333787026843
sync,1,254.38335211948925,82.51667828499006
sync,1,254.43333283910974,82.88334207063563
sync,1,254.46835103351776,82.78334102054383
sync,1,254.63499870464372,82.58333892036023
sync,1,254.65333402298276,82.61667933508187
sync,1,254.7533407346147,82.95002290007892
sync,1,254.8033440904307,82.78334102054383
sync,1,254.88666792599366,82.11667408462286
sync,1,254.90335080206265,82.1500144993445
sync,1,255.00500995596468,82.71668038517367
sync,1,255.08833379152765,82.80002132494121
sync,1,255.1716802632861,82.80002132494121
sync,1,255.28999965706163,81.23334493819402
sync,1,255.3733461288201,80.93334178791861
sync,1,255.3900063686936,80.95000189824287
sync,1,255.45666996438308,81.01668272768616
sync,1,255.5916722342276,81.20000452347237
sync,1,255.67501870598605,80.15001369158158
sync,1,255.72499942560654,80.18335410630321
sync,1,255.77667785988805,80.15001369158158
sync,1,255.82668121570404,80.68333916268911
sync,1,255.8783370137901,80.61667852731894
sync,1,255.89501988985907,80.11667327685994
sync,1,255.9633359278186,80.23335463134912
sync,1,256.1149984375366,79.98335200611962
sync,1,256.1483415534791,79.93335148107371
sync,1,256.1650017933526,79.5833478057524
sync,1,256.18168466942154,79.98335200611962
sync,1,256.1983449092951,79.93335148107371
sync,1,256.3166643030706,81.6500092488855
sync,1,256.3333471791396,81.900011874115
sync,1,256.40001077482907,81.80001082402319
sync,1,256.450014130645,81.71669007832877
sync,1,256.5850164004895,81.51668797814517
sync,1,256.70333579426506,82.66667986012777
sync,1,256.7866822660235,82.33333629513072
sync,1,256.8200027457705,82.36667670985237
sync,1,256.85334586171297,82.28333577008482
sync,1,256.88666634146,82.2500155494363
sync,1,256.92000945740244,82.46667775994416
sync,1,256.97334033395407,82.38333682017662
sync,1,257.04000392964355,82.41667723489827
sync,1,257.123350401402,82.0500134492527
sync,1,257.1400106412755,82.06667355957696
sync,1,257.156670881149,82.1000139742986
sync,1,257.1733311210225,82.45001764961991
sync,1,257.24166979517753,82.31667618480647
sync,1,257.2916731509935,82.2000150243904
sync,1,257.3933323048955,81.68332946953402
sync,1,257.44501073917706,81.70000977393138
sync,1,257.51167433486654,81.36668640300746
sync,1,257.52833457474003,81.38334651333172
sync,1,257.5616776906825,81.45000714870189
sync,1,257.578337930556,81.28334546323993
sync,1,257.5949981704295,81.31668587796156
sync,1,257.66168440231445,81.25000504851828
sync,1,257.67834464218794,81.28334546323993
sync,1,257.78000379609,81.31668587796156
sync,1,257.81499935430253,81.61668902823696
sync,1,257.8650027101185,81.36668640300746
sync,1,257.96333434328494,81.53334808846942
sync,1,258.0150127775664,81.86669165346648
sync,1,258.0650161333824,81.81669112842057
sync,1,258.0816763732559,81.6000087238396
sync,1,258.1316797290719,81.85001134906909
sync,1,258.1483399689454,81.85001134906909
sync,1,258.19834332476137,81.28334546323993
sync,1,258.23333888297395,81.50000767374779
sync,1,258.30000247866343,81.46668745309927
sync,1,258.3166853547324,81.51668797814517
sync,1,258.3333455946059,81.9500123991609
sync,1,258.38334895042186,81.21668482786976
sync,1,258.5016683441974,81.63334913856123
sync,1,258.55167170001334,81.35000609861008
sync,1,258.7350022472083,80.53335778162453
sync,1,258.7866806814898,80.58335830667042
sync,1,258.8033409213633,80.61667852731894
sync,1,258.8366840373058,80.51667747722715
sync,1,258.8533442771793,80.48335725657863
sync,1,258.9533509888113,80.85000084815107
sync,1,259.02001458450076,80.91668167759435
sync,1,259.03667482437424,80.53335778162453
sync,1,259.0883532586558,81.01668272768616
sync,1,259.15501685434526,81.10000347338058
sync,1,259.2049975739657,81.6000087238396
sync,1,259.2400157683738,81.51668797814517
sync,1,259.33999984381023,81.66668955328286
sync,1,259.3916782780918,82.06667355957696
sync,1,259.42499875783875,81.7333299945799
sync,1,259.50834522959724,81.66668955328286
sync,1,259.61000438349924,82.1500144993445
sync,1,259.64334749944175,82.1000139742986
sync,1,259.7100110951312,82.80002132494121
sync,1,259.7266713350047,82.41667723489827
sync,1,259.77834976928625,82.38333682017662
sync,1,259.8783338447227,81.30000557356418
sync,1,259.8950167207917,81.31668587796156
sync,1,260.0166862714983,81.36668640300746
sync,1,260.0466792305097,80.90000137319697
sync,1,260.0966825863257,81.30000557356418
sync,1,260.3666644898192,80.95000189824287
sync,1,260.3833473658882,80.98334231296451
sync,1,260.4000076057617,80.56667800227305
sync,1,260.4333507217042,81.26668535291566
sync,1,260.4500109615777,81.23334493819402
sync,1,260.63501658723817,80.90000137319697
sync,1,260.7366757411402,80.10001316653567
sync,1,260.8700029325191,81.45000714870189
sync,1,260.92168136680067,81.51668797814517
sync,1,261.0216654422371,80.69999927301336
sync,1,261.03834831830613,80.71667957741074
sync,1,261.0550085581796,81.18334441314812
sync,1,261.1050119139956,80.80000032310517
sync,1,261.1900108280241,80.34999559769206
sync,1,261.2233313077711,80.41667642713534
sync,1,261.32501309786863,80.54999769787567
sync,1,261.3916766935581,80.20001421662748
sync,1,261.44168004937404,80.74999979805926
sync,1,261.4750005291211,80.31667537704354
sync,1,261.5933425590921,80.34999559769206
sync,1,261.6100027989656,80.31667537704354
sync,1,261.62668567503454,80.01667222676814
sync,1,261.66000615478157,80.69999927301336
sync,1,261.67666639465506,80.73333968773501
sync,1,261.7283448289366,81.23334493819402
sync,1,261.7616653086836,81.21668482786976
sync,1,261.77834818475253,81.23334493819402
sync,1,261.8800073386546,80.76668010245665
sync,1,261.9316857729361,80.81668062750255
sync,1,262.0316698483726,81.55000819879369
sync,1,262.04835272444154,81.55000819879369
sync,1,262.06501296431503,81.08334336305631
sync,1,262.130001481539,81.41668692805337
sync,1,262.24834351151,81.98333261980942
sync,1,262.31500710719945,81.26668535291566
sync,1,262.34835022314195,81.31668587796156
sync,1,262.381670702889,81.6500092488855
sync,1,262.43334913717047,81.58334861351533
sync,1,262.4666696169175,81.51668797814517
sync,1,262.50001273285994,81.98333261980942
sync,1,262.55001608867593,81.96669270355828
sync,1,262.63501500270445,82.03333314485532
sync,1,262.65167524257794,82.33333629513072
sync,1,262.72001391673297,82.16667460966876
sync,1,262.73667415660645,82.18333471999303
sync,1,262.803337752296,81.86669165346648
sync,1,262.8199979921695,82.2000150243904
sync,1,262.83668086823843,81.76669060337467
sync,1,262.8533411081119,81.76669060337467
sync,1,262.87167642645096,81.51668797814517
sync,1,262.90501954239346,81.88333156971761
sync,1,262.92167978226695,81.83333104467171
sync,1,263.00500361782997,81.85001134906909
sync,1,263.14168096614,82.45001764961991
sync,1,263.2416650415765,82.11667408462286
sync,1,263.25834791764544,82.1000139742986
sync,1,263.3250115133349,82.76668091021958
sync,1,263.35833199308195,82.70002027484941
sync,1,263.3750148691509,82.68333997045204
sync,1,263.4600137831794,81.96669270355828
sync,1,263.4766740230529,82.03333314485532
sync,1,263.61335137136297,82.08333366990122
sync,1,263.64667185111,81.6500092488855
sync,1,263.69667520692593,81.75001029897729
sync,1,263.83167747677044,82.1500144993445
sync,1,263.8816808325864,82.85002184998712
sync,1,263.9333366306725,82.63333944540614
sync,1,264.1350024962065,81.16668430282385
sync,1,264.15168537227544,81.18334441314812
sync,1,264.2483419269763,81.63334913856123
sync,1,264.3833441968208,81.41668692805337
sync,1,264.4000044366943,81.43334703837762
sync,1,264.4850033507228,82.21667513471466
sync,1,264.50168622679183,82.18333471999303
sync,1,264.6016703022283,81.48334756342352
sync,1,264.6366658604408,81.58334861351533
sync,1,264.6533487365098,81.96669270355828
sync,1,264.72166477446933,81.85001134906909
sync,1,264.73834765053834,81.85001134906909
sync,1,264.8383317259748,81.36668640300746
sync,1,264.9066704001298,81.31668587796156
sync,1,264.9566737559458,81.08334336305631
sync,1,264.9733339958193,81.21668482786976
sync,1,265.07501578591683,81.76669060337467
sync,1,265.11001134412936,81.75001029897729
sync,1,265.16001469994535,82.11667408462286
sync,1,265.17667493981884,81.63334913856123
sync,1,265.27833409372084,80.6333386376432
sync,1,265.34502032560584,80.49999717282977
sync,1,265.3783408053528,80.05001264148977
sync,1,265.4283441611688,80.08335305621141
sync,1,265.49668283532384,80.03335253116552
sync,1,265.5133430751973,80.06667275181404
sync,1,265.5633464310133,80.34999559769206
sync,1,265.5966669107603,80.30001526671929
sync,1,265.6466702665763,80.05001264148977
sync,1,265.6816658247888,80.11667327685994
sync,1,265.7483520566738,80.10001316653567
sync,1,265.8500112105758,80.71667957741074
sync,1,265.9166748062653,80.80000032310517
sync,1,265.9850134804203,81.30000557356418
sync,1,266.0016737202938,81.23334493819402
sync,1,266.0350168362363,81.25000504851828
sync,1,266.0683373159833,81.76669060337467
sync,1,266.1200157502648,81.45000714870189
sync,1,266.1533362300118,81.36668640300746
sync,1,266.1700191060808,81.38334651333172
sync,1,266.2383351440403,82.38333682017662
sync,1,266.25501802010933,81.96669270355828
sync,1,266.2800083799196,81.91667198443926
sync,1,266.39835040989055,82.88334207063563
sync,1,266.4816742454536,81.93333209476351
sync,1,266.49833448532706,81.9500123991609
sync,1,266.5166698036661,81.9500123991609
sync,1,266.5833333993556,80.73333968773501
sync,1,266.60001627542454,80.76668010245665
sync,1,266.616676515298,80.78334021278091
sync,1,266.666679871114,80.98334231296451
sync,1,266.68501518945305,80.61667852731894
sync,1,266.8016821409585,80.58335830667042
sync,1,266.8699981789181,80.15001369158158
sync,1,266.97167996901555,79.4833467556606
sync,1,267.07168668064753,79.41666592621732
sync,1,267.0899993627911,79.3833457055688
sync,1,267.1233424787336,79.60000791607666
sync,1,267.1400027186071,79.20002390978257
sync,1,267.15668559467605,79.23334413043109
sync,1,267.2250016326356,78.23333362951307
sync,1,267.25834474857805,78.26667404423472
sync,1,267.35835146021003,78.86668034478552
sync,1,267.39167193995706,78.90002075950717
sync,1,267.510013969928,78.18333310446717
sync,1,267.5266742098015,78.23333362951307
sync,1,267.54333444967506,79.3333451805229
sync,1,267.60999804536453,79.26666435107961
sync,1,267.67833671951956,79.3833457055688
sync,1,267.7783434311515,79.75000949121437
sync,1,267.82999922923756,79.80001001626027
sync,1,267.88000258505355,79.36666540117142
sync,1,267.8966854611225,79.85001054130616
sync,1,268.13167180640346,80.03335253116552
sync,1,268.21501827816195,81.03334283801041
sync,1,268.23167851803544,81.01668272768616
sync,1,268.2833343161215,80.6333386376432
sync,1,268.31667743206395,80.69999927301336
sync,1,268.4150090652304,80.71667957741074
sync,1,268.51834329759794,82.33333629513072
sync,1,268.55168641354044,81.83333104467171
sync,1,268.5683466534139,81.7833305196258
sync,1,268.5850068932874,81.98333261980942
sync,1,268.6516704889769,81.900011874115
sync,1,268.7533522790744,81.06668325273206
sync,1,268.8366761146374,81.01668272768616
sync,1,268.8533363545109,81.01668272768616
sync,1,268.9716783844819,81.76669060337467
sync,1,269.1233408941999,81.85001134906909
sync,1,269.1733442500159,81.71669007832877
sync,1,269.19000448988936,82.08333366990122
sync,1,269.22334760583186,81.63334913856123
sync,1,269.24000784570535,81.63334913856123
sync,1,269.25666808557884,81.66668955328286
sync,1,269.2750034039179,82.01667303453105
sync,1,269.3083465198604,81.38334651333172
sync,1,269.32500675973387,81.36668640300746
sync,1,269.4100056737624,80.85000084815107
sync,1,269.52667262526785,80.71667957741074
sync,1,269.64501465523887,81.55000819879369
sync,1,269.66167489511236,81.55000819879369
sync,1,269.69501801105486,82.2500155494363
sync,1,269.7449987306753,81.83333104467171
sync,1,269.84668052077285,81.85001134906909
sync,1,269.9633474722783,80.93334178791861
sync,1,269.98168279061736,80.95000189824287
sync,1,270.0816668660538,80.44999664778386
sync,1,270.2200192928294,80.54999769787567
sync,1,270.3549989264784,82.2000150243904
sync,1,270.4416729189725,81.10000347338058
sync,1,270.4816710763862,81.13334388810222
sync,1,270.4983313162597,81.20000452347237
sync,1,270.54833467207567,80.36667590208944
sync,1,270.6000131063572,80.41667642713534
sync,1,270.7516756160752,80.36667590208944
sync,1,270.78501873201765,80.68333916268911
sync,1,270.8016789718912,80.23335463134912
sync,1,270.8183392117647,80.26667485199764
sync,1,270.86834256758067,80.31667537704354
sync,1,270.9183459233966,80.73333968773501
sync,1,270.9533414816092,80.44999664778386
sync,1,270.9700017214827,80.48335725657863
sync,1,271.08666867298814,81.31668587796156
sync,1,271.1383471072696,81.30000557356418
sync,1,271.23833118270613,81.05000294833468
sync,1,271.2900096169877,81.03334283801041
sync,1,271.35667321267715,80.18335410630321
sync,1,271.4066765684931,80.59999822292157
sync,1,271.59333463642366,82.23333524503892
sync,1,271.69501642652114,81.58334861351533
sync,1,271.72833690626817,81.6000087238396
sync,1,271.7450197823371,80.96668220264026
sync,1,271.7966755804232,81.11668377777795
sync,1,271.83001869636564,81.55000819879369
sync,1,271.84667893623913,80.71667957741074
sync,1,271.8633391761127,80.73333968773501
sync,1,271.9316778502677,80.76668010245665
sync,1,271.9483380901412,81.16668430282385
sync,1,271.9649983300147,80.38335620648682
sync,1,271.98168120608364,80.41667642713534
sync,1,272.0483448017731,79.53334728070651
sync,1,272.06668012011215,79.56666750135503
sync,1,272.26834598564614,79.6333483307983
sync,1,272.2850062255197,79.20002390978257
sync,1,272.33668465980116,79.80001001626027
sync,1,272.3866653794217,79.5833478057524
sync,1,272.4200084953642,79.65000844112257
sync,1,272.548333087542,79.55000739103076
sync,1,272.616671761697,78.96666120080421
sync,1,272.6333320015705,79.31666487612551
sync,1,272.66667511751297,79.25002443482848
sync,1,272.68333535738645,79.6333483307983
sync,1,272.71667847332895,79.23334413043109
sync,1,272.73333871320244,79.26666435107961
sync,1,272.7516740315415,79.30000476580126
sync,1,272.785017147484,79.95001159139797
sync,1,272.8349978671045,79.91667117667633
sync,1,272.85168074317346,79.90001106635206
sync,1,272.88500122292044,80.69999927301336
sync,1,272.936679657202,80.59999822292157
sync,1,272.95333989707547,80.59999822292157
sync,1,272.970000136949,80.13335358125731
sync,1,272.98668301301797,80.86668115254845
sync,1,273.00334325289145,80.83334073782682
sync,1,273.03668636883395,81.25000504851828
sync,1,273.0716819270465,81.11668377777795
sync,1,273.17166600248294,80.48335725657863
sync,1,273.27334779258047,80.71667957741074
sync,1,273.29000803245395,80.69999927301336
sync,1,273.3733318680169,81.43334703837762
sync,1,273.408350062425,81.40000662365598
sync,1,273.56001257214297,81.45000714870189
sync,1,273.59333305188994,81.900011874115
sync,1,273.64333640770593,81.48334756342352
sync,1,273.6950148419875,81.46668745309927
sync,1,273.7966739958895,81.85001134906909
sync,1,273.881672909918,81.9500123991609
sync,1,273.89833314979154,81.91667198443926
sync,1,273.931676265734,81.6000087238396
sync,1,273.9666718239465,81.63334913856123
sync,1,274.0666785355785,82.61667933508187
sync,1,274.1350172097335,82.78334102054383
sync,1,274.18499792935404,82.56667881003597
sync,1,274.270019479578,82.56667881003597
sync,1,274.303339959325,82.0500134492527
sync,1,274.353343315141,82.08333366990122
sync,1,274.3700035550145,82.1000139742986
sync,1,274.471685345112,80.93334178791861
sync,1,274.505005824859,80.93334178791861
sync,1,274.573344499014,80.64999874796747
sync,1,274.5900047388875,80.69999927301336
sync,1,274.60834005722654,80.74999979805926
sync,1,274.6833337728528,81.23334493819402
sync,1,274.7000166489218,81.21668482786976
sync,1,274.93500299420276,80.73333968773501
sync,1,274.9516858702717,80.76668010245665
sync,1,274.96834611014526,80.73333968773501
sync,1,275.00166658989224,80.30001526671929
sync,1,275.0533450241738,80.38335620648682
sync,1,275.1533517358057,80.33335568144092
sync,1,275.2050075338918,80.61667852731894
sync,1,275.25501088970776,80.59999822292157
sync,1,275.27167112958125,80.30001526671929
sync,1,275.3050142455237,80.69999927301336
sync,1,275.32334956386273,80.68333916268911
sync,1,275.4400165153682,81.6500092488855
sync,1,275.9283471604647,41.66667339802437
